caseyear,state,st_case,statename,ve_total,ve_forms,pvh_invl,peds,pernotmvit,permvit,persons,county,countyname,city,cityname,day,dayname,month,monthname,year,day_week,day_weekname,hour,hourname,minute,minutename,nhs,nhsname,rur_urb,rur_urbname,func_sys,func_sysname,rd_owner,rd_ownername,route,routename,tway_id,tway_id2,milept,mileptname,latitude,latitudename,longitud,longitudname,sp_jur,sp_jurname,harm_ev,harm_evname,man_coll,man_collname,reljct1,reljct1name,reljct2,reljct2name,typ_int,typ_intname,wrk_zone,wrk_zonename,road_fnc,road_fncname,rel_road,rel_roadname,lgt_cond,lgt_condname,weather1,weather1name,weather2,weather2name,weather,weathername,sch_bus,sch_busname,rail,railname,not_hour,not_hourname,not_min,not_minname,arr_hour,arr_hourname,arr_min,arr_minname,hosp_hr,hosp_hrname,hosp_mn,hosp_mnname,cf1,cf1name,cf2,cf2name,cf3,cf3name,fatals,drunk_dr
2018,27,270070,Minnesota,1,1,0,1,1,1,1,3,ANOKA (3),671,BLAINE,24,24,4,April,2018,3,Tuesday,20,8:00pm-8:59pm,42,42,0,This section IS NOT on the NHS,2,Urban,4,Minor Arterial,1,State Highway Agency,3,State Highway,SR-47,85TH AVE NE,116,116,45.12488611,45.12488611,-93.264569440,-93.264569440,0,No Special Jurisdiction,8,Pedestrian,0,Not a Collision with Motor Vehicle In-Transport,0,No,3,Intersection-Related,2,Four-Way Intersection,0,None,,,1,On Roadway,2,Dark - Not Lighted,1,Clear,0,No Additional Atmospheric Conditions,1,Clear,0,No,0000000,Not Applicable,20,8:00pm-8:59pm,42,42,20,8:00pm-8:59pm,50,50,88,Not Applicable (Not Transported),88,Not Applicable (Not Transported),0,None,0,None,0,None,1,0
2018,27,270071,Minnesota,4,4,0,0,0,4,4,25,CHISAGO (25),0,NOT APPLICABLE,15,15,1,January,2018,2,Monday,6,6:00am-6:59am,8,8,1,This section IS ON the NHS,2,Urban,1,Interstate,1,State Highway Agency,1,Interstate,I-35,,1441,1441,45.45670556,45.45670556,-92.992211110,-92.992211110,0,No Special Jurisdiction,12,Motor Vehicle In-Transport,2,Front-to-Front,0,No,1,Non-Junction,1,Not an Intersection,0,None,,,1,On Roadway,3,Dark - Lighted,10,Cloudy,0,No Additional Atmospheric Conditions,10,Cloudy,0,No,0000000,Not Applicable,6,6:00am-6:59am,10,10,6,6:00am-6:59am,29,29,88,Not Applicable (Not Transported),88,Not Applicable (Not Transported),0,None,0,None,0,None,1,0
2018,27,270072,Minnesota,2,1,1,1,1,2,2,53,HENNEPIN (53),2008,EDEN PRAIRIE,15,15,4,April,2018,1,Sunday,18,6:00pm-6:59pm,54,54,0,This section IS NOT on the NHS,2,Urban,4,Minor Arterial,1,State Highway Agency,3,State Highway,SR-5,,471,471,44.86198056,44.86198056,-93.505750000,-93.505750000,0,No Special Jurisdiction,8,Pedestrian,0,Not a Collision with Motor Vehicle In-Transport,0,No,1,Non-Junction,1,Not an Intersection,0,None,,,3,On Median,1,Daylight,4,Snow,0,No Additional Atmospheric Conditions,4,Snow,0,No,0000000,Not Applicable,18,6:00pm-6:59pm,53,53,19,7:00pm-7:59pm,2,2,19,7:00pm-7:59pm,35,35,23,Indication of a Stalled/Disabled Vehicle,0,None,0,None,1,0
2018,27,270073,Minnesota,1,1,0,0,0,1,1,69,KITTSON (69),4020,LANCASTER,21,21,4,April,2018,7,Saturday,0,0:00am-0:59am,35,35,0,This section IS NOT on the NHS,1,Rural,4,Minor Arterial,1,State Highway Agency,2,U.S. Highway,US-59,,4166,4166,48.85448611,48.85448611,-96.799588890,-96.799588890,0,No Special Jurisdiction,35,Embankment,0,Not a Collision with Motor Vehicle In-Transport,0,No,1,Non-Junction,1,Not an Intersection,0,None,,,4,On Roadside,3,Dark - Lighted,10,Cloudy,0,No Additional Atmospheric Conditions,10,Cloudy,0,No,0000000,Not Applicable,0,0:00am-0:59am,39,39,1,1:00am-1:59am,1,1,1,1:00am-1:59am,35,35,0,None,0,None,0,None,1,1
2018,27,270074,Minnesota,1,1,0,0,0,1,1,53,HENNEPIN (53),2008,EDEN PRAIRIE,25,25,4,April,2018,4,Wednesday,12,12:00pm-12:59pm,40,40,0,This section IS NOT on the NHS,2,Urban,4,Minor Arterial,1,State Highway Agency,3,State Highway,SR-5,,491,491,44.86126944,44.86126944,-93.467030560,-93.467030560,0,No Special Jurisdiction,2,Fire/Explosion,0,Not a Collision with Motor Vehicle In-Transport,1,Yes,18,Through Roadway,1,Not an Intersection,0,None,,,1,On Roadway,1,Daylight,1,Clear,0,No Additional Atmospheric Conditions,1,Clear,0,No,0000000,Not Applicable,99,Unknown,99,Unknown,99,Unknown EMS Scene Arrival Hour,99,Unknown EMS Scene Arrival Minutes,99,Unknown,99,Unknown EMS Hospital Arrival Time,0,None,0,None,0,None,1,0
2018,27,270075,Minnesota,1,1,0,1,1,1,1,41,DOUGLAS (41),130,ALEXANDRIA,19,19,3,March,2018,2,Monday,22,10:00pm-10:59pm,30,30,0,This section IS NOT on the NHS,2,Urban,6,Minor Collector,2,County Highway Agency,4,County Road,CR-46 34TH AVE,,25,25,45.86010278,45.86010278,-95.372644440,-95.372644440,0,No Special Jurisdiction,8,Pedestrian,0,Not a Collision with Motor Vehicle In-Transport,0,No,98,Not Reported,98,Not Reported,0,None,,,98,Not Reported,3,Dark - Lighted,4,Snow,0,No Additional Atmospheric Conditions,4,Snow,0,No,0000000,Not Applicable,22,10:00pm-10:59pm,39,39,22,10:00pm-10:59pm,45,45,23,11:00pm-11:59pm,5,5,0,None,0,None,0,None,1,0
2018,27,270076,Minnesota,1,1,0,0,0,3,3,19,CARVER (19),0,NOT APPLICABLE,15,15,4,April,2018,1,Sunday,22,10:00pm-10:59pm,50,50,1,This section IS ON the NHS,1,Rural,3,Principal Arterial - Other,1,State Highway Agency,2,U.S. Highway,US-212,,1348,1348,44.76769444,44.76769444,-93.850394440,-93.850394440,0,No Special Jurisdiction,34,Ditch,0,Not a Collision with Motor Vehicle In-Transport,0,No,1,Non-Junction,1,Not an Intersection,0,None,,,4,On Roadside,2,Dark - Not Lighted,4,Snow,11,Blowing Snow,4,Snow,0,No,0000000,Not Applicable,22,10:00pm-10:59pm,50,50,23,11:00pm-11:59pm,5,5,23,11:00pm-11:59pm,35,35,0,None,0,None,0,None,1,0
2018,27,270077,Minnesota,2,2,0,0,0,2,2,111,OTTER TAIL (111),0,NOT APPLICABLE,27,27,4,April,2018,6,Friday,5,5:00am-5:59am,38,38,1,This section IS ON the NHS,1,Rural,1,Interstate,1,State Highway Agency,1,Interstate,I-94,,689,689,46.13143611,46.13143611,-95.922005560,-95.922005560,0,No Special Jurisdiction,12,Motor Vehicle In-Transport,1,Front-to-Rear,0,No,1,Non-Junction,1,Not an Intersection,0,None,,,1,On Roadway,6,Dark - Unknown Lighting,1,Clear,0,No Additional Atmospheric Conditions,1,Clear,0,No,0000000,Not Applicable,5,5:00am-5:59am,41,41,5,5:00am-5:59am,56,56,6,6:00am-6:59am,15,15,0,None,0,None,0,None,1,0
2018,27,270078,Minnesota,1,1,0,0,0,1,1,137,ST. LOUIS (137),0,NOT APPLICABLE,2,2,5,May,2018,4,Wednesday,16,4:00pm-4:59pm,47,47,0,This section IS NOT on the NHS,1,Rural,6,Minor Collector,2,County Highway Agency,4,County Road,CR-10 W TRISCHER RD,,37,37,46.88011389,46.88011389,-92.042055560,-92.042055560,0,No Special Jurisdiction,17,Boulder,0,Not a Collision with Motor Vehicle In-Transport,0,No,1,Non-Junction,1,Not an Intersection,0,None,,,4,On Roadside,1,Daylight,1,Clear,0,No Additional Atmospheric Conditions,1,Clear,0,No,0000000,Not Applicable,16,4:00pm-4:59pm,47,47,17,5:00pm-5:59pm,4,4,88,Not Applicable (Not Transported),88,Not Applicable (Not Transported),0,None,0,None,0,None,1,1
2018,27,270079,Minnesota,1,1,0,0,0,1,1,145,STEARNS (145),0,NOT APPLICABLE,29,29,4,April,2018,1,Sunday,17,5:00pm-5:59pm,50,50,0,This section IS NOT on the NHS,1,Rural,4,Minor Arterial,2,County Highway Agency,4,County Road,CR-2,CR-165,51,51,45.39825278,45.39825278,-94.414477780,-94.414477780,0,No Special Jurisdiction,34,Ditch,0,Not a Collision with Motor Vehicle In-Transport,0,No,1,Non-Junction,1,Not an Intersection,0,None,,,4,On Roadside,1,Daylight,1,Clear,0,No Additional Atmospheric Conditions,1,Clear,0,No,0000000,Not Applicable,17,5:00pm-5:59pm,51,51,17,5:00pm-5:59pm,54,54,18,6:00pm-6:59pm,11,11,0,None,0,None,0,None,1,0
2018,27,270080,Minnesota,1,1,0,0,0,1,1,21,CASS (21),1980,EAST GULL LAKE,3,3,5,May,2018,5,Thursday,5,5:00am-5:59am,55,55,0,This section IS NOT on the NHS,1,Rural,6,Minor Collector,2,County Highway Agency,4,County Road,CR-105 GULL LAKE DAM RD,GULL RIVER LA,5,5,46.41267222,46.41267222,-94.351675000,-94.351675000,0,No Special Jurisdiction,1,Rollover/Overturn,0,Not a Collision with Motor Vehicle In-Transport,0,No,3,Intersection-Related,3,T-Intersection,0,None,,,4,On Roadside,4,Dawn,1,Clear,0,No Additional Atmospheric Conditions,1,Clear,0,No,0000000,Not Applicable,5,5:00am-5:59am,57,57,6,6:00am-6:59am,16,16,88,Not Applicable (Not Transported),88,Not Applicable (Not Transported),0,None,0,None,0,None,1,1
2018,27,270081,Minnesota,2,2,0,0,0,4,4,93,MEEKER (93),0,NOT APPLICABLE,4,4,5,May,2018,6,Friday,16,4:00pm-4:59pm,55,55,0,This section IS NOT on the NHS,1,Rural,4,Minor Arterial,1,State Highway Agency,3,State Highway,SR-4,CR-16,1290,1290,45.21089722,45.21089722,-94.676066670,-94.676066670,0,No Special Jurisdiction,12,Motor Vehicle In-Transport,6,Angle,0,No,2,Intersection,2,Four-Way Intersection,0,None,,,1,On Roadway,1,Daylight,1,Clear,0,No Additional Atmospheric Conditions,1,Clear,0,No,0000000,Not Applicable,16,4:00pm-4:59pm,53,53,17,5:00pm-5:59pm,1,1,99,Unknown,99,Unknown EMS Hospital Arrival Time,0,None,0,None,0,None,1,1
2018,27,270082,Minnesota,2,2,0,0,0,2,2,35,CROW WING (35),0,NOT APPLICABLE,4,4,5,May,2018,6,Friday,19,7:00pm-7:59pm,33,33,1,This section IS ON the NHS,1,Rural,3,Principal Arterial - Other,1,State Highway Agency,3,State Highway,SR-210,CR-12,1340,1340,46.45348333,46.45348333,-94.026238890,-94.026238890,0,No Special Jurisdiction,12,Motor Vehicle In-Transport,1,Front-to-Rear,0,No,3,Intersection-Related,3,T-Intersection,0,None,,,1,On Roadway,1,Daylight,1,Clear,0,No Additional Atmospheric Conditions,1,Clear,0,No,0000000,Not Applicable,19,7:00pm-7:59pm,33,33,19,7:00pm-7:59pm,45,45,88,Not Applicable (Not Transported),88,Not Applicable (Not Transported),0,None,0,None,0,None,1,2
2018,27,270083,Minnesota,1,1,0,0,0,1,1,37,DAKOTA (37),956,BURNSVILLE,5,5,5,May,2018,7,Saturday,3,3:00am-3:59am,5,5,0,This section IS NOT on the NHS,2,Urban,7,Local,4,City or Municipal Highway Agency,6,Local Street - Municipality,S FRONTAGE RD,,10,10,44.77416667,44.77416667,-93.312408330,-93.312408330,0,No Special Jurisdiction,33,Curb,0,Not a Collision with Motor Vehicle In-Transport,0,No,1,Non-Junction,1,Not an Intersection,0,None,,,4,On Roadside,3,Dark - Lighted,1,Clear,0,No Additional Atmospheric Conditions,1,Clear,0,No,0000000,Not Applicable,3,3:00am-3:59am,5,5,3,3:00am-3:59am,7,7,88,Not Applicable (Not Transported),88,Not Applicable (Not Transported),0,None,0,None,0,None,1,1
2018,27,270084,Minnesota,1,1,0,0,0,2,2,3,ANOKA (3),1492,COON RAPIDS,5,5,5,May,2018,7,Saturday,21,9:00pm-9:59pm,12,12,0,This section IS NOT on the NHS,2,Urban,5,Major Collector,4,City or Municipal Highway Agency,6,Local Street - Municipality,NORTHDALE BLVD NW,,7,7,45.18946389,45.18946389,-93.348538890,-93.348538890,0,No Special Jurisdiction,30,Utility Pole/Light Support,0,Not a Collision with Motor Vehicle In-Transport,0,No,1,Non-Junction,1,Not an Intersection,0,None,,,4,On Roadside,3,Dark - Lighted,1,Clear,0,No Additional Atmospheric Conditions,1,Clear,0,No,0000000,Not Applicable,21,9:00pm-9:59pm,15,15,21,9:00pm-9:59pm,17,17,88,Not Applicable (Not Transported),88,Not Applicable (Not Transported),0,None,0,None,0,None,2,1
2018,27,270085,Minnesota,2,2,0,0,0,5,5,1,AITKIN (1),0,NOT APPLICABLE,8,8,5,May,2018,3,Tuesday,18,6:00pm-6:59pm,56,56,1,This section IS ON the NHS,1,Rural,3,Principal Arterial - Other,1,State Highway Agency,3,State Highway,SR-210,,1833,1833,46.64345833,46.64345833,-93.146308330,-93.146308330,0,No Special Jurisdiction,12,Motor Vehicle In-Transport,6,Angle,0,No,1,Non-Junction,1,Not an Intersection,0,None,,,1,On Roadway,1,Daylight,2,Rain,0,No Additional Atmospheric Conditions,2,Rain,0,No,0000000,Not Applicable,18,6:00pm-6:59pm,57,57,19,7:00pm-7:59pm,7,7,20,8:00pm-8:59pm,0,0,0,None,0,None,0,None,2,0
2018,27,270086,Minnesota,2,2,0,0,0,4,4,109,OLMSTED (109),0,NOT APPLICABLE,9,9,5,May,2018,4,Wednesday,14,2:00pm-2:59pm,40,40,1,This section IS ON the NHS,1,Rural,3,Principal Arterial - Other,1,State Highway Agency,2,U.S. Highway,US-14,CR-3,2069,2069,44.02923611,44.02923611,-92.608261110,-92.608261110,0,No Special Jurisdiction,12,Motor Vehicle In-Transport,6,Angle,0,No,2,Intersection,2,Four-Way Intersection,0,None,,,1,On Roadway,1,Daylight,2,Rain,0,No Additional Atmospheric Conditions,2,Rain,0,No,0000000,Not Applicable,14,2:00pm-2:59pm,40,40,14,2:00pm-2:59pm,43,43,15,3:00pm-3:59pm,20,20,0,None,0,None,0,None,1,0
2018,27,270087,Minnesota,2,2,0,0,0,4,4,25,CHISAGO (25),7790,WYOMING,11,11,5,May,2018,6,Friday,14,2:00pm-2:59pm,52,52,1,This section IS ON the NHS,2,Urban,1,Interstate,1,State Highway Agency,1,Interstate,I-35,,1341,1341,45.31275278,45.31275278,-93.003663890,-93.003663890,0,No Special Jurisdiction,12,Motor Vehicle In-Transport,1,Front-to-Rear,0,No,1,Non-Junction,1,Not an Intersection,1,Construction,,,1,On Roadway,1,Daylight,10,Cloudy,0,No Additional Atmospheric Conditions,10,Cloudy,0,No,0000000,Not Applicable,14,2:00pm-2:59pm,54,54,15,3:00pm-3:59pm,3,3,15,3:00pm-3:59pm,55,55,3,Other Maintenance or Construction-Created Condition,0,None,0,None,1,0
2018,27,270089,Minnesota,1,1,0,0,0,1,1,145,STEARNS (145),5980,ROCKVILLE,15,15,5,May,2018,3,Tuesday,5,5:00am-5:59am,27,27,0,This section IS NOT on the NHS,1,Rural,7,Local,2,County Highway Agency,4,County Road,CR-139 MILL ST,SAUK RIVER RD,4,4,45.47562500,45.47562500,-94.343036110,-94.343036110,0,No Special Jurisdiction,59,Traffic Sign Support,0,Not a Collision with Motor Vehicle In-Transport,0,No,3,Intersection-Related,3,T-Intersection,0,None,,,4,On Roadside,2,Dark - Not Lighted,5,"Fog, Smog, Smoke",0,No Additional Atmospheric Conditions,5,"Fog, Smog, Smoke",0,No,0000000,Not Applicable,5,5:00am-5:59am,27,27,5,5:00am-5:59am,38,38,88,Not Applicable (Not Transported),88,Not Applicable (Not Transported),0,None,0,None,0,None,1,1
2018,27,270091,Minnesota,1,1,0,0,0,1,1,137,ST. LOUIS (137),3280,HIBBING,3,3,5,May,2018,5,Thursday,19,7:00pm-7:59pm,30,30,0,This section IS NOT on the NHS,1,Rural,5,Major Collector,2,County Highway Agency,4,County Road,CR-60 RAINEY RD,,99998,Not Reported,77.77770000,Not Reported,777.777700000,Not Reported,0,No Special Jurisdiction,42,Tree (Standing Only),0,Not a Collision with Motor Vehicle In-Transport,0,No,1,Non-Junction,1,Not an Intersection,0,None,,,4,On Roadside,1,Daylight,1,Clear,0,No Additional Atmospheric Conditions,1,Clear,0,No,0000000,Not Applicable,99,Unknown,99,Unknown,99,Unknown EMS Scene Arrival Hour,99,Unknown EMS Scene Arrival Minutes,99,Unknown,99,Unknown EMS Hospital Arrival Time,0,None,0,None,0,None,1,0
2018,27,270092,Minnesota,1,1,0,0,0,2,2,115,PINE (115),0,NOT APPLICABLE,16,16,5,May,2018,4,Wednesday,17,5:00pm-5:59pm,40,40,0,This section IS NOT on the NHS,1,Rural,7,Local,2,County Highway Agency,4,County Road,CR-118 ST CROIX RD,,5,5,45.81704722,45.81704722,-92.826716670,-92.826716670,0,No Special Jurisdiction,1,Rollover/Overturn,0,Not a Collision with Motor Vehicle In-Transport,0,No,1,Non-Junction,1,Not an Intersection,0,None,,,4,On Roadside,1,Daylight,1,Clear,0,No Additional Atmospheric Conditions,1,Clear,0,No,0000000,Not Applicable,17,5:00pm-5:59pm,45,45,18,6:00pm-6:59pm,7,7,99,Unknown,99,Unknown EMS Hospital Arrival Time,0,None,0,None,0,None,1,0
2018,27,270093,Minnesota,2,2,0,0,0,2,2,53,HENNEPIN (53),1496,CORCORAN,17,17,5,May,2018,5,Thursday,13,1:00pm-1:59pm,46,46,0,This section IS NOT on the NHS,2,Urban,4,Minor Arterial,2,County Highway Agency,4,County Road,CR-10,CR-116,115,115,45.09362778,45.09362778,-93.542986110,-93.542986110,0,No Special Jurisdiction,12,Motor Vehicle In-Transport,6,Angle,0,No,2,Intersection,2,Four-Way Intersection,0,None,,,1,On Roadway,1,Daylight,1,Clear,0,No Additional Atmospheric Conditions,1,Clear,0,No,0000000,Not Applicable,13,1:00pm-1:59pm,46,46,13,1:00pm-1:59pm,58,58,14,2:00pm-2:59pm,49,49,0,None,0,None,0,None,1,0
2018,27,270094,Minnesota,2,2,0,1,1,3,3,3,ANOKA (3),3007,HAM LAKE,16,16,5,May,2018,4,Wednesday,22,10:00pm-10:59pm,40,40,1,This section IS ON the NHS,2,Urban,3,Principal Arterial - Other,1,State Highway Agency,3,State Highway,SR-65,,214,214,45.25595556,45.25595556,-93.232838890,-93.232838890,0,No Special Jurisdiction,9,Pedalcyclist,0,Not a Collision with Motor Vehicle In-Transport,0,No,1,Non-Junction,1,Not an Intersection,0,None,,,1,On Roadway,3,Dark - Lighted,1,Clear,0,No Additional Atmospheric Conditions,1,Clear,0,No,0000000,Not Applicable,22,10:00pm-10:59pm,40,40,22,10:00pm-10:59pm,46,46,88,Not Applicable (Not Transported),88,Not Applicable (Not Transported),0,None,0,None,0,None,1,0
2018,27,270095,Minnesota,1,1,0,1,1,1,1,123,RAMSEY (123),6330,ST PAUL,9,9,5,May,2018,4,Wednesday,14,2:00pm-2:59pm,10,10,0,This section IS NOT on the NHS,2,Urban,4,Minor Arterial,1,State Highway Agency,3,State Highway,SR-51 SNELLING AVE,W SUMMIT AVE,29,29,44.94148889,44.94148889,-93.167016670,-93.167016670,0,No Special Jurisdiction,9,Pedalcyclist,0,Not a Collision with Motor Vehicle In-Transport,0,No,2,Intersection,2,Four-Way Intersection,0,None,,,1,On Roadway,1,Daylight,1,Clear,0,No Additional Atmospheric Conditions,1,Clear,1,Yes,0000000,Not Applicable,14,2:00pm-2:59pm,10,10,14,2:00pm-2:59pm,15,15,88,Not Applicable (Not Transported),88,Not Applicable (Not Transported),0,None,0,None,0,None,1,0
2018,27,270096,Minnesota,2,2,0,0,0,2,2,93,MEEKER (93),0,NOT APPLICABLE,19,19,5,May,2018,7,Saturday,22,10:00pm-10:59pm,20,20,1,This section IS ON the NHS,1,Rural,3,Principal Arterial - Other,1,State Highway Agency,3,State Highway,SR-15,,1083,1083,44.99754167,44.99754167,-94.368366670,-94.368366670,0,No Special Jurisdiction,12,Motor Vehicle In-Transport,6,Angle,0,No,8,Driveway Access Related,1,Not an Intersection,0,None,,,1,On Roadway,2,Dark - Not Lighted,10,Cloudy,0,No Additional Atmospheric Conditions,10,Cloudy,0,No,0000000,Not Applicable,22,10:00pm-10:59pm,20,20,99,Unknown EMS Scene Arrival Hour,98,Unknown if Arrived,88,Not Applicable (Not Transported),88,Not Applicable (Not Transported),0,None,0,None,0,None,1,1
2018,27,270097,Minnesota,1,1,0,1,1,1,1,123,RAMSEY (123),4536,MAPLEWOOD,20,20,5,May,2018,1,Sunday,21,9:00pm-9:59pm,26,26,0,This section IS NOT on the NHS,2,Urban,5,Major Collector,4,City or Municipal Highway Agency,6,Local Street - Municipality,PROSPERITY AVE,,6,6,45.00026389,45.00026389,-93.034019440,-93.034019440,0,No Special Jurisdiction,8,Pedestrian,0,Not a Collision with Motor Vehicle In-Transport,0,No,1,Non-Junction,1,Not an Intersection,0,None,,,1,On Roadway,3,Dark - Lighted,1,Clear,0,No Additional Atmospheric Conditions,1,Clear,0,No,0000000,Not Applicable,21,9:00pm-9:59pm,32,32,21,9:00pm-9:59pm,35,35,22,10:00pm-10:59pm,3,3,0,None,0,None,0,None,1,0
2018,27,270099,Minnesota,2,2,0,0,0,2,2,37,DAKOTA (37),3990,LAKEVILLE,15,15,5,May,2018,3,Tuesday,15,3:00pm-3:59pm,53,53,1,This section IS ON the NHS,2,Urban,1,Interstate,1,State Highway Agency,1,Interstate,I-35,,824,824,44.65390000,44.65390000,-93.293522220,-93.293522220,0,No Special Jurisdiction,38,Fence,0,Not a Collision with Motor Vehicle In-Transport,0,No,1,Non-Junction,1,Not an Intersection,0,None,,,4,On Roadside,1,Daylight,1,Clear,0,No Additional Atmospheric Conditions,1,Clear,0,No,0000000,Not Applicable,15,3:00pm-3:59pm,55,55,16,4:00pm-4:59pm,24,24,17,5:00pm-5:59pm,1,1,0,None,0,None,0,None,1,1
2018,27,270100,Minnesota,1,1,0,0,0,2,2,123,RAMSEY (123),6542,SHOREVIEW,24,24,5,May,2018,5,Thursday,0,0:00am-0:59am,45,45,0,This section IS NOT on the NHS,2,Urban,4,Minor Arterial,2,County Highway Agency,4,County Road,CR-52 VICTORIA ST N,,28,28,45.04432500,45.04432500,-93.131875000,-93.131875000,0,No Special Jurisdiction,39,Wall,0,Not a Collision with Motor Vehicle In-Transport,0,No,1,Non-Junction,1,Not an Intersection,0,None,,,5,Outside Trafficway,3,Dark - Lighted,1,Clear,0,No Additional Atmospheric Conditions,1,Clear,0,No,0000000,Not Applicable,0,0:00am-0:59am,45,45,0,0:00am-0:59am,50,50,88,Not Applicable (Not Transported),88,Not Applicable (Not Transported),0,None,0,None,0,None,2,0
2018,27,270101,Minnesota,1,1,0,0,0,1,1,99,MOWER (99),0,NOT APPLICABLE,25,25,5,May,2018,6,Friday,22,10:00pm-10:59pm,3,3,0,This section IS NOT on the NHS,1,Rural,5,Major Collector,2,County Highway Agency,4,County Road,CR-8 740TH AVE,,163,163,43.77293889,43.77293889,-92.569688890,-92.569688890,0,No Special Jurisdiction,35,Embankment,0,Not a Collision with Motor Vehicle In-Transport,0,No,1,Non-Junction,1,Not an Intersection,0,None,,,4,On Roadside,2,Dark - Not Lighted,10,Cloudy,0,No Additional Atmospheric Conditions,10,Cloudy,0,No,0000000,Not Applicable,22,10:00pm-10:59pm,3,3,22,10:00pm-10:59pm,15,15,88,Not Applicable (Not Transported),88,Not Applicable (Not Transported),20,Police Pursuit Involved,0,None,0,None,1,0
2018,27,270102,Minnesota,1,1,0,0,0,1,1,37,DAKOTA (37),956,BURNSVILLE,26,26,5,May,2018,7,Saturday,1,1:00am-1:59am,55,55,0,This section IS NOT on the NHS,2,Urban,4,Minor Arterial,2,County Highway Agency,4,County Road,CR-38 MCANDREWS RD,,5,5,44.75132500,44.75132500,-93.295252780,-93.295252780,0,No Special Jurisdiction,24,Guardrail Face,0,Not a Collision with Motor Vehicle In-Transport,0,No,1,Non-Junction,1,Not an Intersection,0,None,,,4,On Roadside,3,Dark - Lighted,1,Clear,0,No Additional Atmospheric Conditions,1,Clear,0,No,0000000,Not Applicable,1,1:00am-1:59am,50,50,1,1:00am-1:59am,51,51,88,Not Applicable (Not Transported),88,Not Applicable (Not Transported),0,None,0,None,0,None,1,1
2018,27,270103,Minnesota,1,1,0,0,0,1,1,125,RED LAKE (125),5730,PLUMMER,26,26,5,May,2018,7,Saturday,2,2:00am-2:59am,30,30,0,This section IS NOT on the NHS,1,Rural,7,Local,4,City or Municipal Highway Agency,6,Local Street - Municipality,ASH ST N,HEALY AVE,1,1,47.91217222,47.91217222,-96.046611110,-96.046611110,0,No Special Jurisdiction,1,Rollover/Overturn,0,Not a Collision with Motor Vehicle In-Transport,0,No,2,Intersection,3,T-Intersection,0,None,,,1,On Roadway,3,Dark - Lighted,1,Clear,0,No Additional Atmospheric Conditions,1,Clear,0,No,0000000,Not Applicable,2,2:00am-2:59am,34,34,2,2:00am-2:59am,59,59,88,Not Applicable (Not Transported),88,Not Applicable (Not Transported),0,None,0,None,0,None,1,1
2018,27,270104,Minnesota,1,1,0,0,0,2,2,37,DAKOTA (37),956,BURNSVILLE,26,26,5,May,2018,7,Saturday,7,7:00am-7:59am,22,22,1,This section IS ON the NHS,2,Urban,1,Interstate,1,State Highway Agency,1,Interstate,I-35W,,17,17,44.75998889,44.75998889,-93.289430560,-93.289430560,0,No Special Jurisdiction,39,Wall,0,Not a Collision with Motor Vehicle In-Transport,0,No,1,Non-Junction,1,Not an Intersection,0,None,,,4,On Roadside,1,Daylight,1,Clear,0,No Additional Atmospheric Conditions,1,Clear,0,No,0000000,Not Applicable,7,7:00am-7:59am,22,22,7,7:00am-7:59am,28,28,99,Unknown,99,Unknown EMS Hospital Arrival Time,0,None,0,None,0,None,1,0
2018,27,270105,Minnesota,1,1,0,0,0,2,2,3,ANOKA (3),1982,EAST BETHEL,26,26,5,May,2018,7,Saturday,17,5:00pm-5:59pm,26,26,0,This section IS NOT on the NHS,2,Urban,4,Minor Arterial,2,County Highway Agency,4,County Road,CR-26 GOPHER DR NE,,5,5,45.39215278,45.39215278,-93.214802780,-93.214802780,0,No Special Jurisdiction,34,Ditch,0,Not a Collision with Motor Vehicle In-Transport,0,No,1,Non-Junction,1,Not an Intersection,0,None,,,4,On Roadside,1,Daylight,1,Clear,0,No Additional Atmospheric Conditions,1,Clear,0,No,0000000,Not Applicable,17,5:00pm-5:59pm,26,26,17,5:00pm-5:59pm,35,35,18,6:00pm-6:59pm,10,10,0,None,0,None,0,None,1,1
2018,27,270106,Minnesota,3,3,0,0,0,3,3,139,SCOTT (139),0,NOT APPLICABLE,28,28,5,May,2018,2,Monday,15,3:00pm-3:59pm,54,54,1,This section IS ON the NHS,1,Rural,3,Principal Arterial - Other,1,State Highway Agency,2,U.S. Highway,US-169,,955,955,44.65241944,44.65241944,-93.687722220,-93.687722220,0,No Special Jurisdiction,12,Motor Vehicle In-Transport,6,Angle,0,No,1,Non-Junction,1,Not an Intersection,1,Construction,,,1,On Roadway,1,Daylight,10,Cloudy,0,No Additional Atmospheric Conditions,10,Cloudy,0,No,0000000,Not Applicable,15,3:00pm-3:59pm,54,54,15,3:00pm-3:59pm,54,54,16,4:00pm-4:59pm,0,0,3,Other Maintenance or Construction-Created Condition,0,None,0,None,1,1