caseyear,state,st_case,statename,ve_total,ve_forms,pvh_invl,peds,pernotmvit,permvit,persons,county,countyname,city,cityname,day,dayname,month,monthname,year,day_week,day_weekname,hour,hourname,minute,minutename,nhs,nhsname,rur_urb,rur_urbname,func_sys,func_sysname,rd_owner,rd_ownername,route,routename,tway_id,tway_id2,milept,mileptname,latitude,latitudename,longitud,longitudname,sp_jur,sp_jurname,harm_ev,harm_evname,man_coll,man_collname,reljct1,reljct1name,reljct2,reljct2name,typ_int,typ_intname,wrk_zone,wrk_zonename,road_fnc,road_fncname,rel_road,rel_roadname,lgt_cond,lgt_condname,weather1,weather1name,weather2,weather2name,weather,weathername,sch_bus,sch_busname,rail,railname,not_hour,not_hourname,not_min,not_minname,arr_hour,arr_hourname,arr_min,arr_minname,hosp_hr,hosp_hrname,hosp_mn,hosp_mnname,cf1,cf1name,cf2,cf2name,cf3,cf3name,fatals,drunk_dr
2019,27,270029,Minnesota,2,2,0,0,0,2,2,41,DOUGLAS (41),0,NOT APPLICABLE,6,6,2,February,2019,4,Wednesday,5,5:00am-5:59am,52,52,0,This section IS NOT on the NHS,1,Rural,4,Minor Arterial,1,State Highway Agency,3,State Highway,SR-27,,682,682,45.83792222,45.83792222,-95.599075000,-95.599075000,0,No Special Jurisdiction,12,Motor Vehicle In-Transport,2,Front-to-Front,0,No,1,Non-Junction,1,Not an Intersection,0,None,,,1,On Roadway,2,Dark - Not Lighted,1,Clear,0,No Additional Atmospheric Conditions,1,Clear,0,No,0000000,Not Applicable,5,5:00am-5:59am,54,54,6,6:00am-6:59am,9,9,6,6:00am-6:59am,40,40,0,None,0,None,0,None,1,0
2019,27,270030,Minnesota,1,1,0,1,1,1,1,141,SHERBURNE (141),2110,ELK RIVER,6,6,2,February,2019,4,Wednesday,18,6:00pm-6:59pm,52,52,1,This section IS ON the NHS,2,Urban,3,Principal Arterial - Other,1,State Highway Agency,2,U.S. Highway,US-169,,1554,1554,45.30380278,45.30380278,-93.554725000,-93.554725000,0,No Special Jurisdiction,8,Pedestrian,0,The First Harmful Event was Not a Collision with a Motor Vehicle in Transport,0,No,1,Non-Junction,1,Not an Intersection,0,None,,,1,On Roadway,3,Dark - Lighted,1,Clear,0,No Additional Atmospheric Conditions,1,Clear,0,No,0000000,Not Applicable,18,6:00pm-6:59pm,54,54,18,6:00pm-6:59pm,59,59,88,Not Applicable (Not Transported),88,Not Applicable (Not Transported),0,None,0,None,0,None,1,0
2019,27,270031,Minnesota,2,1,1,0,1,2,3,157,WABASHA (157),7210,WABASHA,5,5,2,February,2019,3,Tuesday,19,7:00pm-7:59pm,34,34,1,This section IS ON the NHS,1,Rural,3,Principal Arterial - Other,1,State Highway Agency,2,U.S. Highway,US-61,SR-60,593,593,44.37081944,44.37081944,-92.040130560,-92.040130560,0,No Special Jurisdiction,45,Working Motor Vehicle,0,The First Harmful Event was Not a Collision with a Motor Vehicle in Transport,0,No,2,Intersection,2,Four-Way Intersection,2,Maintenance,,,1,On Roadway,3,Dark - Lighted,4,Snow,0,No Additional Atmospheric Conditions,4,Snow,0,No,0000000,Not Applicable,19,7:00pm-7:59pm,34,34,19,7:00pm-7:59pm,42,42,20,8:00pm-8:59pm,3,3,0,None,0,None,0,None,1,0
2019,27,270032,Minnesota,2,2,0,0,0,3,3,157,WABASHA (157),0,NOT APPLICABLE,8,8,2,February,2019,6,Friday,11,11:00am-11:59am,35,35,1,This section IS ON the NHS,1,Rural,3,Principal Arterial - Other,1,State Highway Agency,2,U.S. Highway,US-61,,689,689,44.41716944,44.41716944,-92.208477780,-92.208477780,0,No Special Jurisdiction,12,Motor Vehicle In-Transport,6,Angle,0,No,1,Non-Junction,1,Not an Intersection,0,None,,,1,On Roadway,1,Daylight,1,Clear,0,No Additional Atmospheric Conditions,1,Clear,0,No,0000000,Not Applicable,11,11:00am-11:59am,35,35,11,11:00am-11:59am,44,44,12,12:00pm-12:59pm,1,1,0,None,0,None,0,None,2,0
2019,27,270033,Minnesota,1,1,0,1,1,2,2,37,DAKOTA (37),2320,FARMINGTON,9,9,2,February,2019,7,Saturday,19,7:00pm-7:59pm,21,21,0,This section IS NOT on the NHS,2,Urban,4,Minor Arterial,1,State Highway Agency,3,State Highway,SR-3 CHIPPENDALE AVE W,,264,264,44.64691667,44.64691667,-93.136638890,-93.136638890,0,No Special Jurisdiction,8,Pedestrian,0,The First Harmful Event was Not a Collision with a Motor Vehicle in Transport,0,No,1,Non-Junction,1,Not an Intersection,0,None,,,1,On Roadway,2,Dark - Not Lighted,10,Cloudy,0,No Additional Atmospheric Conditions,10,Cloudy,0,No,0000000,Not Applicable,19,7:00pm-7:59pm,19,19,19,7:00pm-7:59pm,33,33,88,Not Applicable (Not Transported),88,Not Applicable (Not Transported),0,None,0,None,0,None,1,0
2019,27,270034,Minnesota,1,1,0,0,0,2,2,37,DAKOTA (37),0,NOT APPLICABLE,14,14,2,February,2019,5,Thursday,22,10:00pm-10:59pm,30,30,0,This section IS NOT on the NHS,1,Rural,4,Minor Arterial,1,State Highway Agency,3,State Highway,SR-50 240TH ST E,,229,229,44.60113889,44.60113889,-92.917158330,-92.917158330,0,No Special Jurisdiction,1,Rollover/Overturn,0,The First Harmful Event was Not a Collision with a Motor Vehicle in Transport,0,No,1,Non-Junction,1,Not an Intersection,0,None,,,4,On Roadside,2,Dark - Not Lighted,11,Blowing Snow,0,No Additional Atmospheric Conditions,11,Blowing Snow,0,No,0000000,Not Applicable,22,10:00pm-10:59pm,32,32,22,10:00pm-10:59pm,48,48,99,Unknown,99,Unknown EMS Hospital Arrival Time,0,None,0,None,0,None,1,1
2019,27,270035,Minnesota,1,1,0,0,0,1,1,49,GOODHUE (49),0,NOT APPLICABLE,14,14,2,February,2019,5,Thursday,22,10:00pm-10:59pm,57,57,0,This section IS NOT on the NHS,1,Rural,4,Minor Arterial,1,State Highway Agency,3,State Highway,SR-56,,841,841,44.39837500,44.39837500,-92.979375000,-92.979375000,0,No Special Jurisdiction,1,Rollover/Overturn,0,The First Harmful Event was Not a Collision with a Motor Vehicle in Transport,0,No,1,Non-Junction,1,Not an Intersection,0,None,,,4,On Roadside,2,Dark - Not Lighted,1,Clear,0,No Additional Atmospheric Conditions,1,Clear,0,No,0000000,Not Applicable,22,10:00pm-10:59pm,59,59,23,11:00pm-11:59pm,16,16,88,Not Applicable (Not Transported),88,Not Applicable (Not Transported),0,None,0,None,0,None,1,0
2019,27,270036,Minnesota,2,2,0,0,0,3,3,141,SHERBURNE (141),2110,ELK RIVER,17,17,2,February,2019,1,Sunday,17,5:00pm-5:59pm,30,30,1,This section IS ON the NHS,1,Rural,3,Principal Arterial - Other,1,State Highway Agency,2,U.S. Highway,US-169,221ST AVE,1603,1603,45.37204444,45.37204444,-93.563500000,-93.563500000,0,No Special Jurisdiction,12,Motor Vehicle In-Transport,6,Angle,0,No,2,Intersection,3,T-Intersection,0,None,,,1,On Roadway,5,Dusk,10,Cloudy,0,No Additional Atmospheric Conditions,10,Cloudy,0,No,0000000,Not Applicable,17,5:00pm-5:59pm,31,31,17,5:00pm-5:59pm,38,38,99,Unknown,99,Unknown EMS Hospital Arrival Time,0,None,0,None,0,None,2,0
2019,27,270038,Minnesota,2,2,0,0,0,2,2,109,OLMSTED (109),0,NOT APPLICABLE,18,18,2,February,2019,2,Monday,13,1:00pm-1:59pm,19,19,0,This section IS NOT on the NHS,2,Urban,4,Minor Arterial,2,County Highway Agency,4,County Road,CR-22 48TH ST,E RIVER RD,99998,Not Reported,44.07498056,44.07498056,-92.457697220,-92.457697220,0,No Special Jurisdiction,12,Motor Vehicle In-Transport,6,Angle,0,No,2,Intersection,2,Four-Way Intersection,0,None,,,1,On Roadway,1,Daylight,1,Clear,0,No Additional Atmospheric Conditions,1,Clear,0,No,0000000,Not Applicable,13,1:00pm-1:59pm,21,21,13,1:00pm-1:59pm,32,32,13,1:00pm-1:59pm,35,35,0,None,0,None,0,None,1,0
2019,27,270039,Minnesota,2,2,0,0,0,3,3,141,SHERBURNE (141),2110,ELK RIVER,19,19,2,February,2019,3,Tuesday,7,7:00am-7:59am,55,55,1,This section IS ON the NHS,2,Urban,3,Principal Arterial - Other,1,State Highway Agency,2,U.S. Highway,US-10/169,167TH AVE,2172,2172,45.27506944,45.27506944,-93.547861110,-93.547861110,0,No Special Jurisdiction,12,Motor Vehicle In-Transport,6,Angle,0,No,2,Intersection,3,T-Intersection,0,None,,,1,On Roadway,1,Daylight,1,Clear,0,No Additional Atmospheric Conditions,1,Clear,0,No,0000000,Not Applicable,7,7:00am-7:59am,55,55,8,8:00am-8:59am,6,6,8,8:00am-8:59am,29,29,0,None,0,None,0,None,1,0
2019,27,270040,Minnesota,2,2,0,0,0,5,5,49,GOODHUE (49),5840,RED WING,22,22,2,February,2019,6,Friday,16,4:00pm-4:59pm,27,27,1,This section IS ON the NHS,2,Urban,3,Principal Arterial - Other,1,State Highway Agency,2,U.S. Highway,US-61/63,SR-292,882,882,44.56381667,44.56381667,-92.503547220,-92.503547220,0,No Special Jurisdiction,12,Motor Vehicle In-Transport,6,Angle,0,No,2,Intersection,3,T-Intersection,0,None,,,1,On Roadway,1,Daylight,1,Clear,0,No Additional Atmospheric Conditions,1,Clear,0,No,0000000,Not Applicable,16,4:00pm-4:59pm,29,29,16,4:00pm-4:59pm,32,32,16,4:00pm-4:59pm,49,49,0,None,0,None,0,None,1,0
2019,27,270041,Minnesota,2,2,0,0,0,2,2,141,SHERBURNE (141),0,NOT APPLICABLE,27,27,2,February,2019,4,Wednesday,8,8:00am-8:59am,52,52,0,This section IS NOT on the NHS,2,Urban,5,Major Collector,2,County Highway Agency,4,County Road,CR-73,UNIDENTIFIED STREET,1,1,45.35491389,45.35491389,-93.768688890,-93.768688890,0,No Special Jurisdiction,12,Motor Vehicle In-Transport,1,Front-to-Rear,0,No,2,Intersection,3,T-Intersection,0,None,,,1,On Roadway,1,Daylight,1,Clear,0,No Additional Atmospheric Conditions,1,Clear,0,No,0000000,Not Applicable,8,8:00am-8:59am,52,52,9,9:00am-9:59am,0,0,88,Not Applicable (Not Transported),88,Not Applicable (Not Transported),0,None,0,None,0,None,1,0
2019,27,270042,Minnesota,2,2,0,0,0,2,2,53,HENNEPIN (53),3473,INDEPENDENCE,2,2,3,March,2019,7,Saturday,9,9:00am-9:59am,6,6,1,This section IS ON the NHS,1,Rural,3,Principal Arterial - Other,1,State Highway Agency,2,U.S. Highway,US-12,,1417,1417,45.03558056,45.03558056,-93.743661110,-93.743661110,0,No Special Jurisdiction,12,Motor Vehicle In-Transport,6,Angle,0,No,1,Non-Junction,1,Not an Intersection,0,None,,,1,On Roadway,1,Daylight,1,Clear,0,No Additional Atmospheric Conditions,1,Clear,0,No,0000000,Not Applicable,9,9:00am-9:59am,9,9,99,Unknown EMS Scene Arrival Hour,97,Officially Cancelled,99,Unknown,97,Officially Canceled,0,None,0,None,0,None,1,0
2019,27,270043,Minnesota,1,1,0,0,0,1,1,163,WASHINGTON (163),5334,OAKDALE,2,2,3,March,2019,7,Saturday,12,12:00pm-12:59pm,36,36,1,This section IS ON the NHS,2,Urban,1,Interstate,1,State Highway Agency,1,Interstate,I-494/694,,573,573,44.95477778,44.95477778,-92.958883330,-92.958883330,0,No Special Jurisdiction,72,"Cargo/Equipment Loss, Shift, or Damage [harmful]",0,The First Harmful Event was Not a Collision with a Motor Vehicle in Transport,0,No,1,Non-Junction,1,Not an Intersection,0,None,,,1,On Roadway,1,Daylight,1,Clear,0,No Additional Atmospheric Conditions,1,Clear,0,No,0000000,Not Applicable,12,12:00pm-12:59pm,37,37,12,12:00pm-12:59pm,40,40,88,Not Applicable (Not Transported),88,Not Applicable (Not Transported),0,None,0,None,0,None,1,0
2019,27,270044,Minnesota,1,1,0,1,1,1,1,123,RAMSEY (123),4536,MAPLEWOOD,4,4,3,March,2019,2,Monday,7,7:00am-7:59am,37,37,0,This section IS NOT on the NHS,2,Urban,5,Major Collector,2,County Highway Agency,4,County Road,CR-19,SOUTHLAWN DR,103,103,45.03573056,45.03573056,-93.025525000,-93.025525000,0,No Special Jurisdiction,8,Pedestrian,0,The First Harmful Event was Not a Collision with a Motor Vehicle in Transport,0,No,3,Intersection-Related,2,Four-Way Intersection,0,None,,,1,On Roadway,1,Daylight,1,Clear,0,No Additional Atmospheric Conditions,1,Clear,0,No,0000000,Not Applicable,7,7:00am-7:59am,39,39,7,7:00am-7:59am,45,45,8,8:00am-8:59am,12,12,0,None,0,None,0,None,1,0
2019,27,270045,Minnesota,2,2,0,0,0,2,2,95,MILLE LACS (95),0,NOT APPLICABLE,5,5,3,March,2019,3,Tuesday,14,2:00pm-2:59pm,49,49,0,This section IS NOT on the NHS,1,Rural,7,Local,3,Town or Township Highway Agency,5,Local Street - Township,100TH AVE,,24,24,46.08533056,46.08533056,-93.619630560,-93.619630560,0,No Special Jurisdiction,12,Motor Vehicle In-Transport,6,Angle,0,No,1,Non-Junction,1,Not an Intersection,0,None,,,1,On Roadway,1,Daylight,1,Clear,0,No Additional Atmospheric Conditions,1,Clear,0,No,0000000,Not Applicable,14,2:00pm-2:59pm,49,49,14,2:00pm-2:59pm,59,59,15,3:00pm-3:59pm,20,20,0,None,0,None,0,None,1,1
2019,27,270046,Minnesota,2,2,0,0,0,2,2,109,OLMSTED (109),0,NOT APPLICABLE,5,5,3,March,2019,3,Tuesday,16,4:00pm-4:59pm,50,50,0,This section IS NOT on the NHS,1,Rural,5,Major Collector,2,County Highway Agency,4,County Road,CR-21,80TH AVE NE,49,49,44.13672222,44.13672222,-92.318872220,-92.318872220,0,No Special Jurisdiction,12,Motor Vehicle In-Transport,6,Angle,0,No,2,Intersection,2,Four-Way Intersection,0,None,,,1,On Roadway,1,Daylight,1,Clear,0,No Additional Atmospheric Conditions,1,Clear,0,No,0000000,Not Applicable,16,4:00pm-4:59pm,40,40,16,4:00pm-4:59pm,48,48,17,5:00pm-5:59pm,48,48,0,None,0,None,0,None,1,0
2019,27,270047,Minnesota,1,1,0,0,0,2,2,59,ISANTI (59),0,NOT APPLICABLE,2,2,3,March,2019,7,Saturday,10,10:00am-10:59am,34,34,1,This section IS ON the NHS,1,Rural,3,Principal Arterial - Other,1,State Highway Agency,3,State Highway,SR-65,,332,332,45.43183611,45.43183611,-93.235152780,-93.235152780,0,No Special Jurisdiction,42,Tree (Standing Only),0,The First Harmful Event was Not a Collision with a Motor Vehicle in Transport,0,No,1,Non-Junction,1,Not an Intersection,0,None,,,5,Outside Trafficway,1,Daylight,1,Clear,0,No Additional Atmospheric Conditions,1,Clear,0,No,0000000,Not Applicable,10,10:00am-10:59am,34,34,10,10:00am-10:59am,40,40,11,11:00am-11:59am,0,0,0,None,0,None,0,None,1,0
2019,27,270048,Minnesota,2,2,0,0,0,2,2,81,LINCOLN (81),0,NOT APPLICABLE,5,5,3,March,2019,3,Tuesday,8,8:00am-8:59am,50,50,0,This section IS NOT on the NHS,1,Rural,5,Major Collector,2,County Highway Agency,4,County Road,CR-7,CR-19,300,300,44.58709722,44.58709722,-96.174675000,-96.174675000,0,No Special Jurisdiction,12,Motor Vehicle In-Transport,6,Angle,0,No,2,Intersection,2,Four-Way Intersection,0,None,,,1,On Roadway,1,Daylight,1,Clear,0,No Additional Atmospheric Conditions,1,Clear,0,No,0000000,Not Applicable,8,8:00am-8:59am,59,59,9,9:00am-9:59am,16,16,9,9:00am-9:59am,43,43,0,None,0,None,0,None,1,0
2019,27,270049,Minnesota,2,2,0,0,0,3,3,37,DAKOTA (37),956,BURNSVILLE,11,11,3,March,2019,2,Monday,15,3:00pm-3:59pm,31,31,1,This section IS ON the NHS,2,Urban,3,Principal Arterial - Other,1,State Highway Agency,3,State Highway,SR-13,CR-11,986,986,44.78666667,44.78666667,-93.249213890,-93.249213890,0,No Special Jurisdiction,12,Motor Vehicle In-Transport,1,Front-to-Rear,0,No,3,Intersection-Related,98,Not Reported,0,None,,,1,On Roadway,1,Daylight,1,Clear,0,No Additional Atmospheric Conditions,1,Clear,0,No,0000000,Not Applicable,15,3:00pm-3:59pm,31,31,15,3:00pm-3:59pm,34,34,88,Not Applicable (Not Transported),88,Not Applicable (Not Transported),28,Regular Congestion,0,None,0,None,1,1
2019,27,270051,Minnesota,1,1,0,0,0,1,1,35,CROW WING (35),5600,PEQUOT LAKES,24,24,2,February,2019,1,Sunday,16,4:00pm-4:59pm,48,48,1,This section IS ON the NHS,1,Rural,3,Principal Arterial - Other,1,State Highway Agency,3,State Highway,SR-371,CR-107,427,427,46.54478056,46.54478056,-94.308677780,-94.308677780,0,No Special Jurisdiction,33,Curb,0,The First Harmful Event was Not a Collision with a Motor Vehicle in Transport,0,No,3,Intersection-Related,2,Four-Way Intersection,0,None,,,4,On Roadside,1,Daylight,10,Cloudy,0,No Additional Atmospheric Conditions,10,Cloudy,0,No,0000000,Not Applicable,16,4:00pm-4:59pm,48,48,16,4:00pm-4:59pm,48,48,17,5:00pm-5:59pm,48,48,0,None,0,None,0,None,1,0
2019,27,270052,Minnesota,2,2,0,0,0,3,3,111,OTTER TAIL (111),0,NOT APPLICABLE,11,11,3,March,2019,2,Monday,5,5:00am-5:59am,59,59,1,This section IS ON the NHS,1,Rural,3,Principal Arterial - Other,1,State Highway Agency,3,State Highway,SR-210,,208,208,46.29087222,46.29087222,-96.170388890,-96.170388890,0,No Special Jurisdiction,12,Motor Vehicle In-Transport,6,Angle,0,No,1,Non-Junction,1,Not an Intersection,0,None,,,1,On Roadway,2,Dark - Not Lighted,5,"Fog, Smog, Smoke",0,No Additional Atmospheric Conditions,5,"Fog, Smog, Smoke",0,No,0000000,Not Applicable,6,6:00am-6:59am,0,0,6,6:00am-6:59am,3,3,6,6:00am-6:59am,44,44,19,Recent/Previous Crash scene Nearby,23,Indication of a Stalled/Disabled Vehicle,0,None,1,0
2019,27,270053,Minnesota,2,2,0,0,0,2,2,59,ISANTI (59),0,NOT APPLICABLE,19,19,3,March,2019,3,Tuesday,18,6:00pm-6:59pm,20,20,0,This section IS NOT on the NHS,1,Rural,4,Minor Arterial,2,County Highway Agency,4,County Road,CR-8 261ST AVE NW,,53,53,45.44251111,45.44251111,-93.401872220,-93.401872220,0,No Special Jurisdiction,12,Motor Vehicle In-Transport,2,Front-to-Front,0,No,1,Non-Junction,1,Not an Intersection,0,None,,,1,On Roadway,1,Daylight,1,Clear,0,No Additional Atmospheric Conditions,1,Clear,0,No,0000000,Not Applicable,18,6:00pm-6:59pm,25,25,18,6:00pm-6:59pm,40,40,19,7:00pm-7:59pm,25,25,0,None,0,None,0,None,1,0
2019,27,270054,Minnesota,2,2,0,0,0,2,2,35,CROW WING (35),0,NOT APPLICABLE,20,20,3,March,2019,4,Wednesday,7,7:00am-7:59am,8,8,1,This section IS ON the NHS,1,Rural,3,Principal Arterial - Other,1,State Highway Agency,3,State Highway,SR-6/210,,1412,1412,46.48478056,46.48478056,-93.897872220,-93.897872220,0,No Special Jurisdiction,12,Motor Vehicle In-Transport,2,Front-to-Front,0,No,1,Non-Junction,1,Not an Intersection,0,None,,,1,On Roadway,1,Daylight,1,Clear,0,No Additional Atmospheric Conditions,1,Clear,0,No,0000000,Not Applicable,7,7:00am-7:59am,8,8,7,7:00am-7:59am,11,11,7,7:00am-7:59am,22,22,0,None,0,None,0,None,2,0
2019,27,270055,Minnesota,1,1,0,1,1,1,1,123,RAMSEY (123),6330,SAINT PAUL,16,16,3,March,2019,7,Saturday,2,2:00am-2:59am,35,35,0,This section IS NOT on the NHS,2,Urban,4,Minor Arterial,2,County Highway Agency,4,County Road,CR-31 E MARYLAND AVE,,42,42,44.97733333,44.97733333,-93.081769440,-93.081769440,0,No Special Jurisdiction,8,Pedestrian,0,The First Harmful Event was Not a Collision with a Motor Vehicle in Transport,0,No,1,Non-Junction,1,Not an Intersection,0,None,,,1,On Roadway,3,Dark - Lighted,10,Cloudy,0,No Additional Atmospheric Conditions,10,Cloudy,0,No,0000000,Not Applicable,2,2:00am-2:59am,36,36,2,2:00am-2:59am,40,40,2,2:00am-2:59am,50,50,0,None,0,None,0,None,1,0
2019,27,270056,Minnesota,1,1,0,1,1,1,1,123,RAMSEY (123),6330,SAINT PAUL,21,21,3,March,2019,5,Thursday,6,6:00am-6:59am,4,4,0,This section IS NOT on the NHS,2,Urban,4,Minor Arterial,4,City or Municipal Highway Agency,6,Local Street - Municipality,M MARION ST,JOHN IRELAND BLVD,1,1,44.94896111,44.94896111,-93.107241670,-93.107241670,0,No Special Jurisdiction,8,Pedestrian,0,The First Harmful Event was Not a Collision with a Motor Vehicle in Transport,0,No,2,Intersection,2,Four-Way Intersection,0,None,,,1,On Roadway,3,Dark - Lighted,1,Clear,0,No Additional Atmospheric Conditions,1,Clear,0,No,0000000,Not Applicable,6,6:00am-6:59am,4,4,6,6:00am-6:59am,10,10,88,Not Applicable (Not Transported),88,Not Applicable (Not Transported),0,None,0,None,0,None,1,0
2019,27,270057,Minnesota,2,2,0,0,0,2,2,123,RAMSEY (123),0,NOT APPLICABLE,22,22,3,March,2019,6,Friday,15,3:00pm-3:59pm,4,4,1,This section IS ON the NHS,2,Urban,1,Interstate,1,State Highway Agency,1,Interstate,I-35E RAMP,CR-96,1175,1175,45.07916111,45.07916111,-93.054169440,-93.054169440,0,No Special Jurisdiction,12,Motor Vehicle In-Transport,6,Angle,1,Yes,3,Intersection-Related,2,Four-Way Intersection,0,None,,,1,On Roadway,1,Daylight,1,Clear,0,No Additional Atmospheric Conditions,1,Clear,0,No,0000000,Not Applicable,15,3:00pm-3:59pm,4,4,15,3:00pm-3:59pm,9,9,15,3:00pm-3:59pm,40,40,0,None,0,None,0,None,1,0
2019,27,270058,Minnesota,2,2,0,0,0,2,2,171,WRIGHT (171),0,NOT APPLICABLE,22,22,3,March,2019,6,Friday,15,3:00pm-3:59pm,20,20,0,This section IS NOT on the NHS,1,Rural,4,Minor Arterial,1,State Highway Agency,3,State Highway,SR-25 AHERN AVE SE,,550,550,45.13651389,45.13651389,-93.869366670,-93.869366670,0,No Special Jurisdiction,12,Motor Vehicle In-Transport,2,Front-to-Front,0,No,1,Non-Junction,1,Not an Intersection,0,None,,,1,On Roadway,1,Daylight,1,Clear,0,No Additional Atmospheric Conditions,1,Clear,0,No,0000000,Not Applicable,15,3:00pm-3:59pm,20,20,15,3:00pm-3:59pm,27,27,99,Unknown,99,Unknown EMS Hospital Arrival Time,0,None,0,None,0,None,1,1
2019,27,270059,Minnesota,1,1,0,1,1,3,3,35,CROW WING (35),420,BAXTER,21,21,3,March,2019,5,Thursday,22,10:00pm-10:59pm,32,32,1,This section IS ON the NHS,2,Urban,3,Principal Arterial - Other,1,State Highway Agency,3,State Highway,SR-210,,1205,1205,46.35170278,46.35170278,-94.246508330,-94.246508330,0,No Special Jurisdiction,8,Pedestrian,0,The First Harmful Event was Not a Collision with a Motor Vehicle in Transport,0,No,1,Non-Junction,1,Not an Intersection,0,None,,,1,On Roadway,2,Dark - Not Lighted,1,Clear,0,No Additional Atmospheric Conditions,1,Clear,0,No,0000000,Not Applicable,22,10:00pm-10:59pm,32,32,99,Unknown EMS Scene Arrival Hour,98,Unknown if Arrived,88,Not Applicable (Not Transported),88,Not Applicable (Not Transported),0,None,0,None,0,None,1,0
2019,27,270060,Minnesota,1,1,0,0,0,1,1,147,STEELE (147),0,NOT APPLICABLE,25,25,3,March,2019,2,Monday,12,12:00pm-12:59pm,41,41,1,This section IS ON the NHS,1,Rural,1,Interstate,1,State Highway Agency,1,Interstate,I-35,,348,348,43.98578056,43.98578056,-93.255297220,-93.255297220,0,No Special Jurisdiction,24,Guardrail Face,0,The First Harmful Event was Not a Collision with a Motor Vehicle in Transport,0,No,1,Non-Junction,1,Not an Intersection,0,None,,,3,On Median,1,Daylight,1,Clear,0,No Additional Atmospheric Conditions,1,Clear,0,No,0000000,Not Applicable,12,12:00pm-12:59pm,43,43,12,12:00pm-12:59pm,55,55,88,Not Applicable (Not Transported),88,Not Applicable (Not Transported),0,None,0,None,0,None,1,0
2019,27,270061,Minnesota,2,2,0,0,0,3,3,13,BLUE EARTH (13),0,NOT APPLICABLE,20,20,3,March,2019,4,Wednesday,10,10:00am-10:59am,50,50,0,This section IS NOT on the NHS,1,Rural,4,Minor Arterial,1,State Highway Agency,3,State Highway,SR-22 VICTORY DR,CR-162 134TH ST,364,364,43.94198889,43.94198889,-93.958500000,-93.958500000,0,No Special Jurisdiction,12,Motor Vehicle In-Transport,6,Angle,0,No,2,Intersection,3,T-Intersection,0,None,,,1,On Roadway,1,Daylight,1,Clear,0,No Additional Atmospheric Conditions,1,Clear,0,No,0000000,Not Applicable,10,10:00am-10:59am,50,50,11,11:00am-11:59am,8,8,11,11:00am-11:59am,40,40,0,None,0,None,0,None,1,0
2019,27,270062,Minnesota,2,2,0,0,0,5,5,53,HENNEPIN (53),4760,MINNEAPOLIS,31,31,3,March,2019,1,Sunday,21,9:00pm-9:59pm,8,8,1,This section IS ON the NHS,2,Urban,1,Interstate,1,State Highway Agency,1,Interstate,I-94,,2301,2301,45.00173056,45.00173056,-93.282933330,-93.282933330,0,No Special Jurisdiction,12,Motor Vehicle In-Transport,2,Front-to-Front,0,No,1,Non-Junction,1,Not an Intersection,0,None,,,1,On Roadway,3,Dark - Lighted,10,Cloudy,4,Snow,4,Snow,0,No,0000000,Not Applicable,21,9:00pm-9:59pm,12,12,21,9:00pm-9:59pm,16,16,88,Not Applicable (Not Transported),88,Not Applicable (Not Transported),0,None,0,None,0,None,1,1
2019,27,270063,Minnesota,4,4,0,0,0,6,6,171,WRIGHT (171),5487,OTSEGO,29,29,3,March,2019,6,Friday,8,8:00am-8:59am,21,21,0,This section IS NOT on the NHS,2,Urban,4,Minor Arterial,2,County Highway Agency,4,County Road,CR-39,,293,293,45.28127222,45.28127222,-93.577150000,-93.577150000,0,No Special Jurisdiction,12,Motor Vehicle In-Transport,6,Angle,0,No,1,Non-Junction,1,Not an Intersection,0,None,,,1,On Roadway,1,Daylight,1,Clear,0,No Additional Atmospheric Conditions,1,Clear,0,No,0000000,Not Applicable,8,8:00am-8:59am,24,24,8,8:00am-8:59am,28,28,9,9:00am-9:59am,14,14,0,None,0,None,0,None,1,0
2019,27,270064,Minnesota,2,2,0,0,0,3,3,123,RAMSEY (123),6330,SAINT PAUL,3,3,4,April,2019,4,Wednesday,1,1:00am-1:59am,30,30,0,This section IS NOT on the NHS,2,Urban,4,Minor Arterial,1,State Highway Agency,3,State Highway,SR-156,,39,39,44.92522500,44.92522500,-93.065669440,-93.065669440,0,No Special Jurisdiction,12,Motor Vehicle In-Transport,6,Angle,0,No,8,Driveway Access Related,1,Not an Intersection,0,None,,,1,On Roadway,3,Dark - Lighted,1,Clear,0,No Additional Atmospheric Conditions,1,Clear,0,No,0000000,Not Applicable,1,1:00am-1:59am,30,30,1,1:00am-1:59am,35,35,1,1:00am-1:59am,40,40,0,None,0,None,0,None,1,1