caseyear,state,st_case,statename,ve_total,ve_forms,pvh_invl,peds,pernotmvit,permvit,persons,county,countyname,city,cityname,day,dayname,month,monthname,year,day_week,day_weekname,hour,hourname,minute,minutename,nhs,nhsname,rur_urb,rur_urbname,func_sys,func_sysname,rd_owner,rd_ownername,route,routename,tway_id,tway_id2,milept,mileptname,latitude,latitudename,longitud,longitudname,sp_jur,sp_jurname,harm_ev,harm_evname,man_coll,man_collname,reljct1,reljct1name,reljct2,reljct2name,typ_int,typ_intname,wrk_zone,wrk_zonename,road_fnc,road_fncname,rel_road,rel_roadname,lgt_cond,lgt_condname,weather1,weather1name,weather2,weather2name,weather,weathername,sch_bus,sch_busname,rail,railname,not_hour,not_hourname,not_min,not_minname,arr_hour,arr_hourname,arr_min,arr_minname,hosp_hr,hosp_hrname,hosp_mn,hosp_mnname,cf1,cf1name,cf2,cf2name,cf3,cf3name,fatals,drunk_dr
2019,27,270065,Minnesota,3,3,0,0,0,6,6,115,PINE (115),0,NOT APPLICABLE,10,10,4,April,2019,4,Wednesday,14,2:00pm-2:59pm,44,44,1,This section IS ON the NHS,1,Rural,3,Principal Arterial - Other,1,State Highway Agency,3,State Highway,SR-23,,2695,2695,45.97042222,45.97042222,-92.986163890,-92.986163890,0,No Special Jurisdiction,12,Motor Vehicle In-Transport,2,Front-to-Front,0,No,8,Driveway Access Related,1,Not an Intersection,0,None,,,1,On Roadway,1,Daylight,10,Cloudy,0,No Additional Atmospheric Conditions,10,Cloudy,0,No,0000000,Not Applicable,14,2:00pm-2:59pm,44,44,14,2:00pm-2:59pm,47,47,99,Unknown,99,Unknown EMS Hospital Arrival Time,0,None,0,None,0,None,1,0
2019,27,270066,Minnesota,1,1,0,0,0,3,3,151,SWIFT (151),0,NOT APPLICABLE,10,10,4,April,2019,4,Wednesday,16,4:00pm-4:59pm,40,40,0,This section IS NOT on the NHS,1,Rural,5,Major Collector,2,County Highway Agency,4,County Road,CR-22 60TH ST NW,,120,120,45.38366944,45.38366944,-95.871741670,-95.871741670,0,No Special Jurisdiction,32,Culvert,0,The First Harmful Event was Not a Collision with a Motor Vehicle in Transport,0,No,1,Non-Junction,1,Not an Intersection,0,None,,,4,On Roadside,1,Daylight,4,Snow,12,Freezing Rain or Drizzle,4,Snow,0,No,0000000,Not Applicable,16,4:00pm-4:59pm,40,40,16,4:00pm-4:59pm,54,54,17,5:00pm-5:59pm,12,12,0,None,0,None,0,None,1,0
2019,27,270067,Minnesota,1,1,0,0,0,1,1,59,ISANTI (59),0,NOT APPLICABLE,14,14,4,April,2019,1,Sunday,18,6:00pm-6:59pm,34,34,0,This section IS NOT on the NHS,1,Rural,5,Major Collector,2,County Highway Agency,4,County Road,CR-10 ZION ST NW,,3,3,45.42365556,45.42365556,-93.332008330,-93.332008330,0,No Special Jurisdiction,1,Rollover/Overturn,0,The First Harmful Event was Not a Collision with a Motor Vehicle in Transport,0,No,1,Non-Junction,1,Not an Intersection,0,None,,,4,On Roadside,1,Daylight,1,Clear,0,No Additional Atmospheric Conditions,1,Clear,0,No,0000000,Not Applicable,18,6:00pm-6:59pm,38,38,18,6:00pm-6:59pm,51,51,19,7:00pm-7:59pm,33,33,0,None,0,None,0,None,1,1
2019,27,270068,Minnesota,1,1,0,0,0,1,1,53,HENNEPIN (53),675,BLOOMINGTON,19,19,4,April,2019,6,Friday,0,0:00am-0:59am,49,49,1,This section IS ON the NHS,2,Urban,2,Principal Arterial - Other Freeways and Expressways,1,State Highway Agency,2,U.S. Highway,US-169,,1189,1189,44.84898889,44.84898889,-93.398572220,-93.398572220,0,No Special Jurisdiction,59,Traffic Sign Support,0,The First Harmful Event was Not a Collision with a Motor Vehicle in Transport,0,No,1,Non-Junction,1,Not an Intersection,0,None,,,4,On Roadside,3,Dark - Lighted,1,Clear,0,No Additional Atmospheric Conditions,1,Clear,0,No,0000000,Not Applicable,0,0:00am-0:59am,54,54,0,0:00am-0:59am,56,56,88,Not Applicable (Not Transported),88,Not Applicable (Not Transported),0,None,0,None,0,None,1,1
2019,27,270069,Minnesota,2,2,0,0,0,3,3,53,HENNEPIN (53),2886,GREENFIELD,20,20,4,April,2019,7,Saturday,10,10:00am-10:59am,39,39,1,This section IS ON the NHS,1,Rural,3,Principal Arterial - Other,1,State Highway Agency,3,State Highway,SR-55,,1658,1658,45.08189167,45.08189167,-93.728972220,-93.728972220,0,No Special Jurisdiction,59,Traffic Sign Support,0,The First Harmful Event was Not a Collision with a Motor Vehicle in Transport,0,No,1,Non-Junction,1,Not an Intersection,0,None,,,3,On Median,1,Daylight,1,Clear,0,No Additional Atmospheric Conditions,1,Clear,0,No,0000000,Not Applicable,10,10:00am-10:59am,39,39,11,11:00am-11:59am,3,3,88,Not Applicable (Not Transported),88,Not Applicable (Not Transported),0,None,0,None,0,None,1,0
2019,27,270070,Minnesota,1,1,0,0,0,1,1,123,RAMSEY (123),6330,SAINT PAUL,20,20,4,April,2019,7,Saturday,23,11:00pm-11:59pm,43,43,0,This section IS NOT on the NHS,2,Urban,4,Minor Arterial,2,County Highway Agency,4,County Road,CR-33 PIERCE BUTLER RD,,25,25,44.96649167,44.96649167,-93.146747220,-93.146747220,0,No Special Jurisdiction,21,Bridge Pier or Support,0,The First Harmful Event was Not a Collision with a Motor Vehicle in Transport,0,No,1,Non-Junction,1,Not an Intersection,0,None,,,4,On Roadside,3,Dark - Lighted,1,Clear,0,No Additional Atmospheric Conditions,1,Clear,0,No,0000000,Not Applicable,23,11:00pm-11:59pm,43,43,23,11:00pm-11:59pm,50,50,88,Not Applicable (Not Transported),88,Not Applicable (Not Transported),0,None,0,None,0,None,1,0
2019,27,270071,Minnesota,1,1,0,0,0,2,2,3,ANOKA (3),9997,Other,21,21,4,April,2019,1,Sunday,1,1:00am-1:59am,12,12,0,This section IS NOT on the NHS,2,Urban,4,Minor Arterial,2,County Highway Agency,4,County Road,CR-24 229TH AVE NW,,100,100,45.38469722,45.38469722,-93.335650000,-93.335650000,0,No Special Jurisdiction,35,Embankment,0,The First Harmful Event was Not a Collision with a Motor Vehicle in Transport,0,No,1,Non-Junction,1,Not an Intersection,0,None,,,4,On Roadside,2,Dark - Not Lighted,1,Clear,0,No Additional Atmospheric Conditions,1,Clear,0,No,0000000,Not Applicable,1,1:00am-1:59am,12,12,1,1:00am-1:59am,19,19,88,Not Applicable (Not Transported),88,Not Applicable (Not Transported),0,None,0,None,0,None,2,1
2019,27,270072,Minnesota,3,3,0,0,0,4,4,19,CARVER (19),7230,WACONIA,22,22,4,April,2019,2,Monday,16,4:00pm-4:59pm,58,58,0,This section IS NOT on the NHS,2,Urban,4,Minor Arterial,1,State Highway Agency,3,State Highway,SR-5,,327,327,44.84500000,44.84500000,-93.779388890,-93.779388890,0,No Special Jurisdiction,12,Motor Vehicle In-Transport,2,Front-to-Front,0,No,1,Non-Junction,1,Not an Intersection,0,None,,,1,On Roadway,1,Daylight,10,Cloudy,0,No Additional Atmospheric Conditions,10,Cloudy,0,No,0000000,Not Applicable,16,4:00pm-4:59pm,58,58,17,5:00pm-5:59pm,1,1,17,5:00pm-5:59pm,17,17,0,None,0,None,0,None,1,0
2019,27,270073,Minnesota,2,2,0,0,0,3,3,129,RENVILLE (129),0,NOT APPLICABLE,10,10,4,April,2019,4,Wednesday,12,12:00pm-12:59pm,40,40,1,This section IS ON the NHS,1,Rural,3,Principal Arterial - Other,1,State Highway Agency,2,U.S. Highway,US-212 830TH AVE,,568,568,44.78890278,44.78890278,-95.396441670,-95.396441670,0,No Special Jurisdiction,12,Motor Vehicle In-Transport,2,Front-to-Front,0,No,1,Non-Junction,1,Not an Intersection,0,None,,,1,On Roadway,1,Daylight,4,Snow,0,No Additional Atmospheric Conditions,4,Snow,0,No,0000000,Not Applicable,12,12:00pm-12:59pm,42,42,12,12:00pm-12:59pm,52,52,13,1:00pm-1:59pm,23,23,0,None,0,None,0,None,1,0
2019,27,270074,Minnesota,1,1,0,0,0,2,2,145,STEARNS (145),0,NOT APPLICABLE,9,9,4,April,2019,3,Tuesday,2,2:00am-2:59am,56,56,0,This section IS NOT on the NHS,1,Rural,6,Minor Collector,2,County Highway Agency,4,County Road,CR-186,,53,53,45.67022222,45.67022222,-94.884822220,-94.884822220,0,No Special Jurisdiction,1,Rollover/Overturn,0,The First Harmful Event was Not a Collision with a Motor Vehicle in Transport,0,No,1,Non-Junction,1,Not an Intersection,0,None,,,4,On Roadside,2,Dark - Not Lighted,1,Clear,0,No Additional Atmospheric Conditions,1,Clear,0,No,0000000,Not Applicable,2,2:00am-2:59am,59,59,3,3:00am-3:59am,10,10,88,Not Applicable (Not Transported),88,Not Applicable (Not Transported),0,None,0,None,0,None,1,1
2019,27,270076,Minnesota,2,2,0,0,0,3,3,53,HENNEPIN (53),4760,MINNEAPOLIS,24,24,4,April,2019,4,Wednesday,21,9:00pm-9:59pm,2,2,0,This section IS NOT on the NHS,2,Urban,5,Major Collector,2,County Highway Agency,4,County Road,CR-152 WASHINGTON AVE N,DOWLING AVE N,80,80,45.02394722,45.02394722,-93.282686110,-93.282686110,0,No Special Jurisdiction,12,Motor Vehicle In-Transport,6,Angle,0,No,2,Intersection,2,Four-Way Intersection,0,None,,,1,On Roadway,2,Dark - Not Lighted,10,Cloudy,0,No Additional Atmospheric Conditions,10,Cloudy,0,No,0000000,Not Applicable,21,9:00pm-9:59pm,2,2,21,9:00pm-9:59pm,14,14,23,11:00pm-11:59pm,0,0,0,None,0,None,0,None,1,0
2019,27,270077,Minnesota,1,1,0,1,1,1,1,53,HENNEPIN (53),5732,PLYMOUTH,26,26,4,April,2019,6,Friday,4,4:00am-4:59am,24,24,1,This section IS ON the NHS,2,Urban,3,Principal Arterial - Other,1,State Highway Agency,3,State Highway,SR-55,CR-6,1816,1816,44.99974444,44.99974444,-93.441841670,-93.441841670,0,No Special Jurisdiction,8,Pedestrian,0,The First Harmful Event was Not a Collision with a Motor Vehicle in Transport,0,No,3,Intersection-Related,3,T-Intersection,0,None,,,1,On Roadway,3,Dark - Lighted,1,Clear,0,No Additional Atmospheric Conditions,1,Clear,0,No,0000000,Not Applicable,4,4:00am-4:59am,24,24,4,4:00am-4:59am,24,24,88,Not Applicable (Not Transported),88,Not Applicable (Not Transported),0,None,0,None,0,None,1,0
2019,27,270078,Minnesota,1,1,0,0,0,2,2,49,GOODHUE (49),0,NOT APPLICABLE,27,27,4,April,2019,7,Saturday,1,1:00am-1:59am,5,5,0,This section IS NOT on the NHS,1,Rural,5,Major Collector,2,County Highway Agency,4,County Road,CR-6,,168,168,44.51949722,44.51949722,-92.661705560,-92.661705560,0,No Special Jurisdiction,1,Rollover/Overturn,0,The First Harmful Event was Not a Collision with a Motor Vehicle in Transport,0,No,1,Non-Junction,1,Not an Intersection,0,None,,,4,On Roadside,2,Dark - Not Lighted,1,Clear,0,No Additional Atmospheric Conditions,1,Clear,0,No,0000000,Not Applicable,1,1:00am-1:59am,5,5,1,1:00am-1:59am,15,15,88,Not Applicable (Not Transported),88,Not Applicable (Not Transported),0,None,0,None,0,None,1,1
2019,27,270079,Minnesota,1,1,0,0,0,1,1,59,ISANTI (59),0,NOT APPLICABLE,1,1,5,May,2019,4,Wednesday,1,1:00am-1:59am,10,10,0,This section IS NOT on the NHS,1,Rural,5,Major Collector,2,County Highway Agency,4,County Road,CR-4 417TH AVE NE,CR-24 POLK ST NE,87,87,45.72398056,45.72398056,-93.244861110,-93.244861110,0,No Special Jurisdiction,42,Tree (Standing Only),0,The First Harmful Event was Not a Collision with a Motor Vehicle in Transport,0,No,3,Intersection-Related,3,T-Intersection,0,None,,,4,On Roadside,2,Dark - Not Lighted,2,Rain,0,No Additional Atmospheric Conditions,2,Rain,0,No,0000000,Not Applicable,1,1:00am-1:59am,10,10,1,1:00am-1:59am,10,10,88,Not Applicable (Not Transported),88,Not Applicable (Not Transported),0,None,0,None,0,None,1,0
2019,27,270080,Minnesota,2,2,0,0,0,2,2,171,WRIGHT (171),0,NOT APPLICABLE,12,12,4,April,2019,6,Friday,6,6:00am-6:59am,45,45,1,This section IS ON the NHS,1,Rural,3,Principal Arterial - Other,1,State Highway Agency,2,U.S. Highway,US-12,,1344,1344,45.06498611,45.06498611,-93.867461110,-93.867461110,0,No Special Jurisdiction,12,Motor Vehicle In-Transport,6,Angle,0,No,1,Non-Junction,1,Not an Intersection,0,None,,,1,On Roadway,1,Daylight,4,Snow,0,No Additional Atmospheric Conditions,4,Snow,0,No,0000000,Not Applicable,6,6:00am-6:59am,45,45,7,7:00am-7:59am,0,0,9,9:00am-9:59am,35,35,0,None,0,None,0,None,1,0
2019,27,270081,Minnesota,2,2,0,0,0,2,2,153,TODD (153),0,NOT APPLICABLE,30,30,4,April,2019,3,Tuesday,10,10:00am-10:59am,1,1,1,This section IS ON the NHS,1,Rural,3,Principal Arterial - Other,1,State Highway Agency,3,State Highway,SR-210,CR-23,809,809,46.32520833,46.32520833,-95.029669440,-95.029669440,0,No Special Jurisdiction,12,Motor Vehicle In-Transport,6,Angle,0,No,2,Intersection,2,Four-Way Intersection,0,None,,,1,On Roadway,1,Daylight,10,Cloudy,0,No Additional Atmospheric Conditions,10,Cloudy,0,No,0000000,Not Applicable,10,10:00am-10:59am,1,1,10,10:00am-10:59am,15,15,10,10:00am-10:59am,40,40,0,None,0,None,0,None,1,0
2019,27,270083,Minnesota,1,1,0,1,1,1,1,163,WASHINGTON (163),5334,OAKDALE,3,3,5,May,2019,6,Friday,15,3:00pm-3:59pm,35,35,1,This section IS ON the NHS,2,Urban,3,Principal Arterial - Other,1,State Highway Agency,3,State Highway,SR-36,,113,113,45.02715556,45.02715556,-92.971461110,-92.971461110,0,No Special Jurisdiction,9,Pedalcyclist,0,The First Harmful Event was Not a Collision with a Motor Vehicle in Transport,0,No,1,Non-Junction,1,Not an Intersection,1,Construction,,,1,On Roadway,1,Daylight,1,Clear,0,No Additional Atmospheric Conditions,1,Clear,0,No,0000000,Not Applicable,15,3:00pm-3:59pm,36,36,15,3:00pm-3:59pm,43,43,16,4:00pm-4:59pm,0,0,0,None,0,None,0,None,1,0
2019,27,270084,Minnesota,2,2,0,0,0,2,2,145,STEARNS (145),0,NOT APPLICABLE,3,3,5,May,2019,6,Friday,18,6:00pm-6:59pm,55,55,0,This section IS NOT on the NHS,1,Rural,5,Major Collector,2,County Highway Agency,4,County Road,CR-3,NORWAY RD,16,16,45.59393889,45.59393889,-94.340852780,-94.340852780,0,No Special Jurisdiction,12,Motor Vehicle In-Transport,6,Angle,0,No,2,Intersection,2,Four-Way Intersection,0,None,,,1,On Roadway,1,Daylight,1,Clear,0,No Additional Atmospheric Conditions,1,Clear,0,No,0000000,Not Applicable,18,6:00pm-6:59pm,56,56,19,7:00pm-7:59pm,5,5,19,7:00pm-7:59pm,40,40,0,None,0,None,0,None,1,1
2019,27,270085,Minnesota,1,1,0,0,0,1,1,123,RAMSEY (123),4536,MAPLEWOOD,4,4,5,May,2019,7,Saturday,16,4:00pm-4:59pm,49,49,0,This section IS NOT on the NHS,2,Urban,4,Minor Arterial,1,State Highway Agency,2,U.S. Highway,US-61,CR-25,1409,1409,45.00842500,45.00842500,-93.057444440,-93.057444440,0,No Special Jurisdiction,1,Rollover/Overturn,0,The First Harmful Event was Not a Collision with a Motor Vehicle in Transport,0,No,3,Intersection-Related,3,T-Intersection,0,None,,,2,On Shoulder,1,Daylight,1,Clear,0,No Additional Atmospheric Conditions,1,Clear,0,No,0000000,Not Applicable,16,4:00pm-4:59pm,49,49,16,4:00pm-4:59pm,54,54,88,Not Applicable (Not Transported),88,Not Applicable (Not Transported),0,None,0,None,0,None,1,1
2019,27,270086,Minnesota,2,2,0,0,0,2,2,93,MEEKER (93),0,NOT APPLICABLE,2,2,5,May,2019,5,Thursday,11,11:00am-11:59am,41,41,1,This section IS ON the NHS,1,Rural,3,Principal Arterial - Other,1,State Highway Agency,3,State Highway,SR-15,,1199,1199,45.14974167,45.14974167,-94.317444440,-94.317444440,0,No Special Jurisdiction,12,Motor Vehicle In-Transport,2,Front-to-Front,0,No,1,Non-Junction,1,Not an Intersection,0,None,,,1,On Roadway,1,Daylight,10,Cloudy,0,No Additional Atmospheric Conditions,10,Cloudy,0,No,0000000,Not Applicable,11,11:00am-11:59am,44,44,12,12:00pm-12:59pm,5,5,88,Not Applicable (Not Transported),88,Not Applicable (Not Transported),0,None,0,None,0,None,1,0
2019,27,270087,Minnesota,2,2,0,0,0,3,3,57,HUBBARD (57),0,NOT APPLICABLE,7,7,5,May,2019,3,Tuesday,21,9:00pm-9:59pm,23,23,1,This section IS ON the NHS,1,Rural,3,Principal Arterial - Other,1,State Highway Agency,2,U.S. Highway,US-2,VAGABOND LOOP,1230,1230,47.39563889,47.39563889,-94.760111110,-94.760111110,0,No Special Jurisdiction,12,Motor Vehicle In-Transport,6,Angle,0,No,2,Intersection,3,T-Intersection,0,None,,,1,On Roadway,2,Dark - Not Lighted,10,Cloudy,0,No Additional Atmospheric Conditions,10,Cloudy,0,No,0000000,Not Applicable,21,9:00pm-9:59pm,23,23,21,9:00pm-9:59pm,33,33,21,9:00pm-9:59pm,53,53,0,None,0,None,0,None,1,0
2019,27,270088,Minnesota,2,2,0,0,0,2,2,103,NICOLLET (103),6350,SAINT PETER,8,8,5,May,2019,4,Wednesday,15,3:00pm-3:59pm,13,13,1,This section IS ON the NHS,2,Urban,3,Principal Arterial - Other,1,State Highway Agency,2,U.S. Highway,US-169,MN-22,647,647,44.31370000,44.31370000,-93.965655560,-93.965655560,0,No Special Jurisdiction,12,Motor Vehicle In-Transport,6,Angle,0,No,2,Intersection,3,T-Intersection,0,None,,,1,On Roadway,1,Daylight,2,Rain,0,No Additional Atmospheric Conditions,2,Rain,0,No,0000000,Not Applicable,99,Unknown,98,Unknown if Notified,99,Unknown EMS Scene Arrival Hour,98,Unknown if Arrived,88,Not Applicable (Not Transported),88,Not Applicable (Not Transported),0,None,0,None,0,None,1,0
2019,27,270089,Minnesota,2,2,0,0,0,2,2,99,MOWER (99),0,NOT APPLICABLE,9,9,5,May,2019,5,Thursday,17,5:00pm-5:59pm,17,17,0,This section IS NOT on the NHS,2,Urban,5,Major Collector,2,County Highway Agency,4,County Road,CR-28 29TH AVE NW,CR-29 4TH ST SE,40,40,43.63767222,43.63767222,-92.970144440,-92.970144440,0,No Special Jurisdiction,12,Motor Vehicle In-Transport,6,Angle,0,No,2,Intersection,2,Four-Way Intersection,0,None,,,1,On Roadway,1,Daylight,10,Cloudy,0,No Additional Atmospheric Conditions,10,Cloudy,0,No,0000000,Not Applicable,17,5:00pm-5:59pm,18,18,17,5:00pm-5:59pm,22,22,88,Not Applicable (Not Transported),88,Not Applicable (Not Transported),0,None,0,None,0,None,1,0
2019,27,270090,Minnesota,1,1,0,0,0,2,2,63,JACKSON (63),0,NOT APPLICABLE,11,11,5,May,2019,7,Saturday,1,1:00am-1:59am,50,50,0,This section IS NOT on the NHS,1,Rural,5,Major Collector,2,County Highway Agency,4,County Road,CR-9 380TH AVE,,140,140,43.64152500,43.64152500,-95.314733330,-95.314733330,0,No Special Jurisdiction,34,Ditch,0,The First Harmful Event was Not a Collision with a Motor Vehicle in Transport,0,No,1,Non-Junction,1,Not an Intersection,0,None,,,4,On Roadside,2,Dark - Not Lighted,10,Cloudy,0,No Additional Atmospheric Conditions,10,Cloudy,0,No,0000000,Not Applicable,5,5:00am-5:59am,44,44,6,6:00am-6:59am,1,1,88,Not Applicable (Not Transported),88,Not Applicable (Not Transported),0,None,0,None,0,None,1,1
2019,27,270091,Minnesota,1,1,0,0,0,3,3,61,ITASCA (61),0,NOT APPLICABLE,11,11,5,May,2019,7,Saturday,2,2:00am-2:59am,20,20,0,This section IS NOT on the NHS,1,Rural,7,Local,2,County Highway Agency,4,County Road,CR-459,,6,6,47.17613333,47.17613333,-93.661247220,-93.661247220,0,No Special Jurisdiction,42,Tree (Standing Only),0,The First Harmful Event was Not a Collision with a Motor Vehicle in Transport,0,No,1,Non-Junction,1,Not an Intersection,0,None,,,4,On Roadside,2,Dark - Not Lighted,1,Clear,0,No Additional Atmospheric Conditions,1,Clear,0,No,0000000,Not Applicable,2,2:00am-2:59am,21,21,2,2:00am-2:59am,30,30,3,3:00am-3:59am,48,48,0,None,0,None,0,None,1,1
2019,27,270092,Minnesota,1,1,0,0,0,1,1,45,FILLMORE (45),0,NOT APPLICABLE,10,10,5,May,2019,6,Friday,1,1:00am-1:59am,10,10,0,This section IS NOT on the NHS,1,Rural,5,Major Collector,2,County Highway Agency,4,County Road,CR-5,,223,223,43.77540000,43.77540000,-92.266669440,-92.266669440,0,No Special Jurisdiction,1,Rollover/Overturn,0,The First Harmful Event was Not a Collision with a Motor Vehicle in Transport,0,No,1,Non-Junction,1,Not an Intersection,0,None,,,4,On Roadside,2,Dark - Not Lighted,1,Clear,0,No Additional Atmospheric Conditions,1,Clear,0,No,0000000,Not Applicable,1,1:00am-1:59am,18,18,1,1:00am-1:59am,28,28,2,2:00am-2:59am,1,1,0,None,0,None,0,None,1,1
2019,27,270093,Minnesota,3,2,1,1,2,4,5,163,WASHINGTON (163),5334,OAKDALE,12,12,5,May,2019,1,Sunday,10,10:00am-10:59am,34,34,1,This section IS ON the NHS,2,Urban,1,Interstate,1,State Highway Agency,1,Interstate,I-694,,559,559,44.97890556,44.97890556,-92.959413890,-92.959413890,0,No Special Jurisdiction,8,Pedestrian,0,The First Harmful Event was Not a Collision with a Motor Vehicle in Transport,0,No,1,Non-Junction,1,Not an Intersection,0,None,,,2,On Shoulder,1,Daylight,1,Clear,0,No Additional Atmospheric Conditions,1,Clear,0,No,0000000,Not Applicable,10,10:00am-10:59am,34,34,10,10:00am-10:59am,34,34,88,Not Applicable (Not Transported),88,Not Applicable (Not Transported),0,None,0,None,0,None,1,0
2019,27,270095,Minnesota,1,1,0,0,0,1,1,159,WADENA (159),0,NOT APPLICABLE,12,12,5,May,2019,1,Sunday,2,2:00am-2:59am,19,19,0,This section IS NOT on the NHS,1,Rural,7,Local,2,County Highway Agency,4,County Road,CR-106 199TH AVE,HUBBARD LINE,22,22,46.80480000,46.80480000,-94.953902780,-94.953902780,0,No Special Jurisdiction,1,Rollover/Overturn,0,The First Harmful Event was Not a Collision with a Motor Vehicle in Transport,0,No,3,Intersection-Related,2,Four-Way Intersection,0,None,,,5,Outside Trafficway,2,Dark - Not Lighted,1,Clear,0,No Additional Atmospheric Conditions,1,Clear,0,No,0000000,Not Applicable,2,2:00am-2:59am,20,20,2,2:00am-2:59am,35,35,88,Not Applicable (Not Transported),88,Not Applicable (Not Transported),0,None,0,None,0,None,1,1
2019,27,270096,Minnesota,2,2,0,0,0,3,3,13,BLUE EARTH (13),0,NOT APPLICABLE,13,13,5,May,2019,2,Monday,16,4:00pm-4:59pm,41,41,1,This section IS ON the NHS,1,Rural,3,Principal Arterial - Other,1,State Highway Agency,3,State Highway,SR-60,,917,917,44.10152500,44.10152500,-94.250947220,-94.250947220,0,No Special Jurisdiction,12,Motor Vehicle In-Transport,7,Sideswipe - Same Direction,0,No,1,Non-Junction,1,Not an Intersection,0,None,,,1,On Roadway,1,Daylight,1,Clear,0,No Additional Atmospheric Conditions,1,Clear,0,No,0000000,Not Applicable,16,4:00pm-4:59pm,45,45,17,5:00pm-5:59pm,4,4,18,6:00pm-6:59pm,13,13,13,Aggressive Driving / Road Rage by Non-contact Vehicle Driver,0,None,0,None,1,0
2019,27,270097,Minnesota,2,2,0,0,0,2,2,1,AITKIN (1),0,NOT APPLICABLE,16,16,5,May,2019,5,Thursday,13,1:00pm-1:59pm,37,37,0,This section IS NOT on the NHS,1,Rural,4,Minor Arterial,1,State Highway Agency,3,State Highway,SR-200,CR-10 THE GREAT RIVER RD,1902,1902,47.00501111,47.00501111,-93.294475000,-93.294475000,0,No Special Jurisdiction,12,Motor Vehicle In-Transport,6,Angle,0,No,2,Intersection,2,Four-Way Intersection,0,None,,,1,On Roadway,1,Daylight,10,Cloudy,0,No Additional Atmospheric Conditions,10,Cloudy,0,No,0000000,Not Applicable,13,1:00pm-1:59pm,38,38,13,1:00pm-1:59pm,39,39,15,3:00pm-3:59pm,11,11,0,None,0,None,0,None,1,0
2019,27,270098,Minnesota,2,1,1,1,1,1,1,149,STEVENS (149),0,NOT APPLICABLE,15,15,5,May,2019,4,Wednesday,19,7:00pm-7:59pm,32,32,0,This section IS NOT on the NHS,1,Rural,5,Major Collector,2,County Highway Agency,4,County Road,CR-10 230TH ST,,47,47,45.57154444,45.57154444,-95.797169440,-95.797169440,0,No Special Jurisdiction,14,Parked Motor Vehicle,0,The First Harmful Event was Not a Collision with a Motor Vehicle in Transport,0,No,1,Non-Junction,1,Not an Intersection,0,None,,,4,On Roadside,1,Daylight,1,Clear,0,No Additional Atmospheric Conditions,1,Clear,0,No,0000000,Not Applicable,19,7:00pm-7:59pm,35,35,19,7:00pm-7:59pm,39,39,20,8:00pm-8:59pm,9,9,0,None,0,None,0,None,1,0
2019,27,270099,Minnesota,1,1,0,0,0,1,1,83,LYON (83),0,NOT APPLICABLE,17,17,5,May,2019,6,Friday,11,11:00am-11:59am,20,20,0,This section IS NOT on the NHS,1,Rural,5,Major Collector,2,County Highway Agency,4,County Road,CR-24 370TH ST,,63,63,44.58695278,44.58695278,-95.840652780,-95.840652780,0,No Special Jurisdiction,1,Rollover/Overturn,0,The First Harmful Event was Not a Collision with a Motor Vehicle in Transport,0,No,1,Non-Junction,1,Not an Intersection,0,None,,,4,On Roadside,1,Daylight,1,Clear,0,No Additional Atmospheric Conditions,1,Clear,0,No,0000000,Not Applicable,11,11:00am-11:59am,20,20,11,11:00am-11:59am,37,37,88,Not Applicable (Not Transported),88,Not Applicable (Not Transported),0,None,0,None,0,None,1,0
2019,27,270100,Minnesota,1,1,0,0,0,2,2,111,OTTER TAIL (111),0,NOT APPLICABLE,24,24,5,May,2019,6,Friday,11,11:00am-11:59am,40,40,1,This section IS ON the NHS,1,Rural,1,Interstate,1,State Highway Agency,1,Interstate,I-94,,495,495,46.34988333,46.34988333,-96.149655560,-96.149655560,0,No Special Jurisdiction,57,Cable Barrier,0,The First Harmful Event was Not a Collision with a Motor Vehicle in Transport,0,No,1,Non-Junction,1,Not an Intersection,0,None,,,4,On Roadside,1,Daylight,2,Rain,0,No Additional Atmospheric Conditions,2,Rain,0,No,0000000,Not Applicable,11,11:00am-11:59am,41,41,11,11:00am-11:59am,59,59,12,12:00pm-12:59pm,24,24,0,None,0,None,0,None,1,0
2019,27,270101,Minnesota,2,2,0,0,0,3,3,129,RENVILLE (129),0,NOT APPLICABLE,26,26,5,May,2019,1,Sunday,18,6:00pm-6:59pm,0,0,0,This section IS NOT on the NHS,1,Rural,4,Minor Arterial,1,State Highway Agency,3,State Highway,SR-4,,888,888,44.64502222,44.64502222,-94.713608330,-94.713608330,0,No Special Jurisdiction,12,Motor Vehicle In-Transport,6,Angle,0,No,1,Non-Junction,1,Not an Intersection,0,None,,,1,On Roadway,1,Daylight,1,Clear,0,No Additional Atmospheric Conditions,1,Clear,0,No,0000000,Not Applicable,18,6:00pm-6:59pm,5,5,18,6:00pm-6:59pm,15,15,99,Unknown,99,Unknown EMS Hospital Arrival Time,0,None,0,None,0,None,1,0