caseyear,state,st_case,statename,ve_total,ve_forms,pvh_invl,peds,pernotmvit,permvit,persons,county,countyname,city,cityname,day,dayname,month,monthname,year,day_week,day_weekname,hour,hourname,minute,minutename,nhs,nhsname,rur_urb,rur_urbname,func_sys,func_sysname,rd_owner,rd_ownername,route,routename,tway_id,tway_id2,milept,mileptname,latitude,latitudename,longitud,longitudname,sp_jur,sp_jurname,harm_ev,harm_evname,man_coll,man_collname,reljct1,reljct1name,reljct2,reljct2name,typ_int,typ_intname,wrk_zone,wrk_zonename,road_fnc,road_fncname,rel_road,rel_roadname,lgt_cond,lgt_condname,weather1,weather1name,weather2,weather2name,weather,weathername,sch_bus,sch_busname,rail,railname,not_hour,not_hourname,not_min,not_minname,arr_hour,arr_hourname,arr_min,arr_minname,hosp_hr,hosp_hrname,hosp_mn,hosp_mnname,cf1,cf1name,cf2,cf2name,cf3,cf3name,fatals,drunk_dr
2019,27,270171,Minnesota,2,2,0,0,0,2,2,77,LAKE OF THE WOODS (77),0,NOT APPLICABLE,22,22,7,July,2019,2,Monday,17,5:00pm-5:59pm,48,48,0,This section IS NOT on the NHS,1,Rural,5,Major Collector,1,State Highway Agency,3,State Highway,SR-172,,35,35,48.75255833,48.75255833,-94.657736110,-94.657736110,0,No Special Jurisdiction,12,Motor Vehicle In-Transport,2,Front-to-Front,0,No,1,Non-Junction,1,Not an Intersection,0,None,,,1,On Roadway,1,Daylight,1,Clear,0,No Additional Atmospheric Conditions,1,Clear,0,No,0000000,Not Applicable,17,5:00pm-5:59pm,48,48,17,5:00pm-5:59pm,53,53,18,6:00pm-6:59pm,39,39,0,None,0,None,0,None,1,0
2019,27,270172,Minnesota,5,1,4,0,0,1,1,169,WINONA (169),7660,WINONA,24,24,7,July,2019,4,Wednesday,13,1:00pm-1:59pm,34,34,0,This section IS NOT on the NHS,2,Urban,4,Minor Arterial,1,State Highway Agency,2,U.S. Highway,US-14/61,,2578,2578,44.04944444,44.04944444,-91.680480560,-91.680480560,0,No Special Jurisdiction,14,Parked Motor Vehicle,0,The First Harmful Event was Not a Collision with a Motor Vehicle in Transport,0,No,1,Non-Junction,1,Not an Intersection,0,None,,,5,Outside Trafficway,1,Daylight,1,Clear,0,No Additional Atmospheric Conditions,1,Clear,0,No,0000000,Not Applicable,13,1:00pm-1:59pm,34,34,13,1:00pm-1:59pm,37,37,88,Not Applicable (Not Transported),88,Not Applicable (Not Transported),0,None,0,None,0,None,1,0
2019,27,270173,Minnesota,1,1,0,0,0,1,1,79,LE SUEUR (79),0,NOT APPLICABLE,26,26,7,July,2019,6,Friday,13,1:00pm-1:59pm,40,40,0,This section IS NOT on the NHS,1,Rural,5,Major Collector,2,County Highway Agency,4,County Road,CR-19 SHANASKA CREEK RD,CR-103 NORTH SHORE DR,22,22,44.26876111,44.26876111,-93.906152780,-93.906152780,0,No Special Jurisdiction,1,Rollover/Overturn,0,The First Harmful Event was Not a Collision with a Motor Vehicle in Transport,0,No,3,Intersection-Related,3,T-Intersection,0,None,,,1,On Roadway,1,Daylight,1,Clear,0,No Additional Atmospheric Conditions,1,Clear,0,No,0000000,Not Applicable,13,1:00pm-1:59pm,44,44,13,1:00pm-1:59pm,59,59,88,Not Applicable (Not Transported),88,Not Applicable (Not Transported),0,None,0,None,0,None,1,0
2019,27,270174,Minnesota,2,2,0,0,0,3,3,117,PIPESTONE (117),0,NOT APPLICABLE,26,26,7,July,2019,6,Friday,15,3:00pm-3:59pm,13,13,0,This section IS NOT on the NHS,1,Rural,5,Major Collector,2,County Highway Agency,4,County Road,CR-10 211TH ST,120TH AVE,113,113,44.15368333,44.15368333,-96.224722220,-96.224722220,0,No Special Jurisdiction,12,Motor Vehicle In-Transport,6,Angle,0,No,2,Intersection,2,Four-Way Intersection,0,None,,,1,On Roadway,1,Daylight,1,Clear,0,No Additional Atmospheric Conditions,1,Clear,0,No,0000000,Not Applicable,15,3:00pm-3:59pm,15,15,15,3:00pm-3:59pm,30,30,15,3:00pm-3:59pm,50,50,0,None,0,None,0,None,1,0
2019,27,270175,Minnesota,2,2,0,0,0,5,5,95,MILLE LACS (95),5760,PRINCETON,28,28,7,July,2019,1,Sunday,12,12:00pm-12:59pm,7,7,0,This section IS NOT on the NHS,1,Rural,4,Minor Arterial,1,State Highway Agency,3,State Highway,SR-95,CR-1 75TH AVE,235,235,45.57443889,45.57443889,-93.573986110,-93.573986110,0,No Special Jurisdiction,12,Motor Vehicle In-Transport,6,Angle,0,No,2,Intersection,2,Four-Way Intersection,0,None,,,1,On Roadway,1,Daylight,2,Rain,0,No Additional Atmospheric Conditions,2,Rain,0,No,0000000,Not Applicable,12,12:00pm-12:59pm,4,4,12,12:00pm-12:59pm,30,30,12,12:00pm-12:59pm,48,48,0,None,0,None,0,None,1,0
2019,27,270176,Minnesota,6,6,0,0,0,8,8,19,CARVER (19),1180,CHASKA,30,30,7,July,2019,3,Tuesday,17,5:00pm-5:59pm,38,38,1,This section IS ON the NHS,2,Urban,2,Principal Arterial - Other Freeways and Expressways,1,State Highway Agency,2,U.S. Highway,US-212 RAMP,SR-41,1490,1490,44.81482778,44.81482778,-93.602458330,-93.602458330,0,No Special Jurisdiction,12,Motor Vehicle In-Transport,6,Angle,1,Yes,2,Intersection,2,Four-Way Intersection,0,None,,,1,On Roadway,1,Daylight,1,Clear,0,No Additional Atmospheric Conditions,1,Clear,0,No,0000000,Not Applicable,17,5:00pm-5:59pm,38,38,17,5:00pm-5:59pm,45,45,18,6:00pm-6:59pm,15,15,20,Police Pursuit Involved,0,None,0,None,1,0
2019,27,270177,Minnesota,1,1,0,0,0,2,2,19,CARVER (19),0,NOT APPLICABLE,30,30,7,July,2019,3,Tuesday,21,9:00pm-9:59pm,24,24,0,This section IS NOT on the NHS,1,Rural,4,Minor Arterial,2,County Highway Agency,4,County Road,CR-10,,47,47,44.91836389,44.91836389,-93.828772220,-93.828772220,0,No Special Jurisdiction,11,Live Animal,0,The First Harmful Event was Not a Collision with a Motor Vehicle in Transport,0,No,1,Non-Junction,1,Not an Intersection,0,None,,,1,On Roadway,2,Dark - Not Lighted,1,Clear,0,No Additional Atmospheric Conditions,1,Clear,0,No,0000000,Not Applicable,21,9:00pm-9:59pm,26,26,21,9:00pm-9:59pm,31,31,21,9:00pm-9:59pm,47,47,0,None,0,None,0,None,1,0
2019,27,270178,Minnesota,1,1,0,2,2,1,1,61,ITASCA (61),0,NOT APPLICABLE,1,1,8,August,2019,5,Thursday,13,1:00pm-1:59pm,15,15,0,This section IS NOT on the NHS,1,Rural,4,Minor Arterial,1,State Highway Agency,3,State Highway,SR-65,,1897,1897,47.54364722,47.54364722,-93.195877780,-93.195877780,0,No Special Jurisdiction,8,Pedestrian,0,The First Harmful Event was Not a Collision with a Motor Vehicle in Transport,0,No,1,Non-Junction,1,Not an Intersection,0,None,,,2,On Shoulder,1,Daylight,1,Clear,0,No Additional Atmospheric Conditions,1,Clear,0,No,0000000,Not Applicable,13,1:00pm-1:59pm,16,16,13,1:00pm-1:59pm,30,30,14,2:00pm-2:59pm,18,18,0,None,0,None,0,None,1,0
2019,27,270179,Minnesota,1,1,0,1,1,1,1,9,BENTON (9),6250,SAINT CLOUD,1,1,8,August,2019,5,Thursday,23,11:00pm-11:59pm,27,27,1,This section IS ON the NHS,2,Urban,3,Principal Arterial - Other,1,State Highway Agency,2,U.S. Highway,US-10,E ST GERMAIN ST,1795,1795,45.56951667,45.56951667,-94.141544440,-94.141544440,0,No Special Jurisdiction,8,Pedestrian,0,The First Harmful Event was Not a Collision with a Motor Vehicle in Transport,0,No,3,Intersection-Related,2,Four-Way Intersection,0,None,,,1,On Roadway,3,Dark - Lighted,1,Clear,0,No Additional Atmospheric Conditions,1,Clear,0,No,0000000,Not Applicable,23,11:00pm-11:59pm,28,28,23,11:00pm-11:59pm,34,34,88,Not Applicable (Not Transported),88,Not Applicable (Not Transported),0,None,0,None,0,None,1,0
2019,27,270180,Minnesota,2,2,0,0,0,2,2,53,HENNEPIN (53),2750,GOLDEN VALLEY,2,2,8,August,2019,6,Friday,8,8:00am-8:59am,25,25,1,This section IS ON the NHS,2,Urban,3,Principal Arterial - Other,1,State Highway Agency,3,State Highway,SR-55,SCHAPER RD,1869,1869,44.98437778,44.98437778,-93.341766670,-93.341766670,0,No Special Jurisdiction,12,Motor Vehicle In-Transport,1,Front-to-Rear,0,No,3,Intersection-Related,3,T-Intersection,0,None,,,1,On Roadway,1,Daylight,1,Clear,0,No Additional Atmospheric Conditions,1,Clear,0,No,0000000,Not Applicable,8,8:00am-8:59am,26,26,8,8:00am-8:59am,36,36,88,Not Applicable (Not Transported),88,Not Applicable (Not Transported),0,None,0,None,0,None,1,1
2019,27,270181,Minnesota,2,2,0,0,0,6,6,109,OLMSTED (109),0,NOT APPLICABLE,2,2,8,August,2019,6,Friday,1,1:00am-1:59am,37,37,1,This section IS ON the NHS,1,Rural,1,Interstate,1,State Highway Agency,1,Interstate,I-90,,2224,2224,43.95558056,43.95558056,-92.260586110,-92.260586110,0,No Special Jurisdiction,12,Motor Vehicle In-Transport,2,Front-to-Front,0,No,1,Non-Junction,1,Not an Intersection,0,None,,,1,On Roadway,2,Dark - Not Lighted,1,Clear,0,No Additional Atmospheric Conditions,1,Clear,0,No,0000000,Not Applicable,1,1:00am-1:59am,37,37,1,1:00am-1:59am,49,49,88,Not Applicable (Not Transported),88,Not Applicable (Not Transported),0,None,0,None,0,None,6,0
2019,27,270182,Minnesota,2,2,0,0,0,3,3,151,SWIFT (151),0,NOT APPLICABLE,3,3,8,August,2019,7,Saturday,19,7:00pm-7:59pm,27,27,0,This section IS NOT on the NHS,1,Rural,6,Minor Collector,2,County Highway Agency,4,County Road,CR-15 80TH ST NW,,44,44,45.34538611,45.34538611,-95.747527780,-95.747527780,0,No Special Jurisdiction,11,Live Animal,0,The First Harmful Event was Not a Collision with a Motor Vehicle in Transport,0,No,1,Non-Junction,1,Not an Intersection,0,None,,,1,On Roadway,1,Daylight,1,Clear,0,No Additional Atmospheric Conditions,1,Clear,0,No,0000000,Not Applicable,19,7:00pm-7:59pm,31,31,19,7:00pm-7:59pm,42,42,20,8:00pm-8:59pm,0,0,0,None,0,None,0,None,1,1
2019,27,270183,Minnesota,2,2,0,0,0,3,3,57,HUBBARD (57),0,NOT APPLICABLE,3,3,8,August,2019,7,Saturday,21,9:00pm-9:59pm,30,30,1,This section IS ON the NHS,1,Rural,3,Principal Arterial - Other,1,State Highway Agency,2,U.S. Highway,US-71,,2679,2679,47.01461944,47.01461944,-95.108169440,-95.108169440,0,No Special Jurisdiction,12,Motor Vehicle In-Transport,1,Front-to-Rear,0,No,1,Non-Junction,1,Not an Intersection,0,None,,,1,On Roadway,2,Dark - Not Lighted,1,Clear,0,No Additional Atmospheric Conditions,1,Clear,0,No,0000000,Not Applicable,21,9:00pm-9:59pm,30,30,21,9:00pm-9:59pm,40,40,88,Not Applicable (Not Transported),88,Not Applicable (Not Transported),0,None,0,None,0,None,1,1
2019,27,270184,Minnesota,1,1,0,1,1,1,1,53,HENNEPIN (53),5990,ROGERS,4,4,8,August,2019,1,Sunday,0,0:00am-0:59am,14,14,0,This section IS NOT on the NHS,2,Urban,7,Local,4,City or Municipal Highway Agency,6,Local Street - Municipality,INDUSTRIAL BLVD,,15,15,45.20060000,45.20060000,-93.567611110,-93.567611110,0,No Special Jurisdiction,9,Pedalcyclist,0,The First Harmful Event was Not a Collision with a Motor Vehicle in Transport,0,No,1,Non-Junction,1,Not an Intersection,0,None,,,1,On Roadway,2,Dark - Not Lighted,1,Clear,0,No Additional Atmospheric Conditions,1,Clear,0,No,0000000,Not Applicable,0,0:00am-0:59am,14,14,0,0:00am-0:59am,16,16,88,Not Applicable (Not Transported),88,Not Applicable (Not Transported),0,None,0,None,0,None,1,0
2019,27,270185,Minnesota,2,2,0,0,0,7,7,15,BROWN (15),0,NOT APPLICABLE,4,4,8,August,2019,1,Sunday,17,5:00pm-5:59pm,48,48,1,This section IS ON the NHS,1,Rural,3,Principal Arterial - Other,1,State Highway Agency,2,U.S. Highway,US-14 MN68,CR-10,923,923,44.31011389,44.31011389,-94.664647220,-94.664647220,0,No Special Jurisdiction,12,Motor Vehicle In-Transport,6,Angle,0,No,2,Intersection,2,Four-Way Intersection,0,None,,,1,On Roadway,1,Daylight,1,Clear,0,No Additional Atmospheric Conditions,1,Clear,0,No,0000000,Not Applicable,17,5:00pm-5:59pm,48,48,17,5:00pm-5:59pm,55,55,18,6:00pm-6:59pm,9,9,0,None,0,None,0,None,2,1
2019,27,270186,Minnesota,2,2,0,0,0,4,4,23,CHIPPEWA (23),7410,WATSON,7,7,8,August,2019,4,Wednesday,17,5:00pm-5:59pm,46,46,1,This section IS ON the NHS,1,Rural,3,Principal Arterial - Other,1,State Highway Agency,2,U.S. Highway,US-59 SR7,,1183,1183,45.00873333,45.00873333,-95.800636110,-95.800636110,0,No Special Jurisdiction,12,Motor Vehicle In-Transport,6,Angle,0,No,4,Driveway Access,1,Not an Intersection,0,None,,,1,On Roadway,1,Daylight,1,Clear,0,No Additional Atmospheric Conditions,1,Clear,0,No,0000000,Not Applicable,17,5:00pm-5:59pm,46,46,18,6:00pm-6:59pm,0,0,18,6:00pm-6:59pm,13,13,0,None,0,None,0,None,1,1
2019,27,270187,Minnesota,1,1,0,0,0,1,1,53,HENNEPIN (53),1496,CORCORAN,9,9,8,August,2019,6,Friday,17,5:00pm-5:59pm,20,20,0,This section IS NOT on the NHS,2,Urban,5,Major Collector,2,County Highway Agency,4,County Road,CR-10,,97,97,45.11192778,45.11192778,-93.570097220,-93.570097220,0,No Special Jurisdiction,35,Embankment,0,The First Harmful Event was Not a Collision with a Motor Vehicle in Transport,0,No,1,Non-Junction,1,Not an Intersection,4,"Work Zone, Type Unknown",,,4,On Roadside,1,Daylight,10,Cloudy,0,No Additional Atmospheric Conditions,10,Cloudy,0,No,0000000,Not Applicable,17,5:00pm-5:59pm,22,22,17,5:00pm-5:59pm,26,26,88,Not Applicable (Not Transported),88,Not Applicable (Not Transported),0,None,0,None,0,None,1,1
2019,27,270188,Minnesota,2,2,0,0,0,5,5,129,RENVILLE (129),0,NOT APPLICABLE,11,11,8,August,2019,1,Sunday,11,11:00am-11:59am,30,30,0,This section IS NOT on the NHS,1,Rural,5,Major Collector,2,County Highway Agency,4,County Road,CR-4,CR-1,61,61,44.67233611,44.67233611,-95.096544440,-95.096544440,0,No Special Jurisdiction,12,Motor Vehicle In-Transport,6,Angle,0,No,2,Intersection,2,Four-Way Intersection,0,None,,,1,On Roadway,1,Daylight,10,Cloudy,0,No Additional Atmospheric Conditions,10,Cloudy,0,No,0000000,Not Applicable,11,11:00am-11:59am,38,38,11,11:00am-11:59am,53,53,12,12:00pm-12:59pm,19,19,0,None,0,None,0,None,2,0
2019,27,270189,Minnesota,2,2,0,0,0,2,2,53,HENNEPIN (53),4810,MINNETONKA MILLS,2,2,8,August,2019,6,Friday,8,8:00am-8:59am,45,45,0,This section IS NOT on the NHS,2,Urban,4,Minor Arterial,2,County Highway Agency,4,County Road,CR-62 TOWNLINE RD,BOULDER CREEK DR,21,21,44.89175278,44.89175278,-93.472880560,-93.472880560,0,No Special Jurisdiction,12,Motor Vehicle In-Transport,6,Angle,8,Not Reported,2,Intersection,2,Four-Way Intersection,0,None,,,1,On Roadway,1,Daylight,1,Clear,0,No Additional Atmospheric Conditions,1,Clear,0,No,0000000,Not Applicable,8,8:00am-8:59am,45,45,8,8:00am-8:59am,50,50,99,Unknown,99,Unknown EMS Hospital Arrival Time,0,None,0,None,0,None,1,0
2019,27,270190,Minnesota,2,2,0,0,0,2,2,37,DAKOTA (37),3490,INVER GROVE HEIGHTS,12,12,8,August,2019,2,Monday,7,7:00am-7:59am,58,58,1,This section IS ON the NHS,2,Urban,3,Principal Arterial - Other,1,State Highway Agency,3,State Highway,SR-55 COURTHOUSE BLVD,CR-28 ARGENTA,2041,2041,44.83860833,44.83860833,-93.099019440,-93.099019440,0,No Special Jurisdiction,12,Motor Vehicle In-Transport,1,Front-to-Rear,0,No,3,Intersection-Related,2,Four-Way Intersection,0,None,,,1,On Roadway,1,Daylight,10,Cloudy,0,No Additional Atmospheric Conditions,10,Cloudy,0,No,0000000,Not Applicable,7,7:00am-7:59am,58,58,8,8:00am-8:59am,5,5,88,Not Applicable (Not Transported),88,Not Applicable (Not Transported),0,None,0,None,0,None,1,0
2019,27,270191,Minnesota,1,1,0,0,0,2,2,73,LAC QUI PARLE (73),0,NOT APPLICABLE,10,10,8,August,2019,7,Saturday,16,4:00pm-4:59pm,42,42,0,This section IS NOT on the NHS,1,Rural,5,Major Collector,1,State Highway Agency,3,State Highway,SR-119,,149,149,45.15041111,45.15041111,-96.062955560,-96.062955560,0,No Special Jurisdiction,1,Rollover/Overturn,0,The First Harmful Event was Not a Collision with a Motor Vehicle in Transport,0,No,1,Non-Junction,1,Not an Intersection,0,None,,,4,On Roadside,1,Daylight,10,Cloudy,0,No Additional Atmospheric Conditions,10,Cloudy,0,No,0000000,Not Applicable,16,4:00pm-4:59pm,37,37,16,4:00pm-4:59pm,44,44,17,5:00pm-5:59pm,4,4,0,None,0,None,0,None,1,1
2019,27,270192,Minnesota,1,1,0,0,0,1,1,35,CROW WING (35),5600,PEQUOT LAKES,10,10,8,August,2019,7,Saturday,19,7:00pm-7:59pm,36,36,1,This section IS ON the NHS,1,Rural,3,Principal Arterial - Other,1,State Highway Agency,3,State Highway,SR-371,,471,471,46.60751944,46.60751944,-94.301661110,-94.301661110,0,No Special Jurisdiction,59,Traffic Sign Support,0,The First Harmful Event was Not a Collision with a Motor Vehicle in Transport,0,No,1,Non-Junction,1,Not an Intersection,0,None,,,4,On Roadside,1,Daylight,1,Clear,0,No Additional Atmospheric Conditions,1,Clear,0,No,0000000,Not Applicable,19,7:00pm-7:59pm,36,36,19,7:00pm-7:59pm,46,46,88,Not Applicable (Not Transported),88,Not Applicable (Not Transported),0,None,0,None,0,None,1,0
2019,27,270193,Minnesota,2,2,0,0,0,2,2,97,MORRISON (97),0,NOT APPLICABLE,15,15,8,August,2019,5,Thursday,17,5:00pm-5:59pm,38,38,0,This section IS NOT on the NHS,1,Rural,4,Minor Arterial,1,State Highway Agency,3,State Highway,SR-25,,1398,1398,46.14970000,46.14970000,-94.103855560,-94.103855560,0,No Special Jurisdiction,54,"Motor Vehicle In-Transport Strikes or is Struck by Cargo, Persons or Objects Set-in-Motion from/by Another Motor Vehicle In Transport",11,Other,0,No,1,Non-Junction,1,Not an Intersection,0,None,,,1,On Roadway,1,Daylight,10,Cloudy,0,No Additional Atmospheric Conditions,10,Cloudy,0,No,0000000,Not Applicable,17,5:00pm-5:59pm,38,38,17,5:00pm-5:59pm,46,46,19,7:00pm-7:59pm,20,20,14,"Motor Vehicle struck by falling cargo,or something that came loose from or something that was set in motion by a vehicle",0,None,0,None,1,0
2019,27,270194,Minnesota,1,1,0,0,0,1,1,1,AITKIN (1),0,NOT APPLICABLE,15,15,8,August,2019,5,Thursday,15,3:00pm-3:59pm,17,17,0,This section IS NOT on the NHS,1,Rural,6,Minor Collector,2,County Highway Agency,4,County Road,CR-13,,85,85,46.53472778,46.53472778,-93.108630560,-93.108630560,0,No Special Jurisdiction,1,Rollover/Overturn,0,The First Harmful Event was Not a Collision with a Motor Vehicle in Transport,0,No,1,Non-Junction,1,Not an Intersection,0,None,,,4,On Roadside,1,Daylight,1,Clear,0,No Additional Atmospheric Conditions,1,Clear,0,No,0000000,Not Applicable,15,3:00pm-3:59pm,18,18,15,3:00pm-3:59pm,35,35,15,3:00pm-3:59pm,48,48,0,None,0,None,0,None,1,0
2019,27,270195,Minnesota,4,4,0,0,0,10,10,65,KANABEC (65),0,NOT APPLICABLE,17,17,8,August,2019,7,Saturday,8,8:00am-8:59am,23,23,0,This section IS NOT on the NHS,1,Rural,5,Major Collector,1,State Highway Agency,3,State Highway,SR-70,CR-11,15,15,45.78867222,45.78867222,-93.266011110,-93.266011110,0,No Special Jurisdiction,12,Motor Vehicle In-Transport,6,Angle,0,No,2,Intersection,2,Four-Way Intersection,0,None,,,1,On Roadway,1,Daylight,1,Clear,0,No Additional Atmospheric Conditions,1,Clear,0,No,0000000,Not Applicable,8,8:00am-8:59am,23,23,8,8:00am-8:59am,38,38,99,Unknown,99,Unknown EMS Hospital Arrival Time,0,None,0,None,0,None,1,0
2019,27,270196,Minnesota,1,1,0,0,0,1,1,169,WINONA (169),0,NOT APPLICABLE,18,18,8,August,2019,1,Sunday,19,7:00pm-7:59pm,50,50,0,This section IS NOT on the NHS,1,Rural,5,Major Collector,2,County Highway Agency,4,County Road,CR-25,,231,231,44.06744722,44.06744722,-91.822813890,-91.822813890,0,No Special Jurisdiction,1,Rollover/Overturn,0,The First Harmful Event was Not a Collision with a Motor Vehicle in Transport,0,No,1,Non-Junction,1,Not an Intersection,0,None,,,1,On Roadway,1,Daylight,1,Clear,0,No Additional Atmospheric Conditions,1,Clear,0,No,0000000,Not Applicable,19,7:00pm-7:59pm,52,52,20,8:00pm-8:59pm,0,0,88,Not Applicable (Not Transported),88,Not Applicable (Not Transported),0,None,0,None,0,None,1,1
2019,27,270197,Minnesota,1,1,0,0,0,1,1,83,LYON (83),0,NOT APPLICABLE,20,20,8,August,2019,3,Tuesday,4,4:00am-4:59am,0,0,0,This section IS NOT on the NHS,1,Rural,5,Major Collector,2,County Highway Agency,4,County Road,CR-3 150TH AVE,,67,67,44.54038889,44.54038889,-95.999250000,-95.999250000,0,No Special Jurisdiction,1,Rollover/Overturn,0,The First Harmful Event was Not a Collision with a Motor Vehicle in Transport,0,No,1,Non-Junction,1,Not an Intersection,0,None,,,4,On Roadside,2,Dark - Not Lighted,1,Clear,0,No Additional Atmospheric Conditions,1,Clear,0,No,0000000,Not Applicable,4,4:00am-4:59am,0,0,4,4:00am-4:59am,8,8,88,Not Applicable (Not Transported),88,Not Applicable (Not Transported),0,None,0,None,0,None,1,1
2019,27,270198,Minnesota,1,1,0,0,0,1,1,145,STEARNS (145),0,NOT APPLICABLE,12,12,8,August,2019,2,Monday,6,6:00am-6:59am,9,9,1,This section IS ON the NHS,1,Rural,3,Principal Arterial - Other,1,State Highway Agency,2,U.S. Highway,US-71,,1589,1589,45.59193889,45.59193889,-94.953166670,-94.953166670,0,No Special Jurisdiction,35,Embankment,0,The First Harmful Event was Not a Collision with a Motor Vehicle in Transport,0,No,1,Non-Junction,1,Not an Intersection,0,None,,,4,On Roadside,4,Dawn,10,Cloudy,0,No Additional Atmospheric Conditions,10,Cloudy,0,No,0000000,Not Applicable,6,6:00am-6:59am,9,9,6,6:00am-6:59am,25,25,88,Not Applicable (Not Transported),88,Not Applicable (Not Transported),0,None,0,None,0,None,1,1
2019,27,270199,Minnesota,2,2,0,0,0,2,2,109,OLMSTED (109),5960,ROCHESTER,21,21,8,August,2019,4,Wednesday,8,8:00am-8:59am,7,7,0,This section IS NOT on the NHS,2,Urban,4,Minor Arterial,4,City or Municipal Highway Agency,6,Local Street - Municipality,N BROADWAY AVE,RIVERVIEW HEIGHTS DR NE,40,40,44.04686667,44.04686667,-92.456758330,-92.456758330,0,No Special Jurisdiction,12,Motor Vehicle In-Transport,6,Angle,0,No,2,Intersection,3,T-Intersection,0,None,,,1,On Roadway,1,Daylight,1,Clear,0,No Additional Atmospheric Conditions,1,Clear,0,No,0000000,Not Applicable,8,8:00am-8:59am,7,7,8,8:00am-8:59am,10,10,88,Not Applicable (Not Transported),88,Not Applicable (Not Transported),0,None,0,None,0,None,1,0
2019,27,270200,Minnesota,1,1,0,1,1,1,1,171,WRIGHT (171),4860,MONTICELLO,21,21,8,August,2019,4,Wednesday,21,9:00pm-9:59pm,49,49,1,This section IS ON the NHS,2,Urban,3,Principal Arterial - Other,1,State Highway Agency,3,State Highway,SR-25,,664,664,45.28528611,45.28528611,-93.806244440,-93.806244440,0,No Special Jurisdiction,9,Pedalcyclist,0,The First Harmful Event was Not a Collision with a Motor Vehicle in Transport,0,No,1,Non-Junction,1,Not an Intersection,0,None,,,1,On Roadway,2,Dark - Not Lighted,1,Clear,0,No Additional Atmospheric Conditions,1,Clear,0,No,0000000,Not Applicable,21,9:00pm-9:59pm,49,49,21,9:00pm-9:59pm,57,57,88,Not Applicable (Not Transported),88,Not Applicable (Not Transported),0,None,0,None,0,None,1,0
2019,27,270201,Minnesota,2,2,0,0,0,2,2,127,REDWOOD (127),0,NOT APPLICABLE,22,22,8,August,2019,5,Thursday,14,2:00pm-2:59pm,58,58,0,This section IS NOT on the NHS,1,Rural,4,Minor Arterial,1,State Highway Agency,3,State Highway,SR-68,CR-13,837,837,44.41301944,44.41301944,-94.986838890,-94.986838890,0,No Special Jurisdiction,12,Motor Vehicle In-Transport,6,Angle,0,No,2,Intersection,2,Four-Way Intersection,0,None,,,1,On Roadway,1,Daylight,1,Clear,0,No Additional Atmospheric Conditions,1,Clear,0,No,0000000,Not Applicable,14,2:00pm-2:59pm,58,58,15,3:00pm-3:59pm,0,0,88,Not Applicable (Not Transported),88,Not Applicable (Not Transported),0,None,0,None,0,None,2,0
2019,27,270202,Minnesota,1,1,0,0,0,2,2,43,FARIBAULT (43),0,NOT APPLICABLE,16,16,8,August,2019,6,Friday,13,1:00pm-1:59pm,0,0,0,This section IS NOT on the NHS,1,Rural,5,Major Collector,1,State Highway Agency,3,State Highway,SR-109,,155,155,43.76057778,43.76057778,-93.854758330,-93.854758330,0,No Special Jurisdiction,1,Rollover/Overturn,0,The First Harmful Event was Not a Collision with a Motor Vehicle in Transport,0,No,1,Non-Junction,1,Not an Intersection,0,None,,,4,On Roadside,1,Daylight,1,Clear,0,No Additional Atmospheric Conditions,1,Clear,0,No,0000000,Not Applicable,13,1:00pm-1:59pm,0,0,13,1:00pm-1:59pm,10,10,99,Unknown,99,Unknown EMS Hospital Arrival Time,0,None,0,None,0,None,1,0
2019,27,270203,Minnesota,3,3,0,0,0,3,3,139,SCOTT (139),0,NOT APPLICABLE,4,4,8,August,2019,1,Sunday,10,10:00am-10:59am,12,12,1,This section IS ON the NHS,2,Urban,3,Principal Arterial - Other,1,State Highway Agency,2,U.S. Highway,US-169,,988,988,44.67579722,44.67579722,-93.623716670,-93.623716670,0,No Special Jurisdiction,20,Impact Attenuator/Crash Cushion,0,The First Harmful Event was Not a Collision with a Motor Vehicle in Transport,0,No,1,Non-Junction,1,Not an Intersection,0,None,,,3,On Median,1,Daylight,1,Clear,0,No Additional Atmospheric Conditions,1,Clear,0,No,0000000,Not Applicable,10,10:00am-10:59am,12,12,10,10:00am-10:59am,17,17,10,10:00am-10:59am,40,40,0,None,0,None,0,None,1,0