caseyear,state,st_case,statename,ve_total,ve_forms,pvh_invl,peds,pernotmvit,permvit,persons,county,countyname,city,cityname,day,dayname,month,monthname,year,day_week,day_weekname,hour,hourname,minute,minutename,nhs,nhsname,rur_urb,rur_urbname,func_sys,func_sysname,rd_owner,rd_ownername,route,routename,tway_id,tway_id2,milept,mileptname,latitude,latitudename,longitud,longitudname,sp_jur,sp_jurname,harm_ev,harm_evname,man_coll,man_collname,reljct1,reljct1name,reljct2,reljct2name,typ_int,typ_intname,wrk_zone,wrk_zonename,road_fnc,road_fncname,rel_road,rel_roadname,lgt_cond,lgt_condname,weather1,weather1name,weather2,weather2name,weather,weathername,sch_bus,sch_busname,rail,railname,not_hour,not_hourname,not_min,not_minname,arr_hour,arr_hourname,arr_min,arr_minname,hosp_hr,hosp_hrname,hosp_mn,hosp_mnname,cf1,cf1name,cf2,cf2name,cf3,cf3name,fatals,drunk_dr
2019,27,270271,Minnesota,1,1,0,0,0,1,1,3,ANOKA (3),3007,HAM LAKE,6,6,9,September,2019,6,Friday,2,2:00am-2:59am,50,50,0,This section IS NOT on the NHS,2,Urban,4,Minor Arterial,2,County Highway Agency,4,County Road,CR-116 BUNKER LAKE BLVD NE,,136,136,45.21897500,45.21897500,-93.211841670,-93.211841670,0,No Special Jurisdiction,42,Tree (Standing Only),0,The First Harmful Event was Not a Collision with a Motor Vehicle in Transport,0,No,1,Non-Junction,1,Not an Intersection,0,None,,,4,On Roadside,3,Dark - Lighted,1,Clear,0,No Additional Atmospheric Conditions,1,Clear,0,No,0000000,Not Applicable,2,2:00am-2:59am,50,50,3,3:00am-3:59am,0,0,88,Not Applicable (Not Transported),88,Not Applicable (Not Transported),0,None,0,None,0,None,1,0
2019,27,270272,Minnesota,1,1,0,0,0,1,1,3,ANOKA (3),0,NOT APPLICABLE,8,8,9,September,2019,1,Sunday,17,5:00pm-5:59pm,15,15,0,This section IS NOT on the NHS,1,Rural,7,Local,3,Town or Township Highway Agency,5,Local Street - Township,224TH LA NE,,0,None,45.37611667,45.37611667,-93.094488890,-93.094488890,0,No Special Jurisdiction,31,"Post, Pole or Other Supports",0,The First Harmful Event was Not a Collision with a Motor Vehicle in Transport,0,No,1,Non-Junction,1,Not an Intersection,0,None,,,4,On Roadside,1,Daylight,1,Clear,0,No Additional Atmospheric Conditions,1,Clear,0,No,0000000,Not Applicable,17,5:00pm-5:59pm,15,15,17,5:00pm-5:59pm,20,20,88,Not Applicable (Not Transported),88,Not Applicable (Not Transported),0,None,0,None,0,None,1,1
2019,27,270273,Minnesota,1,1,0,0,0,2,2,105,NOBLES (105),0,NOT APPLICABLE,18,18,10,October,2019,6,Friday,17,5:00pm-5:59pm,0,0,0,This section IS NOT on the NHS,1,Rural,4,Minor Arterial,1,State Highway Agency,3,State Highway,SR-91,,155,155,43.66883611,43.66883611,-95.933130560,-95.933130560,0,No Special Jurisdiction,35,Embankment,0,The First Harmful Event was Not a Collision with a Motor Vehicle in Transport,0,No,1,Non-Junction,1,Not an Intersection,1,Construction,,,4,On Roadside,1,Daylight,1,Clear,0,No Additional Atmospheric Conditions,1,Clear,0,No,0000000,Not Applicable,17,5:00pm-5:59pm,7,7,17,5:00pm-5:59pm,13,13,17,5:00pm-5:59pm,53,53,3,Other Maintenance or Construction-Created Condition,0,None,0,None,1,0
2019,27,270274,Minnesota,1,1,0,0,0,1,1,3,ANOKA (3),671,BLAINE,19,19,10,October,2019,7,Saturday,18,6:00pm-6:59pm,9,9,0,This section IS NOT on the NHS,2,Urban,4,Minor Arterial,2,County Highway Agency,4,County Road,CR-52 RADISSON RD NE,,75,75,45.21090000,45.21090000,-93.214238890,-93.214238890,0,No Special Jurisdiction,34,Ditch,0,The First Harmful Event was Not a Collision with a Motor Vehicle in Transport,0,No,1,Non-Junction,1,Not an Intersection,0,None,,,4,On Roadside,1,Daylight,1,Clear,0,No Additional Atmospheric Conditions,1,Clear,0,No,0000000,Not Applicable,18,6:00pm-6:59pm,9,9,18,6:00pm-6:59pm,15,15,19,7:00pm-7:59pm,5,5,0,None,0,None,0,None,1,0
2019,27,270275,Minnesota,1,1,0,0,0,2,2,141,SHERBURNE (141),0,NOT APPLICABLE,19,19,10,October,2019,7,Saturday,18,6:00pm-6:59pm,15,15,0,This section IS NOT on the NHS,1,Rural,5,Major Collector,2,County Highway Agency,4,County Road,CR-24 CENTRAL AVE,,14,14,45.39485000,45.39485000,-93.850569440,-93.850569440,0,No Special Jurisdiction,1,Rollover/Overturn,0,The First Harmful Event was Not a Collision with a Motor Vehicle in Transport,0,No,1,Non-Junction,1,Not an Intersection,0,None,,,4,On Roadside,1,Daylight,1,Clear,0,No Additional Atmospheric Conditions,1,Clear,0,No,0000000,Not Applicable,18,6:00pm-6:59pm,15,15,18,6:00pm-6:59pm,18,18,18,6:00pm-6:59pm,26,26,0,None,0,None,0,None,1,1
2019,27,270276,Minnesota,1,1,0,1,1,1,1,61,ITASCA (61),0,NOT APPLICABLE,19,19,10,October,2019,7,Saturday,21,9:00pm-9:59pm,18,18,1,This section IS ON the NHS,1,Rural,3,Principal Arterial - Other,1,State Highway Agency,2,U.S. Highway,US-169,,2955,2955,47.15331944,47.15331944,-93.555077780,-93.555077780,0,No Special Jurisdiction,8,Pedestrian,0,The First Harmful Event was Not a Collision with a Motor Vehicle in Transport,0,No,1,Non-Junction,1,Not an Intersection,0,None,,,1,On Roadway,2,Dark - Not Lighted,1,Clear,0,No Additional Atmospheric Conditions,1,Clear,0,No,0000000,Not Applicable,23,11:00pm-11:59pm,55,55,0,0:00am-0:59am,14,14,88,Not Applicable (Not Transported),88,Not Applicable (Not Transported),0,None,0,None,0,None,1,0
2019,27,270277,Minnesota,2,2,0,0,0,2,2,7,BELTRAMI (7),0,NOT APPLICABLE,24,24,9,September,2019,3,Tuesday,16,4:00pm-4:59pm,30,30,0,This section IS NOT on the NHS,1,Rural,5,Major Collector,2,County Highway Agency,4,County Road,CR-32 NEBISH RD NE,,293,293,47.75877778,47.75877778,-94.684441670,-94.684441670,0,No Special Jurisdiction,12,Motor Vehicle In-Transport,2,Front-to-Front,0,No,1,Non-Junction,1,Not an Intersection,0,None,,,1,On Roadway,1,Daylight,1,Clear,0,No Additional Atmospheric Conditions,1,Clear,0,No,0000000,Not Applicable,16,4:00pm-4:59pm,30,30,16,4:00pm-4:59pm,40,40,17,5:00pm-5:59pm,25,25,0,None,0,None,0,None,1,0
2019,27,270278,Minnesota,1,1,0,0,0,2,2,161,WASECA (161),0,NOT APPLICABLE,23,23,10,October,2019,4,Wednesday,21,9:00pm-9:59pm,32,32,0,This section IS NOT on the NHS,1,Rural,5,Major Collector,2,County Highway Agency,4,County Road,CR-4 128TH ST,,179,179,44.03707222,44.03707222,-93.511730560,-93.511730560,0,No Special Jurisdiction,1,Rollover/Overturn,0,The First Harmful Event was Not a Collision with a Motor Vehicle in Transport,0,No,1,Non-Junction,1,Not an Intersection,0,None,,,4,On Roadside,2,Dark - Not Lighted,1,Clear,0,No Additional Atmospheric Conditions,1,Clear,0,No,0000000,Not Applicable,21,9:00pm-9:59pm,32,32,21,9:00pm-9:59pm,40,40,99,Unknown,99,Unknown EMS Hospital Arrival Time,0,None,0,None,0,None,1,0
2019,27,270279,Minnesota,2,2,0,0,0,3,3,163,WASHINGTON (163),6770,STILLWATER,24,24,10,October,2019,5,Thursday,8,8:00am-8:59am,39,39,1,This section IS ON the NHS,2,Urban,3,Principal Arterial - Other,1,State Highway Agency,3,State Highway,SR-36,,191,191,45.03583056,45.03583056,-92.814744440,-92.814744440,0,No Special Jurisdiction,12,Motor Vehicle In-Transport,1,Front-to-Rear,0,No,1,Non-Junction,1,Not an Intersection,0,None,,,1,On Roadway,1,Daylight,1,Clear,0,No Additional Atmospheric Conditions,1,Clear,0,No,0000000,Not Applicable,8,8:00am-8:59am,39,39,8,8:00am-8:59am,39,39,99,Unknown,99,Unknown EMS Hospital Arrival Time,0,None,0,None,0,None,1,0
2019,27,270280,Minnesota,2,2,0,0,0,2,2,35,CROW WING (35),0,NOT APPLICABLE,25,25,10,October,2019,6,Friday,7,7:00am-7:59am,52,52,0,This section IS NOT on the NHS,1,Rural,4,Minor Arterial,1,State Highway Agency,3,State Highway,SR-25,CR-2,1441,1441,46.21408611,46.21408611,-94.103691670,-94.103691670,0,No Special Jurisdiction,12,Motor Vehicle In-Transport,6,Angle,0,No,2,Intersection,2,Four-Way Intersection,0,None,,,1,On Roadway,1,Daylight,1,Clear,0,No Additional Atmospheric Conditions,1,Clear,0,No,0000000,Not Applicable,7,7:00am-7:59am,52,52,8,8:00am-8:59am,6,6,9,9:00am-9:59am,42,42,0,None,0,None,0,None,1,0
2019,27,270281,Minnesota,1,1,0,0,0,1,1,53,HENNEPIN (53),2008,EDEN PRAIRIE,27,27,10,October,2019,1,Sunday,11,11:00am-11:59am,23,23,1,This section IS ON the NHS,2,Urban,2,Principal Arterial - Other Freeways and Expressways,1,State Highway Agency,2,U.S. Highway,US-212,,1580,1580,44.86246944,44.86246944,-93.442819440,-93.442819440,0,No Special Jurisdiction,35,Embankment,0,The First Harmful Event was Not a Collision with a Motor Vehicle in Transport,1,Yes,19,Other location within Interchange Area,1,Not an Intersection,0,None,,,4,On Roadside,1,Daylight,10,Cloudy,0,No Additional Atmospheric Conditions,10,Cloudy,0,No,0000000,Not Applicable,11,11:00am-11:59am,23,23,11,11:00am-11:59am,28,28,11,11:00am-11:59am,42,42,0,None,0,None,0,None,1,0
2019,27,270282,Minnesota,1,1,0,0,0,3,3,15,BROWN (15),5190,NEW ULM,28,28,10,October,2019,2,Monday,15,3:00pm-3:59pm,6,6,0,This section IS NOT on the NHS,2,Urban,7,Local,4,City or Municipal Highway Agency,6,Local Street - Municipality,AIRPORT RD,N HIGHLAND AVE,1,1,44.32404444,44.32404444,-94.496844440,-94.496844440,0,No Special Jurisdiction,1,Rollover/Overturn,0,The First Harmful Event was Not a Collision with a Motor Vehicle in Transport,0,No,3,Intersection-Related,2,Four-Way Intersection,0,None,,,4,On Roadside,1,Daylight,1,Clear,0,No Additional Atmospheric Conditions,1,Clear,0,No,0000000,Not Applicable,15,3:00pm-3:59pm,6,6,15,3:00pm-3:59pm,14,14,88,Not Applicable (Not Transported),88,Not Applicable (Not Transported),0,None,0,None,0,None,1,0
2019,27,270283,Minnesota,1,1,0,1,1,1,1,37,DAKOTA (37),7510,WEST SAINT PAUL,30,30,10,October,2019,4,Wednesday,9,9:00am-9:59am,49,49,0,This section IS NOT on the NHS,2,Urban,7,Local,4,City or Municipal Highway Agency,6,Local Street - Municipality,MARTHALER LA,,1,1,44.90589167,44.90589167,-93.075569440,-93.075569440,0,No Special Jurisdiction,8,Pedestrian,0,The First Harmful Event was Not a Collision with a Motor Vehicle in Transport,0,No,1,Non-Junction,1,Not an Intersection,0,None,,,1,On Roadway,1,Daylight,1,Clear,0,No Additional Atmospheric Conditions,1,Clear,0,No,0000000,Not Applicable,9,9:00am-9:59am,49,49,9,9:00am-9:59am,53,53,10,10:00am-10:59am,28,28,0,None,0,None,0,None,1,0
2019,27,270284,Minnesota,3,2,1,0,0,4,4,67,KANDIYOHI (67),7590,WILLMAR,30,30,10,October,2019,4,Wednesday,15,3:00pm-3:59pm,25,25,0,This section IS NOT on the NHS,2,Urban,4,Minor Arterial,2,County Highway Agency,4,County Road,CR-15 19TH AVE SW,5TH ST SW,32,32,45.10334167,45.10334167,-95.045827780,-95.045827780,0,No Special Jurisdiction,12,Motor Vehicle In-Transport,6,Angle,0,No,2,Intersection,2,Four-Way Intersection,0,None,,,1,On Roadway,1,Daylight,1,Clear,0,No Additional Atmospheric Conditions,1,Clear,0,No,0000000,Not Applicable,15,3:00pm-3:59pm,28,28,15,3:00pm-3:59pm,31,31,15,3:00pm-3:59pm,46,46,0,None,0,None,0,None,1,0
2019,27,270285,Minnesota,2,2,0,0,0,2,2,21,CASS (21),0,NOT APPLICABLE,31,31,10,October,2019,5,Thursday,18,6:00pm-6:59pm,22,22,0,This section IS NOT on the NHS,1,Rural,4,Minor Arterial,1,State Highway Agency,3,State Highway,SR-84,,244,244,46.97348333,46.97348333,-94.212127780,-94.212127780,0,No Special Jurisdiction,12,Motor Vehicle In-Transport,8,Sideswipe - Opposite Direction,0,No,1,Non-Junction,1,Not an Intersection,0,None,,,1,On Roadway,2,Dark - Not Lighted,1,Clear,0,No Additional Atmospheric Conditions,1,Clear,0,No,0000000,Not Applicable,18,6:00pm-6:59pm,27,27,18,6:00pm-6:59pm,30,30,88,Not Applicable (Not Transported),88,Not Applicable (Not Transported),0,None,0,None,0,None,1,1
2019,27,270286,Minnesota,2,2,0,0,0,2,2,25,CHISAGO (25),5260,NORTH BRANCH,1,1,11,November,2019,6,Friday,5,5:00am-5:59am,28,28,1,This section IS ON the NHS,2,Urban,1,Interstate,1,State Highway Agency,1,Interstate,I-35,,1491,1491,45.52509444,45.52509444,-92.991325000,-92.991325000,0,No Special Jurisdiction,12,Motor Vehicle In-Transport,1,Front-to-Rear,0,No,1,Non-Junction,1,Not an Intersection,0,None,,,1,On Roadway,1,Daylight,1,Clear,0,No Additional Atmospheric Conditions,1,Clear,0,No,0000000,Not Applicable,5,5:00am-5:59am,28,28,5,5:00am-5:59am,36,36,88,Not Applicable (Not Transported),88,Not Applicable (Not Transported),0,None,0,None,0,None,1,1
2019,27,270287,Minnesota,1,1,0,1,1,1,1,37,DAKOTA (37),1945,EAGAN,1,1,11,November,2019,6,Friday,7,7:00am-7:59am,20,20,0,This section IS NOT on the NHS,2,Urban,4,Minor Arterial,2,County Highway Agency,4,County Road,CR-30,SCHOOL ACCESS ROAD,44,44,44.80453333,44.80453333,-93.140072220,-93.140072220,0,No Special Jurisdiction,9,Pedalcyclist,0,The First Harmful Event was Not a Collision with a Motor Vehicle in Transport,0,No,2,Intersection,2,Four-Way Intersection,0,None,,,1,On Roadway,3,Dark - Lighted,98,Not Reported,0,No Additional Atmospheric Conditions,98,Not Reported,0,No,0000000,Not Applicable,7,7:00am-7:59am,20,20,7,7:00am-7:59am,23,23,7,7:00am-7:59am,56,56,0,None,0,None,0,None,1,0
2019,27,270288,Minnesota,2,1,1,1,1,1,1,163,WASHINGTON (163),0,NOT APPLICABLE,3,3,11,November,2019,1,Sunday,8,8:00am-8:59am,51,51,1,This section IS ON the NHS,2,Urban,1,Interstate,1,State Highway Agency,1,Interstate,I-94,,2569,2569,44.95066944,44.95066944,-92.811469440,-92.811469440,0,No Special Jurisdiction,14,Parked Motor Vehicle,0,The First Harmful Event was Not a Collision with a Motor Vehicle in Transport,0,No,1,Non-Junction,1,Not an Intersection,0,None,,,2,On Shoulder,1,Daylight,10,Cloudy,0,No Additional Atmospheric Conditions,10,Cloudy,0,No,0000000,Not Applicable,8,8:00am-8:59am,51,51,8,8:00am-8:59am,58,58,88,Not Applicable (Not Transported),88,Not Applicable (Not Transported),23,Indication of a Stalled/Disabled Vehicle,0,None,0,None,1,0
2019,27,270289,Minnesota,1,1,0,1,1,2,2,29,CLEARWATER (29),0,NOT APPLICABLE,12,12,9,September,2019,5,Thursday,20,8:00pm-8:59pm,32,32,0,This section IS NOT on the NHS,1,Rural,5,Major Collector,2,County Highway Agency,4,County Road,CR-27,,5,5,47.49990278,47.49990278,-95.522863890,-95.522863890,3,Indian Reservation,8,Pedestrian,0,The First Harmful Event was Not a Collision with a Motor Vehicle in Transport,0,No,1,Non-Junction,1,Not an Intersection,0,None,,,1,On Roadway,2,Dark - Not Lighted,10,Cloudy,2,Rain,2,Rain,0,No,0000000,Not Applicable,20,8:00pm-8:59pm,34,34,20,8:00pm-8:59pm,47,47,21,9:00pm-9:59pm,8,8,0,None,0,None,0,None,1,1
2019,27,270290,Minnesota,2,2,0,0,0,2,2,163,WASHINGTON (163),6770,STILLWATER,25,25,9,September,2019,4,Wednesday,15,3:00pm-3:59pm,40,40,0,This section IS NOT on the NHS,2,Urban,5,Major Collector,4,City or Municipal Highway Agency,6,Local Street - Municipality,W CHURCHILL ST,,6,6,45.04815833,45.04815833,-92.807869440,-92.807869440,0,No Special Jurisdiction,12,Motor Vehicle In-Transport,2,Front-to-Front,0,No,1,Non-Junction,1,Not an Intersection,0,None,,,1,On Roadway,1,Daylight,1,Clear,0,No Additional Atmospheric Conditions,1,Clear,0,No,0000000,Not Applicable,99,Unknown,99,Unknown,99,Unknown EMS Scene Arrival Hour,99,Unknown EMS Scene Arrival Minutes,99,Unknown,99,Unknown EMS Hospital Arrival Time,0,None,0,None,0,None,1,0
2019,27,270291,Minnesota,2,2,0,0,0,2,2,109,OLMSTED (109),0,NOT APPLICABLE,20,20,10,October,2019,1,Sunday,18,6:00pm-6:59pm,10,10,0,This section IS NOT on the NHS,1,Rural,5,Major Collector,2,County Highway Agency,4,County Road,CR-29,CR-10,0,None,43.94817778,43.94817778,-92.139019440,-92.139019440,0,No Special Jurisdiction,12,Motor Vehicle In-Transport,2,Front-to-Front,0,No,2,Intersection,2,Four-Way Intersection,0,None,,,1,On Roadway,1,Daylight,1,Clear,0,No Additional Atmospheric Conditions,1,Clear,0,No,0000000,Not Applicable,99,Unknown,99,Unknown,99,Unknown EMS Scene Arrival Hour,99,Unknown EMS Scene Arrival Minutes,99,Unknown,99,Unknown EMS Hospital Arrival Time,0,None,0,None,0,None,1,0
2019,27,270292,Minnesota,2,2,0,0,0,2,2,89,MARSHALL (89),0,NOT APPLICABLE,6,6,11,November,2019,4,Wednesday,16,4:00pm-4:59pm,22,22,0,This section IS NOT on the NHS,1,Rural,4,Minor Arterial,1,State Highway Agency,3,State Highway,SR-219,,150,150,48.29891944,48.29891944,-95.743497220,-95.743497220,0,No Special Jurisdiction,12,Motor Vehicle In-Transport,2,Front-to-Front,0,No,1,Non-Junction,1,Not an Intersection,0,None,,,1,On Roadway,1,Daylight,1,Clear,0,No Additional Atmospheric Conditions,1,Clear,0,No,0000000,Not Applicable,16,4:00pm-4:59pm,22,22,16,4:00pm-4:59pm,40,40,99,Unknown,99,Unknown EMS Hospital Arrival Time,0,None,0,None,0,None,1,0
2019,27,270293,Minnesota,3,3,0,0,0,4,4,137,ST. LOUIS (137),0,NOT APPLICABLE,8,8,11,November,2019,6,Friday,17,5:00pm-5:59pm,36,36,1,This section IS ON the NHS,1,Rural,3,Principal Arterial - Other,1,State Highway Agency,2,U.S. Highway,US-53,,1067,1067,47.97987500,47.97987500,-92.825463890,-92.825463890,0,No Special Jurisdiction,12,Motor Vehicle In-Transport,2,Front-to-Front,0,No,1,Non-Junction,1,Not an Intersection,0,None,,,1,On Roadway,2,Dark - Not Lighted,1,Clear,0,No Additional Atmospheric Conditions,1,Clear,0,No,0000000,Not Applicable,17,5:00pm-5:59pm,38,38,17,5:00pm-5:59pm,44,44,18,6:00pm-6:59pm,25,25,0,None,0,None,0,None,1,1
2019,27,270294,Minnesota,1,1,0,0,0,1,1,141,SHERBURNE (141),0,NOT APPLICABLE,8,8,11,November,2019,6,Friday,18,6:00pm-6:59pm,49,49,1,This section IS ON the NHS,1,Rural,3,Principal Arterial - Other,1,State Highway Agency,2,U.S. Highway,US-169,,1719,1719,45.53572222,45.53572222,-93.584055560,-93.584055560,0,No Special Jurisdiction,1,Rollover/Overturn,0,The First Harmful Event was Not a Collision with a Motor Vehicle in Transport,0,No,1,Non-Junction,1,Not an Intersection,0,None,,,4,On Roadside,2,Dark - Not Lighted,10,Cloudy,0,No Additional Atmospheric Conditions,10,Cloudy,0,No,0000000,Not Applicable,18,6:00pm-6:59pm,49,49,18,6:00pm-6:59pm,58,58,88,Not Applicable (Not Transported),88,Not Applicable (Not Transported),0,None,0,None,0,None,1,0
2019,27,270295,Minnesota,1,1,0,1,1,2,2,97,MORRISON (97),0,NOT APPLICABLE,10,10,11,November,2019,1,Sunday,17,5:00pm-5:59pm,52,52,1,This section IS ON the NHS,2,Urban,3,Principal Arterial - Other,1,State Highway Agency,2,U.S. Highway,US-10,,1512,1512,45.93462500,45.93462500,-94.353650000,-94.353650000,0,No Special Jurisdiction,8,Pedestrian,0,The First Harmful Event was Not a Collision with a Motor Vehicle in Transport,0,No,1,Non-Junction,1,Not an Intersection,0,None,,,1,On Roadway,2,Dark - Not Lighted,10,Cloudy,0,No Additional Atmospheric Conditions,10,Cloudy,0,No,0000000,Not Applicable,17,5:00pm-5:59pm,54,54,17,5:00pm-5:59pm,55,55,18,6:00pm-6:59pm,34,34,0,None,0,None,0,None,1,1
2019,27,270296,Minnesota,2,2,0,0,0,2,2,161,WASECA (161),0,NOT APPLICABLE,12,12,11,November,2019,3,Tuesday,6,6:00am-6:59am,19,19,0,This section IS NOT on the NHS,1,Rural,4,Minor Arterial,1,State Highway Agency,3,State Highway,SR-13,CR-7,442,442,44.18174167,44.18174167,-93.507466670,-93.507466670,0,No Special Jurisdiction,12,Motor Vehicle In-Transport,6,Angle,0,No,2,Intersection,2,Four-Way Intersection,0,None,,,1,On Roadway,2,Dark - Not Lighted,1,Clear,0,No Additional Atmospheric Conditions,1,Clear,0,No,0000000,Not Applicable,6,6:00am-6:59am,17,17,6,6:00am-6:59am,28,28,99,Unknown,99,Unknown EMS Hospital Arrival Time,0,None,0,None,0,None,1,0
2019,27,270297,Minnesota,1,1,0,1,1,1,1,53,HENNEPIN (53),821,BROOKLYN PARK,13,13,11,November,2019,4,Wednesday,6,6:00am-6:59am,25,25,0,This section IS NOT on the NHS,2,Urban,4,Minor Arterial,4,City or Municipal Highway Agency,6,Local Street - Municipality,ZANE AVE,65TH AVE,3,3,45.07289167,45.07289167,-93.355413890,-93.355413890,0,No Special Jurisdiction,9,Pedalcyclist,0,The First Harmful Event was Not a Collision with a Motor Vehicle in Transport,0,No,3,Intersection-Related,2,Four-Way Intersection,0,None,,,1,On Roadway,6,Dark - Unknown Lighting,1,Clear,0,No Additional Atmospheric Conditions,1,Clear,1,Yes,0000000,Not Applicable,6,6:00am-6:59am,29,29,6,6:00am-6:59am,34,34,88,Not Applicable (Not Transported),88,Not Applicable (Not Transported),0,None,0,None,0,None,1,0
2019,27,270298,Minnesota,1,1,0,0,0,1,1,123,RAMSEY (123),6330,SAINT PAUL,14,14,11,November,2019,5,Thursday,17,5:00pm-5:59pm,8,8,0,This section IS NOT on the NHS,2,Urban,7,Local,4,City or Municipal Highway Agency,6,Local Street - Municipality,E PACIFIC ST,N MOUND ST,2,2,44.95147222,44.95147222,-93.062883330,-93.062883330,0,No Special Jurisdiction,35,Embankment,0,The First Harmful Event was Not a Collision with a Motor Vehicle in Transport,0,No,3,Intersection-Related,3,T-Intersection,0,None,,,4,On Roadside,1,Daylight,1,Clear,0,No Additional Atmospheric Conditions,1,Clear,0,No,0000000,Not Applicable,17,5:00pm-5:59pm,10,10,17,5:00pm-5:59pm,14,14,17,5:00pm-5:59pm,35,35,0,None,0,None,0,None,1,0
2019,27,270299,Minnesota,2,2,0,0,0,2,2,41,DOUGLAS (41),0,NOT APPLICABLE,16,16,11,November,2019,7,Saturday,8,8:00am-8:59am,50,50,0,This section IS NOT on the NHS,1,Rural,5,Major Collector,2,County Highway Agency,4,County Road,CR-14,,36,36,46.06424444,46.06424444,-95.386180560,-95.386180560,0,No Special Jurisdiction,12,Motor Vehicle In-Transport,9,Rear-to-Side,0,No,1,Non-Junction,1,Not an Intersection,0,None,,,1,On Roadway,1,Daylight,1,Clear,0,No Additional Atmospheric Conditions,1,Clear,0,No,0000000,Not Applicable,8,8:00am-8:59am,50,50,8,8:00am-8:59am,55,55,9,9:00am-9:59am,30,30,0,None,0,None,0,None,1,0
2019,27,270300,Minnesota,1,1,0,0,0,1,1,3,ANOKA (3),5788,RAMSEY,4,4,11,November,2019,2,Monday,0,0:00am-0:59am,47,47,0,This section IS NOT on the NHS,2,Urban,4,Minor Arterial,2,County Highway Agency,4,County Road,CR-83,,25,25,45.26883889,45.26883889,-93.471422220,-93.471422220,0,No Special Jurisdiction,1,Rollover/Overturn,0,The First Harmful Event was Not a Collision with a Motor Vehicle in Transport,0,No,1,Non-Junction,1,Not an Intersection,0,None,,,4,On Roadside,2,Dark - Not Lighted,1,Clear,0,No Additional Atmospheric Conditions,1,Clear,0,No,0000000,Not Applicable,0,0:00am-0:59am,48,48,0,0:00am-0:59am,55,55,88,Not Applicable (Not Transported),88,Not Applicable (Not Transported),0,None,0,None,0,None,1,1
2019,27,270301,Minnesota,1,1,0,0,0,1,1,119,POLK (119),0,NOT APPLICABLE,17,17,11,November,2019,1,Sunday,3,3:00am-3:59am,55,55,0,This section IS NOT on the NHS,1,Rural,4,Minor Arterial,1,State Highway Agency,2,U.S. Highway,US-75,,3013,3013,47.58276944,47.58276944,-96.815075000,-96.815075000,0,No Special Jurisdiction,35,Embankment,0,The First Harmful Event was Not a Collision with a Motor Vehicle in Transport,0,No,1,Non-Junction,1,Not an Intersection,0,None,,,4,On Roadside,2,Dark - Not Lighted,1,Clear,0,No Additional Atmospheric Conditions,1,Clear,0,No,0000000,Not Applicable,99,Unknown,99,Unknown,99,Unknown EMS Scene Arrival Hour,99,Unknown EMS Scene Arrival Minutes,88,Not Applicable (Not Transported),88,Not Applicable (Not Transported),0,None,0,None,0,None,1,1
2019,27,270302,Minnesota,1,1,0,2,2,1,1,53,HENNEPIN (53),5113,NEW HOPE,1,1,11,November,2019,6,Friday,18,6:00pm-6:59pm,50,50,0,This section IS NOT on the NHS,2,Urban,5,Major Collector,4,City or Municipal Highway Agency,6,Local Street - Municipality,BOONE AVE,DEDECATUR AVE N,24,24,45.04169722,45.04169722,-93.390508330,-93.390508330,0,No Special Jurisdiction,8,Pedestrian,0,The First Harmful Event was Not a Collision with a Motor Vehicle in Transport,0,No,2,Intersection,3,T-Intersection,0,None,,,1,On Roadway,3,Dark - Lighted,1,Clear,0,No Additional Atmospheric Conditions,1,Clear,0,No,0000000,Not Applicable,18,6:00pm-6:59pm,50,50,18,6:00pm-6:59pm,55,55,19,7:00pm-7:59pm,13,13,0,None,0,None,0,None,1,1
2019,27,270303,Minnesota,1,1,0,2,2,1,1,53,HENNEPIN (53),4760,MINNEAPOLIS,9,9,11,November,2019,7,Saturday,17,5:00pm-5:59pm,50,50,0,This section IS NOT on the NHS,2,Urban,5,Major Collector,4,City or Municipal Highway Agency,6,Local Street - Municipality,2ND ST N,5TH AVE N,4,4,44.98693333,44.98693333,-93.273488890,-93.273488890,0,No Special Jurisdiction,8,Pedestrian,0,The First Harmful Event was Not a Collision with a Motor Vehicle in Transport,0,No,3,Intersection-Related,3,T-Intersection,0,None,,,1,On Roadway,2,Dark - Not Lighted,2,Rain,10,Cloudy,2,Rain,0,No,0000000,Not Applicable,18,6:00pm-6:59pm,2,2,18,6:00pm-6:59pm,11,11,18,6:00pm-6:59pm,20,20,0,None,0,None,0,None,1,0