caseyear,state,st_case,statename,ve_total,ve_forms,pvh_invl,peds,pernotmvit,permvit,persons,county,countyname,city,cityname,day,dayname,month,monthname,year,day_week,day_weekname,hour,hourname,minute,minutename,nhs,nhsname,rur_urb,rur_urbname,func_sys,func_sysname,rd_owner,rd_ownername,route,routename,tway_id,tway_id2,milept,mileptname,latitude,latitudename,longitud,longitudname,sp_jur,sp_jurname,harm_ev,harm_evname,man_coll,man_collname,reljct1,reljct1name,reljct2,reljct2name,typ_int,typ_intname,wrk_zone,wrk_zonename,road_fnc,road_fncname,rel_road,rel_roadname,lgt_cond,lgt_condname,weather1,weather1name,weather2,weather2name,weather,weathername,sch_bus,sch_busname,rail,railname,not_hour,not_hourname,not_min,not_minname,arr_hour,arr_hourname,arr_min,arr_minname,hosp_hr,hosp_hrname,hosp_mn,hosp_mnname,cf1,cf1name,cf2,cf2name,cf3,cf3name,fatals,drunk_dr
2019,27,270304,Minnesota,1,1,0,0,0,1,1,137,ST. LOUIS (137),1900,DULUTH,7,7,11,November,2019,5,Thursday,4,4:00am-4:59am,39,39,1,This section IS ON the NHS,2,Urban,3,Principal Arterial - Other,1,State Highway Agency,3,State Highway,SR-194 MESABA AVE,,164,164,46.78824444,46.78824444,-92.106347220,-92.106347220,0,No Special Jurisdiction,30,Utility Pole/Light Support,0,The First Harmful Event was Not a Collision with a Motor Vehicle in Transport,0,No,1,Non-Junction,1,Not an Intersection,0,None,,,4,On Roadside,3,Dark - Lighted,1,Clear,0,No Additional Atmospheric Conditions,1,Clear,0,No,0000000,Not Applicable,99,Unknown,99,Unknown,99,Unknown EMS Scene Arrival Hour,99,Unknown EMS Scene Arrival Minutes,88,Not Applicable (Not Transported),88,Not Applicable (Not Transported),0,None,0,None,0,None,1,1
2019,27,270305,Minnesota,1,1,0,0,0,2,2,163,WASHINGTON (163),9997,Other,22,22,9,September,2019,1,Sunday,19,7:00pm-7:59pm,58,58,0,This section IS NOT on the NHS,1,Rural,4,Minor Arterial,2,County Highway Agency,4,County Road,CR-7 117TH ST N,,4,4,45.11909722,45.11909722,-92.975327780,-92.975327780,0,No Special Jurisdiction,11,Live Animal,0,The First Harmful Event was Not a Collision with a Motor Vehicle in Transport,0,No,1,Non-Junction,1,Not an Intersection,0,None,,,1,On Roadway,2,Dark - Not Lighted,1,Clear,0,No Additional Atmospheric Conditions,1,Clear,0,No,0000000,Not Applicable,20,8:00pm-8:59pm,0,0,20,8:00pm-8:59pm,6,6,20,8:00pm-8:59pm,48,48,0,None,0,None,0,None,1,0
2019,27,270306,Minnesota,1,1,0,1,1,1,1,9,BENTON (9),6250,SAINT CLOUD,7,7,10,October,2019,2,Monday,5,5:00am-5:59am,4,4,0,This section IS NOT on the NHS,2,Urban,7,Local,4,City or Municipal Highway Agency,6,Local Street - Municipality,S BENTON DR,,1,1,45.56925000,45.56925000,-94.140947220,-94.140947220,0,No Special Jurisdiction,8,Pedestrian,0,The First Harmful Event was Not a Collision with a Motor Vehicle in Transport,0,No,1,Non-Junction,1,Not an Intersection,0,None,,,1,On Roadway,3,Dark - Lighted,1,Clear,0,No Additional Atmospheric Conditions,1,Clear,0,No,0000000,Not Applicable,5,5:00am-5:59am,7,7,5,5:00am-5:59am,12,12,5,5:00am-5:59am,20,20,0,None,0,None,0,None,1,0
2019,27,270307,Minnesota,1,1,0,0,0,1,1,123,RAMSEY (123),0,NOT APPLICABLE,18,18,11,November,2019,2,Monday,6,6:00am-6:59am,26,26,1,This section IS ON the NHS,2,Urban,1,Interstate,1,State Highway Agency,1,Interstate,I-35E,,1198,1198,45.11319444,45.11319444,-93.049566670,-93.049566670,0,No Special Jurisdiction,39,Wall,0,The First Harmful Event was Not a Collision with a Motor Vehicle in Transport,0,No,1,Non-Junction,1,Not an Intersection,0,None,,,5,Outside Trafficway,1,Daylight,1,Clear,0,No Additional Atmospheric Conditions,1,Clear,0,No,0000000,Not Applicable,6,6:00am-6:59am,28,28,6,6:00am-6:59am,35,35,88,Not Applicable (Not Transported),88,Not Applicable (Not Transported),0,None,0,None,0,None,1,0
2019,27,270308,Minnesota,1,1,0,0,0,1,1,123,RAMSEY (123),6330,SAINT PAUL,19,19,11,November,2019,3,Tuesday,5,5:00am-5:59am,1,1,0,This section IS NOT on the NHS,2,Urban,5,Major Collector,4,City or Municipal Highway Agency,6,Local Street - Municipality,W ST ANTHONY BLVD,,6,6,44.95220833,44.95220833,-93.118683330,-93.118683330,0,No Special Jurisdiction,30,Utility Pole/Light Support,0,The First Harmful Event was Not a Collision with a Motor Vehicle in Transport,0,No,1,Non-Junction,1,Not an Intersection,0,None,,,4,On Roadside,9,Reported as Unknown,99,Reported as Unknown,0,No Additional Atmospheric Conditions,99,Reported as Unknown,0,No,0000000,Not Applicable,5,5:00am-5:59am,5,5,5,5:00am-5:59am,11,11,88,Not Applicable (Not Transported),88,Not Applicable (Not Transported),0,None,0,None,0,None,1,0
2019,27,270310,Minnesota,1,1,0,1,1,1,1,53,HENNEPIN (53),4760,MINNEAPOLIS,20,20,11,November,2019,4,Wednesday,16,4:00pm-4:59pm,15,15,0,This section IS NOT on the NHS,2,Urban,4,Minor Arterial,4,City or Municipal Highway Agency,6,Local Street - Municipality,12TH ST N,W LINDEN ST,7,7,44.97591389,44.97591389,-93.281069440,-93.281069440,0,No Special Jurisdiction,9,Pedalcyclist,0,The First Harmful Event was Not a Collision with a Motor Vehicle in Transport,1,Yes,3,Intersection-Related,7,"Five Point, or More",1,Construction,,,1,On Roadway,1,Daylight,10,Cloudy,0,No Additional Atmospheric Conditions,10,Cloudy,0,No,0000000,Not Applicable,16,4:00pm-4:59pm,15,15,16,4:00pm-4:59pm,18,18,88,Not Applicable (Not Transported),88,Not Applicable (Not Transported),0,None,0,None,0,None,1,0
2019,27,270311,Minnesota,2,2,0,0,0,3,3,39,DODGE (39),0,NOT APPLICABLE,20,20,11,November,2019,4,Wednesday,18,6:00pm-6:59pm,1,1,1,This section IS ON the NHS,1,Rural,3,Principal Arterial - Other,1,State Highway Agency,2,U.S. Highway,US-14,,1854,1854,44.05192500,44.05192500,-92.990169440,-92.990169440,0,No Special Jurisdiction,12,Motor Vehicle In-Transport,2,Front-to-Front,0,No,1,Non-Junction,1,Not an Intersection,0,None,,,1,On Roadway,2,Dark - Not Lighted,10,Cloudy,0,No Additional Atmospheric Conditions,10,Cloudy,0,No,0000000,Not Applicable,18,6:00pm-6:59pm,6,6,18,6:00pm-6:59pm,18,18,19,7:00pm-7:59pm,42,42,0,None,0,None,0,None,2,1
2019,27,270312,Minnesota,1,1,0,1,1,1,1,53,HENNEPIN (53),4760,MINNEAPOLIS,21,21,11,November,2019,5,Thursday,6,6:00am-6:59am,46,46,1,This section IS ON the NHS,2,Urban,3,Principal Arterial - Other,1,State Highway Agency,3,State Highway,SR-55,,1947,1947,44.92718889,44.92718889,-93.223977780,-93.223977780,0,No Special Jurisdiction,8,Pedestrian,0,The First Harmful Event was Not a Collision with a Motor Vehicle in Transport,0,No,1,Non-Junction,1,Not an Intersection,0,None,,,1,On Roadway,3,Dark - Lighted,98,Not Reported,0,No Additional Atmospheric Conditions,98,Not Reported,0,No,0000000,Not Applicable,6,6:00am-6:59am,46,46,6,6:00am-6:59am,51,51,7,7:00am-7:59am,6,6,0,None,0,None,0,None,1,0
2019,27,270313,Minnesota,2,2,0,0,0,3,3,37,DAKOTA (37),202,APPLE VALLEY,22,22,11,November,2019,6,Friday,21,9:00pm-9:59pm,2,2,0,This section IS NOT on the NHS,2,Urban,4,Minor Arterial,2,County Highway Agency,4,County Road,CR-31 PILOT KNOB RD,,90,90,44.73011944,44.73011944,-93.177166670,-93.177166670,0,No Special Jurisdiction,12,Motor Vehicle In-Transport,6,Angle,0,No,1,Non-Junction,1,Not an Intersection,0,None,,,1,On Roadway,3,Dark - Lighted,1,Clear,0,No Additional Atmospheric Conditions,1,Clear,0,No,0000000,Not Applicable,21,9:00pm-9:59pm,5,5,21,9:00pm-9:59pm,8,8,22,10:00pm-10:59pm,23,23,0,None,0,None,0,None,2,0
2019,27,270314,Minnesota,2,1,1,0,0,1,1,53,HENNEPIN (53),5732,PLYMOUTH,23,23,11,November,2019,7,Saturday,0,0:00am-0:59am,22,22,1,This section IS ON the NHS,2,Urban,1,Interstate,1,State Highway Agency,1,Interstate,I-494,,208,208,44.99622222,44.99622222,-93.458022220,-93.458022220,0,No Special Jurisdiction,14,Parked Motor Vehicle,0,The First Harmful Event was Not a Collision with a Motor Vehicle in Transport,1,Yes,19,Other location within Interchange Area,1,Not an Intersection,0,None,,,2,On Shoulder,3,Dark - Lighted,1,Clear,0,No Additional Atmospheric Conditions,1,Clear,0,No,0000000,Not Applicable,0,0:00am-0:59am,25,25,0,0:00am-0:59am,32,32,1,1:00am-1:59am,3,3,23,Indication of a Stalled/Disabled Vehicle,24,Unstabilized Situation Began and All Harmful Events Occurred Off of the Roadway,0,None,1,1
2019,27,270315,Minnesota,2,2,0,0,0,4,4,141,SHERBURNE (141),0,NOT APPLICABLE,23,23,11,November,2019,7,Saturday,16,4:00pm-4:59pm,47,47,0,This section IS NOT on the NHS,1,Rural,5,Major Collector,2,County Highway Agency,4,County Road,CR-20 75TH AVE,CR-3 27TH ST,53,53,45.53019722,45.53019722,-94.006744440,-94.006744440,0,No Special Jurisdiction,12,Motor Vehicle In-Transport,6,Angle,0,No,2,Intersection,2,Four-Way Intersection,0,None,,,1,On Roadway,5,Dusk,1,Clear,0,No Additional Atmospheric Conditions,1,Clear,0,No,0000000,Not Applicable,16,4:00pm-4:59pm,47,47,17,5:00pm-5:59pm,0,0,17,5:00pm-5:59pm,45,45,0,None,0,None,0,None,3,0
2019,27,270316,Minnesota,1,1,0,1,1,1,1,137,ST. LOUIS (137),1900,DULUTH,25,25,11,November,2019,2,Monday,6,6:00am-6:59am,10,10,0,This section IS NOT on the NHS,2,Urban,7,Local,4,City or Municipal Highway Agency,6,Local Street - Municipality,N CENTRAL ENT,E 10TH ST,1,1,46.79870278,46.79870278,-92.102697220,-92.102697220,0,No Special Jurisdiction,8,Pedestrian,0,The First Harmful Event was Not a Collision with a Motor Vehicle in Transport,0,No,3,Intersection-Related,2,Four-Way Intersection,0,None,,,1,On Roadway,2,Dark - Not Lighted,1,Clear,0,No Additional Atmospheric Conditions,1,Clear,0,No,0000000,Not Applicable,6,6:00am-6:59am,10,10,6,6:00am-6:59am,14,14,6,6:00am-6:59am,18,18,0,None,0,None,0,None,1,0
2019,27,270317,Minnesota,2,2,0,0,0,2,2,53,HENNEPIN (53),9997,Other,29,29,11,November,2019,6,Friday,20,8:00pm-8:59pm,45,45,0,This section IS NOT on the NHS,2,Urban,4,Minor Arterial,2,County Highway Agency,4,County Road,CR-92,,38,38,44.94535833,44.94535833,-93.747008330,-93.747008330,0,No Special Jurisdiction,11,Live Animal,0,The First Harmful Event was Not a Collision with a Motor Vehicle in Transport,0,No,1,Non-Junction,1,Not an Intersection,0,None,,,1,On Roadway,2,Dark - Not Lighted,10,Cloudy,0,No Additional Atmospheric Conditions,10,Cloudy,0,No,0000000,Not Applicable,20,8:00pm-8:59pm,45,45,20,8:00pm-8:59pm,50,50,88,Not Applicable (Not Transported),88,Not Applicable (Not Transported),0,None,0,None,0,None,1,0
2019,27,270318,Minnesota,4,4,0,0,0,7,7,3,ANOKA (3),1492,COON RAPIDS,30,30,11,November,2019,7,Saturday,15,3:00pm-3:59pm,54,54,1,This section IS ON the NHS,2,Urban,3,Principal Arterial - Other,2,County Highway Agency,4,County Road,CR-14 MAIN ST NW,,31,31,45.19760278,45.19760278,-93.320930560,-93.320930560,0,No Special Jurisdiction,12,Motor Vehicle In-Transport,2,Front-to-Front,0,No,1,Non-Junction,1,Not an Intersection,0,None,,,1,On Roadway,1,Daylight,4,Snow,0,No Additional Atmospheric Conditions,4,Snow,0,No,0000000,Not Applicable,15,3:00pm-3:59pm,54,54,15,3:00pm-3:59pm,59,59,16,4:00pm-4:59pm,23,23,0,None,0,None,0,None,1,1
2019,27,270319,Minnesota,1,1,0,1,1,1,1,53,HENNEPIN (53),675,BLOOMINGTON,3,3,12,December,2019,3,Tuesday,19,7:00pm-7:59pm,18,18,0,This section IS NOT on the NHS,2,Urban,4,Minor Arterial,4,City or Municipal Highway Agency,6,Local Street - Municipality,98TH ST,NEWTON AVE S,3,3,44.82633333,44.82633333,-93.306586110,-93.306586110,0,No Special Jurisdiction,8,Pedestrian,0,The First Harmful Event was Not a Collision with a Motor Vehicle in Transport,0,No,3,Intersection-Related,3,T-Intersection,0,None,,,1,On Roadway,3,Dark - Lighted,10,Cloudy,0,No Additional Atmospheric Conditions,10,Cloudy,0,No,0000000,Not Applicable,19,7:00pm-7:59pm,26,26,19,7:00pm-7:59pm,28,28,88,Not Applicable (Not Transported),88,Not Applicable (Not Transported),0,None,0,None,0,None,1,1
2019,27,270320,Minnesota,1,1,0,0,0,1,1,137,ST. LOUIS (137),0,NOT APPLICABLE,4,4,12,December,2019,4,Wednesday,12,12:00pm-12:59pm,7,7,0,This section IS NOT on the NHS,1,Rural,6,Minor Collector,2,County Highway Agency,4,County Road,CR-28 SAX RD,,63,63,47.21141944,47.21141944,-92.603491670,-92.603491670,0,No Special Jurisdiction,10,Railway Vehicle,0,The First Harmful Event was Not a Collision with a Motor Vehicle in Transport,0,No,6,Railway Grade Crossing,1,Not an Intersection,0,None,,,1,On Roadway,1,Daylight,1,Clear,0,No Additional Atmospheric Conditions,1,Clear,0,No,251948K,251948K,12,12:00pm-12:59pm,7,7,12,12:00pm-12:59pm,28,28,88,Not Applicable (Not Transported),88,Not Applicable (Not Transported),0,None,0,None,0,None,1,0
2019,27,270321,Minnesota,1,1,0,1,1,2,2,123,RAMSEY (123),6330,SAINT PAUL,5,5,12,December,2019,5,Thursday,17,5:00pm-5:59pm,10,10,0,This section IS NOT on the NHS,2,Urban,4,Minor Arterial,2,County Highway Agency,4,County Road,CR-30 E LARPENTEUR AVE,MANTON ST,83,83,44.99198333,44.99198333,-93.039194440,-93.039194440,0,No Special Jurisdiction,8,Pedestrian,0,The First Harmful Event was Not a Collision with a Motor Vehicle in Transport,0,No,3,Intersection-Related,3,T-Intersection,0,None,,,1,On Roadway,3,Dark - Lighted,1,Clear,0,No Additional Atmospheric Conditions,1,Clear,0,No,0000000,Not Applicable,17,5:00pm-5:59pm,10,10,17,5:00pm-5:59pm,15,15,88,Not Applicable (Not Transported),88,Not Applicable (Not Transported),0,None,0,None,0,None,1,0
2019,27,270322,Minnesota,2,2,0,0,0,2,2,53,HENNEPIN (53),5732,PLYMOUTH,5,5,12,December,2019,5,Thursday,18,6:00pm-6:59pm,27,27,0,This section IS NOT on the NHS,2,Urban,4,Minor Arterial,2,County Highway Agency,4,County Road,CR-101,,89,89,45.00355000,45.00355000,-93.506727780,-93.506727780,0,No Special Jurisdiction,12,Motor Vehicle In-Transport,2,Front-to-Front,0,No,1,Non-Junction,1,Not an Intersection,0,None,,,1,On Roadway,3,Dark - Lighted,10,Cloudy,0,No Additional Atmospheric Conditions,10,Cloudy,0,No,0000000,Not Applicable,18,6:00pm-6:59pm,29,29,18,6:00pm-6:59pm,37,37,19,7:00pm-7:59pm,20,20,0,None,0,None,0,None,1,0
2019,27,270323,Minnesota,1,1,0,1,1,1,1,3,ANOKA (3),671,BLAINE,6,6,12,December,2019,6,Friday,6,6:00am-6:59am,2,2,0,This section IS NOT on the NHS,2,Urban,4,Minor Arterial,2,County Highway Agency,4,County Road,CR-23,,2,2,45.12746389,45.12746389,-93.184261110,-93.184261110,0,No Special Jurisdiction,8,Pedestrian,0,The First Harmful Event was Not a Collision with a Motor Vehicle in Transport,0,No,1,Non-Junction,1,Not an Intersection,0,None,,,1,On Roadway,2,Dark - Not Lighted,1,Clear,0,No Additional Atmospheric Conditions,1,Clear,0,No,0000000,Not Applicable,6,6:00am-6:59am,2,2,6,6:00am-6:59am,10,10,6,6:00am-6:59am,13,13,0,None,0,None,0,None,1,1
2019,27,270324,Minnesota,1,1,0,0,0,1,1,21,CASS (21),0,NOT APPLICABLE,7,7,12,December,2019,7,Saturday,1,1:00am-1:59am,43,43,0,This section IS NOT on the NHS,1,Rural,5,Major Collector,2,County Highway Agency,4,County Road,CR-8,,207,207,47.32722778,47.32722778,-94.222661110,-94.222661110,0,No Special Jurisdiction,1,Rollover/Overturn,0,The First Harmful Event was Not a Collision with a Motor Vehicle in Transport,0,No,1,Non-Junction,1,Not an Intersection,0,None,,,4,On Roadside,2,Dark - Not Lighted,1,Clear,0,No Additional Atmospheric Conditions,1,Clear,0,No,0000000,Not Applicable,1,1:00am-1:59am,45,45,2,2:00am-2:59am,3,3,88,Not Applicable (Not Transported),88,Not Applicable (Not Transported),0,None,0,None,0,None,1,1
2019,27,270325,Minnesota,1,1,0,0,0,1,1,163,WASHINGTON (163),0,NOT APPLICABLE,11,11,12,December,2019,4,Wednesday,10,10:00am-10:59am,40,40,0,This section IS NOT on the NHS,1,Rural,4,Minor Arterial,2,County Highway Agency,4,County Road,CR-15,,121,121,45.10572778,45.10572778,-92.866000000,-92.866000000,0,No Special Jurisdiction,24,Guardrail Face,0,The First Harmful Event was Not a Collision with a Motor Vehicle in Transport,0,No,1,Non-Junction,1,Not an Intersection,0,None,,,4,On Roadside,1,Daylight,1,Clear,0,No Additional Atmospheric Conditions,1,Clear,0,No,0000000,Not Applicable,10,10:00am-10:59am,43,43,10,10:00am-10:59am,53,53,88,Not Applicable (Not Transported),88,Not Applicable (Not Transported),0,None,0,None,0,None,1,0
2019,27,270326,Minnesota,2,2,0,0,0,3,3,79,LE SUEUR (79),0,NOT APPLICABLE,14,14,12,December,2019,7,Saturday,16,4:00pm-4:59pm,41,41,0,This section IS NOT on the NHS,1,Rural,5,Major Collector,2,County Highway Agency,4,County Road,CR-26 LEXINGTON RD,,161,161,44.44255278,44.44255278,-93.605769440,-93.605769440,0,No Special Jurisdiction,12,Motor Vehicle In-Transport,6,Angle,0,No,1,Non-Junction,1,Not an Intersection,0,None,,,1,On Roadway,5,Dusk,1,Clear,0,No Additional Atmospheric Conditions,1,Clear,0,No,0000000,Not Applicable,16,4:00pm-4:59pm,44,44,16,4:00pm-4:59pm,49,49,88,Not Applicable (Not Transported),88,Not Applicable (Not Transported),0,None,0,None,0,None,1,0
2019,27,270327,Minnesota,1,1,0,0,0,1,1,93,MEEKER (93),0,NOT APPLICABLE,17,17,12,December,2019,3,Tuesday,8,8:00am-8:59am,0,0,0,This section IS NOT on the NHS,1,Rural,5,Major Collector,2,County Highway Agency,4,County Road,CR-21,,8,8,45.16304444,45.16304444,-94.384705560,-94.384705560,0,No Special Jurisdiction,1,Rollover/Overturn,0,The First Harmful Event was Not a Collision with a Motor Vehicle in Transport,0,No,1,Non-Junction,1,Not an Intersection,0,None,,,4,On Roadside,1,Daylight,1,Clear,0,No Additional Atmospheric Conditions,1,Clear,0,No,0000000,Not Applicable,8,8:00am-8:59am,3,3,8,8:00am-8:59am,12,12,88,Not Applicable (Not Transported),88,Not Applicable (Not Transported),0,None,0,None,0,None,1,1
2019,27,270328,Minnesota,2,2,0,0,0,3,3,109,OLMSTED (109),5960,ROCHESTER,19,19,12,December,2019,5,Thursday,17,5:00pm-5:59pm,0,0,0,This section IS NOT on the NHS,2,Urban,5,Major Collector,4,City or Municipal Highway Agency,6,Local Street - Municipality,65TH ST NW/OVERLAND DRIVER NW,BANDEL RD NW,0,None,44.09381111,44.09381111,-92.507325000,-92.507325000,0,No Special Jurisdiction,12,Motor Vehicle In-Transport,6,Angle,0,No,2,Intersection,3,T-Intersection,0,None,,,1,On Roadway,5,Dusk,1,Clear,0,No Additional Atmospheric Conditions,1,Clear,0,No,0000000,Not Applicable,17,5:00pm-5:59pm,2,2,17,5:00pm-5:59pm,11,11,17,5:00pm-5:59pm,35,35,0,None,0,None,0,None,2,0
2019,27,270329,Minnesota,2,2,0,0,0,2,2,7,BELTRAMI (7),0,NOT APPLICABLE,20,20,12,December,2019,6,Friday,12,12:00pm-12:59pm,32,32,1,This section IS ON the NHS,2,Urban,3,Principal Arterial - Other,1,State Highway Agency,2,U.S. Highway,US-2,CR-11,1105,1105,47.50196389,47.50196389,-94.935644440,-94.935644440,0,No Special Jurisdiction,12,Motor Vehicle In-Transport,6,Angle,0,No,2,Intersection,2,Four-Way Intersection,0,None,,,1,On Roadway,1,Daylight,10,Cloudy,0,No Additional Atmospheric Conditions,10,Cloudy,0,No,0000000,Not Applicable,12,12:00pm-12:59pm,33,33,12,12:00pm-12:59pm,35,35,12,12:00pm-12:59pm,43,43,0,None,0,None,0,None,1,0
2019,27,270330,Minnesota,1,1,0,6,6,2,2,45,FILLMORE (45),0,NOT APPLICABLE,20,20,12,December,2019,6,Friday,19,7:00pm-7:59pm,0,0,0,This section IS NOT on the NHS,1,Rural,4,Minor Arterial,1,State Highway Agency,3,State Highway,SR-44,,283,283,43.51520556,43.51520556,-91.850625000,-91.850625000,0,No Special Jurisdiction,49,Ridden Animal or Animal Drawn Conveyance,0,The First Harmful Event was Not a Collision with a Motor Vehicle in Transport,0,No,8,Driveway Access Related,1,Not an Intersection,0,None,,,1,On Roadway,2,Dark - Not Lighted,1,Clear,0,No Additional Atmospheric Conditions,1,Clear,0,No,0000000,Not Applicable,19,7:00pm-7:59pm,3,3,19,7:00pm-7:59pm,9,9,99,Unknown,99,Unknown EMS Hospital Arrival Time,0,None,0,None,0,None,1,0
2019,27,270331,Minnesota,2,2,0,0,0,3,3,113,PENNINGTON (113),0,NOT APPLICABLE,21,21,12,December,2019,7,Saturday,23,11:00pm-11:59pm,24,24,0,This section IS NOT on the NHS,1,Rural,4,Minor Arterial,1,State Highway Agency,3,State Highway,SR-1,CR-22 PENNINGTON,574,574,48.12099444,48.12099444,-95.939119440,-95.939119440,0,No Special Jurisdiction,12,Motor Vehicle In-Transport,2,Front-to-Front,0,No,2,Intersection,2,Four-Way Intersection,0,None,,,1,On Roadway,2,Dark - Not Lighted,1,Clear,0,No Additional Atmospheric Conditions,1,Clear,0,No,0000000,Not Applicable,23,11:00pm-11:59pm,24,24,23,11:00pm-11:59pm,30,30,99,Unknown,99,Unknown EMS Hospital Arrival Time,0,None,0,None,0,None,1,1
2019,27,270332,Minnesota,1,1,0,1,1,1,1,163,WASHINGTON (163),430,BAYPORT,4,4,12,December,2019,4,Wednesday,6,6:00am-6:59am,48,48,0,This section IS NOT on the NHS,2,Urban,4,Minor Arterial,1,State Highway Agency,3,State Highway,SR-95 3RD ST N,5TH AVE,1060,1060,45.02170000,45.02170000,-92.780969440,-92.780969440,0,No Special Jurisdiction,8,Pedestrian,0,The First Harmful Event was Not a Collision with a Motor Vehicle in Transport,0,No,3,Intersection-Related,2,Four-Way Intersection,0,None,,,1,On Roadway,3,Dark - Lighted,10,Cloudy,0,No Additional Atmospheric Conditions,10,Cloudy,0,No,0000000,Not Applicable,6,6:00am-6:59am,49,49,6,6:00am-6:59am,49,49,7,7:00am-7:59am,0,0,0,None,0,None,0,None,1,0
2019,27,270333,Minnesota,1,1,0,0,0,1,1,13,BLUE EARTH (13),4480,MANKATO,22,22,12,December,2019,1,Sunday,21,9:00pm-9:59pm,40,40,0,This section IS NOT on the NHS,2,Urban,4,Minor Arterial,2,County Highway Agency,4,County Road,CR-16 STOLTZMAN RD,,191,191,44.15278889,44.15278889,-94.008788890,-94.008788890,0,No Special Jurisdiction,42,Tree (Standing Only),0,The First Harmful Event was Not a Collision with a Motor Vehicle in Transport,0,No,1,Non-Junction,1,Not an Intersection,0,None,,,4,On Roadside,3,Dark - Lighted,10,Cloudy,0,No Additional Atmospheric Conditions,10,Cloudy,0,No,0000000,Not Applicable,21,9:00pm-9:59pm,47,47,21,9:00pm-9:59pm,51,51,88,Not Applicable (Not Transported),88,Not Applicable (Not Transported),0,None,0,None,0,None,1,0
2019,27,270334,Minnesota,1,1,0,0,0,1,1,43,FARIBAULT (43),0,NOT APPLICABLE,23,23,12,December,2019,2,Monday,9,9:00am-9:59am,30,30,0,This section IS NOT on the NHS,1,Rural,5,Major Collector,2,County Highway Agency,4,County Road,CR-16 110TH ST,,6,6,43.65222500,43.65222500,-94.234780560,-94.234780560,0,No Special Jurisdiction,34,Ditch,0,The First Harmful Event was Not a Collision with a Motor Vehicle in Transport,0,No,1,Non-Junction,1,Not an Intersection,0,None,,,4,On Roadside,1,Daylight,1,Clear,0,No Additional Atmospheric Conditions,1,Clear,0,No,0000000,Not Applicable,9,9:00am-9:59am,30,30,9,9:00am-9:59am,40,40,88,Not Applicable (Not Transported),88,Not Applicable (Not Transported),0,None,0,None,0,None,1,0
2019,27,270335,Minnesota,1,1,0,1,1,1,1,55,HOUSTON (55),3350,HOKAH,24,24,12,December,2019,3,Tuesday,10,10:00am-10:59am,33,33,0,This section IS NOT on the NHS,1,Rural,4,Minor Arterial,1,State Highway Agency,3,State Highway,SR-16,,2745,2745,43.76075556,43.76075556,-91.353597220,-91.353597220,0,No Special Jurisdiction,8,Pedestrian,0,The First Harmful Event was Not a Collision with a Motor Vehicle in Transport,0,No,1,Non-Junction,1,Not an Intersection,0,None,,,2,On Shoulder,2,Dark - Not Lighted,99,Reported as Unknown,0,No Additional Atmospheric Conditions,99,Reported as Unknown,0,No,0000000,Not Applicable,10,10:00am-10:59am,33,33,10,10:00am-10:59am,36,36,88,Not Applicable (Not Transported),88,Not Applicable (Not Transported),0,None,0,None,0,None,1,0
2019,27,270336,Minnesota,2,2,0,0,0,3,3,87,MAHNOMEN (87),0,NOT APPLICABLE,25,25,12,December,2019,4,Wednesday,11,11:00am-11:59am,12,12,1,This section IS ON the NHS,1,Rural,3,Principal Arterial - Other,1,State Highway Agency,2,U.S. Highway,US-59,,3087,3087,47.46736667,47.46736667,-95.976033330,-95.976033330,0,No Special Jurisdiction,12,Motor Vehicle In-Transport,1,Front-to-Rear,0,No,1,Non-Junction,1,Not an Intersection,0,None,,,1,On Roadway,1,Daylight,98,Not Reported,0,No Additional Atmospheric Conditions,98,Not Reported,0,No,0000000,Not Applicable,11,11:00am-11:59am,10,10,11,11:00am-11:59am,29,29,11,11:00am-11:59am,56,56,0,None,0,None,0,None,1,0