caseyear,state,st_case,statename,ve_total,ve_forms,pvh_invl,peds,pernotmvit,permvit,persons,county,countyname,city,cityname,day,dayname,month,monthname,year,day_week,day_weekname,hour,hourname,minute,minutename,nhs,nhsname,rur_urb,rur_urbname,func_sys,func_sysname,rd_owner,rd_ownername,route,routename,tway_id,tway_id2,milept,mileptname,latitude,latitudename,longitud,longitudname,sp_jur,sp_jurname,harm_ev,harm_evname,man_coll,man_collname,reljct1,reljct1name,reljct2,reljct2name,typ_int,typ_intname,wrk_zone,wrk_zonename,road_fnc,road_fncname,rel_road,rel_roadname,lgt_cond,lgt_condname,weather1,weather1name,weather2,weather2name,weather,weathername,sch_bus,sch_busname,rail,railname,not_hour,not_hourname,not_min,not_minname,arr_hour,arr_hourname,arr_min,arr_minname,hosp_hr,hosp_hrname,hosp_mn,hosp_mnname,cf1,cf1name,cf2,cf2name,cf3,cf3name,fatals,drunk_dr
2019,27,270337,Minnesota,1,1,0,0,0,1,1,145,STEARNS (145),0,NOT APPLICABLE,28,28,12,December,2019,7,Saturday,99,Unknown Hours,99,Unknown Minutes,0,This section IS NOT on the NHS,1,Rural,7,Local,3,Town or Township Highway Agency,5,Local Street - Township,440TH ST,125TH AVE,1,1,45.76069444,45.76069444,-94.367316670,-94.367316670,0,No Special Jurisdiction,42,Tree (Standing Only),0,The First Harmful Event was Not a Collision with a Motor Vehicle in Transport,0,No,3,Intersection-Related,3,T-Intersection,0,None,,,4,On Roadside,2,Dark - Not Lighted,10,Cloudy,0,No Additional Atmospheric Conditions,10,Cloudy,0,No,0000000,Not Applicable,4,4:00am-4:59am,27,27,4,4:00am-4:59am,29,29,88,Not Applicable (Not Transported),88,Not Applicable (Not Transported),0,None,0,None,0,None,1,1
2019,27,270338,Minnesota,1,1,0,0,0,1,1,3,ANOKA (3),4184,LINO LAKES,28,28,12,December,2019,7,Saturday,6,6:00am-6:59am,41,41,1,This section IS ON the NHS,2,Urban,1,Interstate,1,State Highway Agency,1,Interstate,I-35E,,1234,1234,45.16063056,45.16063056,-93.031527780,-93.031527780,0,No Special Jurisdiction,1,Rollover/Overturn,0,The First Harmful Event was Not a Collision with a Motor Vehicle in Transport,1,Yes,19,Other location within Interchange Area,1,Not an Intersection,0,None,,,10,Separator,2,Dark - Not Lighted,12,Freezing Rain or Drizzle,0,No Additional Atmospheric Conditions,12,Freezing Rain or Drizzle,0,No,0000000,Not Applicable,6,6:00am-6:59am,41,41,6,6:00am-6:59am,46,46,88,Not Applicable (Not Transported),88,Not Applicable (Not Transported),0,None,0,None,0,None,1,0
2019,27,270339,Minnesota,1,1,0,1,1,1,1,115,PINE (115),3320,HINCKLEY,28,28,12,December,2019,7,Saturday,17,5:00pm-5:59pm,25,25,0,This section IS NOT on the NHS,1,Rural,4,Minor Arterial,1,State Highway Agency,3,State Highway,SR-48 FIRE MONUMENT RD,,10,10,46.01110000,46.01110000,-92.910047220,-92.910047220,0,No Special Jurisdiction,8,Pedestrian,0,The First Harmful Event was Not a Collision with a Motor Vehicle in Transport,0,No,1,Non-Junction,1,Not an Intersection,0,None,,,1,On Roadway,2,Dark - Not Lighted,2,Rain,0,No Additional Atmospheric Conditions,2,Rain,0,No,0000000,Not Applicable,17,5:00pm-5:59pm,26,26,17,5:00pm-5:59pm,31,31,18,6:00pm-6:59pm,6,6,0,None,0,None,0,None,1,0
2019,27,270340,Minnesota,2,2,0,0,0,2,2,51,GRANT (51),0,NOT APPLICABLE,27,27,12,December,2019,6,Friday,9,9:00am-9:59am,42,42,0,This section IS NOT on the NHS,1,Rural,4,Minor Arterial,1,State Highway Agency,3,State Highway,SR-27,CR-23,562,562,45.83234444,45.83234444,-95.841313890,-95.841313890,0,No Special Jurisdiction,12,Motor Vehicle In-Transport,6,Angle,0,No,2,Intersection,2,Four-Way Intersection,0,None,,,1,On Roadway,1,Daylight,1,Clear,0,No Additional Atmospheric Conditions,1,Clear,0,No,0000000,Not Applicable,9,9:00am-9:59am,42,42,9,9:00am-9:59am,51,51,10,10:00am-10:59am,56,56,0,None,0,None,0,None,1,0
2019,27,270341,Minnesota,2,2,0,0,0,2,2,53,HENNEPIN (53),5732,PLYMOUTH,31,31,12,December,2019,3,Tuesday,8,8:00am-8:59am,54,54,1,This section IS ON the NHS,2,Urban,3,Principal Arterial - Other,1,State Highway Agency,3,State Highway,SR-55,CR-101,1776,1776,45.03172500,45.03172500,-93.507108330,-93.507108330,0,No Special Jurisdiction,12,Motor Vehicle In-Transport,6,Angle,0,No,2,Intersection,2,Four-Way Intersection,0,None,,,1,On Roadway,1,Daylight,1,Clear,0,No Additional Atmospheric Conditions,1,Clear,0,No,0000000,Not Applicable,8,8:00am-8:59am,55,55,8,8:00am-8:59am,55,55,88,Not Applicable (Not Transported),88,Not Applicable (Not Transported),0,None,0,None,0,None,1,0
2019,27,270342,Minnesota,2,2,0,0,0,6,6,167,WILKIN (167),0,NOT APPLICABLE,31,31,12,December,2019,3,Tuesday,18,6:00pm-6:59pm,30,30,0,This section IS NOT on the NHS,1,Rural,4,Minor Arterial,1,State Highway Agency,3,State Highway,SR-9,,1286,1286,46.40173889,46.40173889,-96.520961110,-96.520961110,0,No Special Jurisdiction,12,Motor Vehicle In-Transport,2,Front-to-Front,0,No,1,Non-Junction,1,Not an Intersection,0,None,,,1,On Roadway,2,Dark - Not Lighted,10,Cloudy,0,No Additional Atmospheric Conditions,10,Cloudy,0,No,0000000,Not Applicable,18,6:00pm-6:59pm,30,30,18,6:00pm-6:59pm,57,57,19,7:00pm-7:59pm,46,46,0,None,0,None,0,None,1,1
2020,27,270001,Minnesota,2,2,0,0,0,4,4,45,FILLMORE (45),4380,MABEL,1,1,1,January,2020,4,Wednesday,10,10:00am-10:59am,19,19,0,This section IS NOT on the NHS,1,Rural,4,Minor Arterial,4,City or Municipal Highway Agency,3,State Highway,SR-44,Lynden St,331,331,43.52262778,43.52262778,-91.760941670,-91.760941670,0,No Special Jurisdiction,12,Motor Vehicle In-Transport,6,Angle,0,No,2,Intersection,3,T-Intersection,0,None,,,1,On Roadway,1,Daylight,,,,,1,Clear,0,No,0000000,Not Applicable,10,10:00am-10:59am,19,19,10,10:00am-10:59am,21,21,11,11:00am-11:59am,15,15,,,,,,,2,0
2020,27,270002,Minnesota,2,2,0,0,0,2,2,165,WATONWAN (165),0,NOT APPLICABLE,1,1,1,January,2020,4,Wednesday,20,8:00pm-8:59pm,30,30,0,This section IS NOT on the NHS,1,Rural,5,Major Collector,2,County Highway Agency,4,County Road,CR-4,,31,31,44.09559722,44.09559722,-94.839533330,-94.839533330,0,No Special Jurisdiction,12,Motor Vehicle In-Transport,2,Front-to-Front,0,No,1,Non-Junction,1,Not an Intersection,0,None,,,1,On Roadway,2,Dark - Not Lighted,,,,,1,Clear,0,No,0000000,Not Applicable,20,8:00pm-8:59pm,41,41,20,8:00pm-8:59pm,49,49,88,"Not Applicable (Not Transported) ",88,Not Applicable (Not Transported),,,,,,,2,1
2020,27,270003,Minnesota,1,1,0,1,1,1,1,37,DAKOTA (37),3490,INVER GROVE HEIGHTS,8,8,2,February,2020,7,Saturday,20,8:00pm-8:59pm,55,55,0,This section IS NOT on the NHS,2,Urban,7,Local,4,City or Municipal Highway Agency,6,Local Street - Municipality,BRODERICK BLVD,CR-56 Concord Blvd,1,1,44.81731944,44.81731944,-93.043730560,-93.043730560,0,No Special Jurisdiction,8,Pedestrian,0,The First Harmful Event was Not a Collision with a Motor Vehicle in Transport,0,No,3,Intersection-Related,2,Four-Way Intersection,0,None,,,1,On Roadway,3,Dark - Lighted,,,,,1,Clear,0,No,0000000,Not Applicable,99,Unknown,99,Unknown,99,Unknown EMS Scene Arrival Hour,99,Unknown EMS Scene Arrival Minutes,99,Unknown,99,Unknown EMS Hospital Arrival Time,,,,,,,1,0
2020,27,270004,Minnesota,2,2,0,0,0,2,2,173,YELLOW MEDICINE (173),0,NOT APPLICABLE,4,4,1,January,2020,7,Saturday,5,5:00am-5:59am,26,26,0,This section IS NOT on the NHS,1,Rural,4,Minor Arterial,1,State Highway Agency,2,U.S. Highway,US-75,,894,894,44.73571389,44.73571389,-96.236016670,-96.236016670,0,No Special Jurisdiction,12,Motor Vehicle In-Transport,6,Angle,0,No,1,Non-Junction,1,Not an Intersection,0,None,,,1,On Roadway,2,Dark - Not Lighted,,,,,1,Clear,0,No,0000000,Not Applicable,5,5:00am-5:59am,26,26,5,5:00am-5:59am,37,37,6,6:00am-6:59am,5,5,,,,,,,1,0
2020,27,270005,Minnesota,1,1,0,1,1,2,2,143,SIBLEY (143),2640,GAYLORD,8,8,1,January,2020,4,Wednesday,18,6:00pm-6:59pm,55,55,0,This section IS NOT on the NHS,1,Rural,4,Minor Arterial,1,State Highway Agency,3,State Highway,SR-5 MAIN AVE,,2,2,44.55300556,44.55300556,-94.220341670,-94.220341670,0,No Special Jurisdiction,8,Pedestrian,0,The First Harmful Event was Not a Collision with a Motor Vehicle in Transport,0,No,1,Non-Junction,1,Not an Intersection,0,None,,,1,On Roadway,3,Dark - Lighted,,,,,1,Clear,0,No,0000000,Not Applicable,18,6:00pm-6:59pm,57,57,19,7:00pm-7:59pm,3,3,19,7:00pm-7:59pm,20,20,,,,,,,1,0
2020,27,270006,Minnesota,1,1,0,1,1,1,1,53,HENNEPIN (53),4760,MINNEAPOLIS,10,10,1,January,2020,6,Friday,6,6:00am-6:59am,25,25,0,This section IS NOT on the NHS,2,Urban,4,Minor Arterial,2,County Highway Agency,4,County Road,CR-3 LAKE ST,Pleasant Ave,121,121,44.94831389,44.94831389,-93.283052780,-93.283052780,0,No Special Jurisdiction,8,Pedestrian,0,The First Harmful Event was Not a Collision with a Motor Vehicle in Transport,0,No,3,Intersection-Related,2,Four-Way Intersection,0,None,,,1,On Roadway,2,Dark - Not Lighted,,,,,1,Clear,0,No,0000000,Not Applicable,6,6:00am-6:59am,23,23,6,6:00am-6:59am,25,25,6,6:00am-6:59am,35,35,,,,,,,1,0
2020,27,270007,Minnesota,2,1,1,0,1,1,2,109,OLMSTED (109),0,NOT APPLICABLE,13,13,1,January,2020,2,Monday,5,5:00am-5:59am,52,52,0,This section IS NOT on the NHS,1,Rural,6,Minor Collector,2,County Highway Agency,4,County Road,CR-3,,56,56,43.89050833,43.89050833,-92.638286110,-92.638286110,0,No Special Jurisdiction,45,"Working Motor Vehicle ",0,The First Harmful Event was Not a Collision with a Motor Vehicle in Transport,0,No,1,Non-Junction,1,Not an Intersection,2,Maintenance,,,1,On Roadway,2,Dark - Not Lighted,,,,,10,Cloudy,0,No,0000000,Not Applicable,5,5:00am-5:59am,53,53,6,6:00am-6:59am,3,3,7,7:00am-7:59am,12,12,,,,,,,1,0
2020,27,270008,Minnesota,2,2,0,0,0,3,3,139,SCOTT (139),6510,SHAKOPEE,15,15,1,January,2020,4,Wednesday,22,10:00pm-10:59pm,41,41,1,This section IS ON the NHS,2,Urban,2,Principal Arterial - Other Freeways and Expressways,1,State Highway Agency,2,U.S. Highway,US-169,,1128,1128,44.78312778,44.78312778,-93.442638890,-93.442638890,0,No Special Jurisdiction,12,Motor Vehicle In-Transport,1,Front-to-Rear,0,No,1,Non-Junction,1,Not an Intersection,0,None,,,1,On Roadway,2,Dark - Not Lighted,,,,,1,Clear,0,No,0000000,Not Applicable,22,10:00pm-10:59pm,38,38,22,10:00pm-10:59pm,43,43,88,"Not Applicable (Not Transported) ",88,Not Applicable (Not Transported),,,,,,,1,1
2020,27,270009,Minnesota,2,2,0,0,0,2,2,85,MCLEOD (85),2710,GLENCOE,18,18,1,January,2020,7,Saturday,10,10:00am-10:59am,5,5,0,This section IS NOT on the NHS,2,Urban,5,Major Collector,4,City or Municipal Highway Agency,6,Local Street - Municipality,16TH ST E,Newton Ave N,14,14,44.77520833,44.77520833,-94.143780560,-94.143780560,0,No Special Jurisdiction,12,Motor Vehicle In-Transport,6,Angle,0,No,2,Intersection,2,Four-Way Intersection,0,None,,,1,On Roadway,1,Daylight,,,,,1,Clear,0,No,0000000,Not Applicable,10,10:00am-10:59am,10,10,10,10:00am-10:59am,20,20,10,10:00am-10:59am,30,30,,,,,,,1,1
2020,27,270010,Minnesota,2,2,0,0,0,2,2,1,AITKIN (1),0,NOT APPLICABLE,18,18,1,January,2020,7,Saturday,17,5:00pm-5:59pm,48,48,1,This section IS ON the NHS,1,Rural,3,Principal Arterial - Other,1,State Highway Agency,2,U.S. Highway,US-169,,2272,2272,46.89893611,46.89893611,-93.614030560,-93.614030560,0,No Special Jurisdiction,12,Motor Vehicle In-Transport,6,Angle,0,No,1,Non-Junction,1,Not an Intersection,0,None,,,1,On Roadway,2,Dark - Not Lighted,,,,,4,Snow,0,No,0000000,Not Applicable,17,5:00pm-5:59pm,49,49,17,5:00pm-5:59pm,53,53,19,7:00pm-7:59pm,8,8,,,,,,,1,1
2020,27,270011,Minnesota,1,1,0,0,0,2,2,171,WRIGHT (171),5487,OTSEGO,18,18,1,January,2020,7,Saturday,19,7:00pm-7:59pm,20,20,0,This section IS NOT on the NHS,1,Rural,4,Minor Arterial,2,County Highway Agency,4,County Road,CR-39 95TH ST NE,,252,252,45.28890278,45.28890278,-93.659836110,-93.659836110,0,No Special Jurisdiction,1,Rollover/Overturn,0,The First Harmful Event was Not a Collision with a Motor Vehicle in Transport,0,No,1,Non-Junction,1,Not an Intersection,0,None,,,4,On Roadside,2,Dark - Not Lighted,,,,,11,Blowing Snow,0,No,0000000,Not Applicable,19,7:00pm-7:59pm,20,20,19,7:00pm-7:59pm,32,32,99,Unknown,99,Unknown EMS Hospital Arrival Time,,,,,,,1,1
2020,27,270013,Minnesota,2,2,0,0,0,2,2,103,NICOLLET (103),0,NOT APPLICABLE,20,20,1,January,2020,2,Monday,13,1:00pm-1:59pm,24,24,1,This section IS ON the NHS,2,Urban,3,Principal Arterial - Other,1,State Highway Agency,2,U.S. Highway,US-14,CR-37,1061,1061,44.30180556,44.30180556,-94.423669440,-94.423669440,0,No Special Jurisdiction,12,Motor Vehicle In-Transport,6,Angle,0,No,2,Intersection,3,T-Intersection,0,None,,,1,On Roadway,1,Daylight,,,,,10,Cloudy,0,No,0000000,Not Applicable,13,1:00pm-1:59pm,24,24,13,1:00pm-1:59pm,30,30,88,"Not Applicable (Not Transported) ",88,Not Applicable (Not Transported),,,,,,,1,0
2020,27,270014,Minnesota,2,2,0,0,0,2,2,103,NICOLLET (103),0,NOT APPLICABLE,21,21,1,January,2020,3,Tuesday,12,12:00pm-12:59pm,54,54,1,This section IS ON the NHS,1,Rural,3,Principal Arterial - Other,1,State Highway Agency,2,U.S. Highway,US-14,,1147,1147,44.26896111,44.26896111,-94.264519440,-94.264519440,0,No Special Jurisdiction,12,Motor Vehicle In-Transport,2,Front-to-Front,0,No,1,Non-Junction,1,Not an Intersection,0,None,,,1,On Roadway,1,Daylight,,,,,11,Blowing Snow,0,No,0000000,Not Applicable,12,12:00pm-12:59pm,57,57,13,1:00pm-1:59pm,15,15,13,1:00pm-1:59pm,51,51,,,,,,,1,0
2020,27,270015,Minnesota,1,1,0,0,0,1,1,5,BECKER (5),0,NOT APPLICABLE,25,25,1,January,2020,7,Saturday,10,10:00am-10:59am,31,31,0,This section IS NOT on the NHS,1,Rural,7,Local,3,Town or Township Highway Agency,5,Local Street - Township,WILDERNESS BAY RD,,2,2,47.10288333,47.10288333,-95.174116670,-95.174116670,0,No Special Jurisdiction,1,Rollover/Overturn,0,The First Harmful Event was Not a Collision with a Motor Vehicle in Transport,0,No,1,Non-Junction,1,Not an Intersection,0,None,,,1,On Roadway,9,Reported as Unknown,,,,,1,Clear,0,No,0000000,Not Applicable,10,10:00am-10:59am,31,31,10,10:00am-10:59am,45,45,88,"Not Applicable (Not Transported) ",88,Not Applicable (Not Transported),,,,,,,1,1
2020,27,270016,Minnesota,2,2,0,0,0,2,2,131,RICE (131),0,NOT APPLICABLE,27,27,1,January,2020,2,Monday,17,5:00pm-5:59pm,24,24,0,This section IS NOT on the NHS,1,Rural,4,Minor Arterial,1,State Highway Agency,3,State Highway,SR-19 W CENTRAL ST,CR-2,1620,1620,44.48630278,44.48630278,-93.441627780,-93.441627780,0,No Special Jurisdiction,12,Motor Vehicle In-Transport,6,Angle,0,No,2,Intersection,2,Four-Way Intersection,0,None,,,1,On Roadway,5,Dusk,,,,,10,Cloudy,0,No,0000000,Not Applicable,17,5:00pm-5:59pm,24,24,17,5:00pm-5:59pm,40,40,88,"Not Applicable (Not Transported) ",88,Not Applicable (Not Transported),,,,,,,1,0
2020,27,270017,Minnesota,1,1,0,0,0,2,2,37,DAKOTA (37),6060,ROSEMOUNT,30,30,1,January,2020,5,Thursday,8,8:00am-8:59am,26,26,0,This section IS NOT on the NHS,6,Trafficway Not in State Inventory,96,Trafficway Not in State Inventory,96,Trafficway Not in State Inventory,8,Other,BLAINE AVE E,152nd St E,99999,Unknown,44.72967500,44.72967500,-93.054988890,-93.054988890,8,Other,1,Rollover/Overturn,0,The First Harmful Event was Not a Collision with a Motor Vehicle in Transport,0,No,3,Intersection-Related,2,Four-Way Intersection,0,None,,,1,On Roadway,1,Daylight,,,,,1,Clear,0,No,0000000,Not Applicable,8,8:00am-8:59am,26,26,8,8:00am-8:59am,30,30,99,Unknown,99,Unknown EMS Hospital Arrival Time,,,,,,,1,0
2020,27,270018,Minnesota,2,2,0,0,0,2,2,145,STEARNS (145),6250,ST. CLOUD,31,31,1,January,2020,6,Friday,5,5:00am-5:59am,8,8,1,This section IS ON the NHS,1,Rural,1,Interstate,1,State Highway Agency,1,Interstate,I-94,,1738,1738,45.46436944,45.46436944,-94.130544440,-94.130544440,0,No Special Jurisdiction,12,Motor Vehicle In-Transport,6,Angle,1,Yes,18,Through Roadway,1,Not an Intersection,0,None,,,1,On Roadway,2,Dark - Not Lighted,,,,,4,Snow,0,No,0000000,Not Applicable,5,5:00am-5:59am,10,10,5,5:00am-5:59am,40,40,6,6:00am-6:59am,30,30,,,,,,,1,0
2020,27,270019,Minnesota,1,1,0,0,0,1,1,27,CLAY (27),4880,MOORHEAD,1,1,2,February,2020,7,Saturday,13,1:00pm-1:59pm,55,55,0,This section IS NOT on the NHS,2,Urban,6,Minor Collector,4,City or Municipal Highway Agency,6,Local Street - Municipality,14TH ST S,,29,29,46.87439722,46.87439722,-96.757441670,-96.757441670,0,No Special Jurisdiction,10,Railway Vehicle,0,The First Harmful Event was Not a Collision with a Motor Vehicle in Transport,0,No,6,"Railway Grade Crossing ",1,Not an Intersection,0,None,,,1,On Roadway,1,Daylight,,,,,1,Clear,0,No,062946A,062946A,13,1:00pm-1:59pm,55,55,13,1:00pm-1:59pm,55,55,99,Unknown,99,Unknown EMS Hospital Arrival Time,,,,,,,1,0
2020,27,270020,Minnesota,2,2,0,1,1,1,1,61,ITASCA (61),0,NOT APPLICABLE,4,4,2,February,2020,3,Tuesday,21,9:00pm-9:59pm,12,12,0,This section IS NOT on the NHS,1,Rural,4,Minor Arterial,1,State Highway Agency,3,State Highway,SR-46,,321,321,47.68530000,47.68530000,-94.211491670,-94.211491670,0,No Special Jurisdiction,12,Motor Vehicle In-Transport,7,Sideswipe - Same Direction,0,No,1,Non-Junction,1,Not an Intersection,0,None,,,1,On Roadway,2,Dark - Not Lighted,,,,,1,Clear,0,No,0000000,Not Applicable,21,9:00pm-9:59pm,12,12,99,Unknown EMS Scene Arrival Hour,99,Unknown EMS Scene Arrival Minutes,88,"Not Applicable (Not Transported) ",88,Not Applicable (Not Transported),,,,,,,1,0
2020,27,270021,Minnesota,1,1,0,1,1,1,1,53,HENNEPIN (53),4760,MINNEAPOLIS,5,5,2,February,2020,4,Wednesday,3,3:00am-3:59am,10,10,1,This section IS ON the NHS,2,Urban,3,Principal Arterial - Other,1,State Highway Agency,3,State Highway,SR-55 HIAWATHA AVE,e 26th st,1926,1926,44.95542500,44.95542500,-93.243105560,-93.243105560,0,No Special Jurisdiction,8,Pedestrian,0,The First Harmful Event was Not a Collision with a Motor Vehicle in Transport,0,No,3,Intersection-Related,2,Four-Way Intersection,0,None,,,1,On Roadway,3,Dark - Lighted,,,,,1,Clear,0,No,0000000,Not Applicable,3,3:00am-3:59am,10,10,3,3:00am-3:59am,17,17,3,3:00am-3:59am,36,36,,,,,,,1,0
2020,27,270022,Minnesota,1,1,0,1,1,1,1,53,HENNEPIN (53),675,BLOOMINGTON,5,5,2,February,2020,4,Wednesday,6,6:00am-6:59am,31,31,0,This section IS NOT on the NHS,2,Urban,4,Minor Arterial,2,County Highway Agency,4,County Road,CR-1 W OLD SHAKOPEE RD,Grand Ave,134,134,44.82623333,44.82623333,-93.285027780,-93.285027780,0,No Special Jurisdiction,8,Pedestrian,0,The First Harmful Event was Not a Collision with a Motor Vehicle in Transport,0,No,3,Intersection-Related,2,Four-Way Intersection,0,None,,,1,On Roadway,2,Dark - Not Lighted,,,,,1,Clear,0,No,0000000,Not Applicable,6,6:00am-6:59am,33,33,6,6:00am-6:59am,40,40,7,7:00am-7:59am,5,5,,,,,,,1,0
2020,27,270023,Minnesota,2,2,0,0,0,2,2,39,DODGE (39),0,NOT APPLICABLE,7,7,2,February,2020,6,Friday,5,5:00am-5:59am,40,40,1,This section IS ON the NHS,1,Rural,3,Principal Arterial - Other,1,State Highway Agency,2,U.S. Highway,US-218,,274,274,43.85146944,43.85146944,-93.039450000,-93.039450000,0,No Special Jurisdiction,12,Motor Vehicle In-Transport,2,Front-to-Front,0,No,1,Non-Junction,1,Not an Intersection,0,None,,,1,On Roadway,2,Dark - Not Lighted,,,,,4,Snow,0,No,0000000,Not Applicable,5,5:00am-5:59am,48,48,6,6:00am-6:59am,5,5,7,7:00am-7:59am,1,1,,,,,,,1,0
2020,27,270024,Minnesota,1,1,0,0,0,1,1,115,PINE (115),0,NOT APPLICABLE,9,9,2,February,2020,1,Sunday,18,6:00pm-6:59pm,47,47,1,This section IS ON the NHS,1,Rural,1,Interstate,1,State Highway Agency,1,Interstate,I-35,,1791,1791,45.95645278,45.95645278,-92.961813890,-92.961813890,0,No Special Jurisdiction,42,Tree (Standing Only),0,The First Harmful Event was Not a Collision with a Motor Vehicle in Transport,0,No,1,Non-Junction,1,Not an Intersection,0,None,,,4,On Roadside,2,Dark - Not Lighted,,,,,1,Clear,0,No,0000000,Not Applicable,18,6:00pm-6:59pm,50,50,18,6:00pm-6:59pm,55,55,20,8:00pm-8:59pm,31,31,,,,,,,1,0
2020,27,270025,Minnesota,2,2,0,0,0,2,2,145,STEARNS (145),0,NOT APPLICABLE,12,12,2,February,2020,4,Wednesday,19,7:00pm-7:59pm,52,52,1,This section IS ON the NHS,1,Rural,3,Principal Arterial - Other,1,State Highway Agency,3,State Highway,SR-15,,1367,1367,45.38423889,45.38423889,-94.263727780,-94.263727780,0,No Special Jurisdiction,12,Motor Vehicle In-Transport,6,Angle,0,No,1,Non-Junction,1,Not an Intersection,0,None,,,1,On Roadway,2,Dark - Not Lighted,,,,,11,Blowing Snow,0,No,0000000,Not Applicable,19,7:00pm-7:59pm,52,52,20,8:00pm-8:59pm,1,1,88,"Not Applicable (Not Transported) ",88,Not Applicable (Not Transported),,,,,,,1,1
2020,27,270026,Minnesota,1,1,0,0,0,4,4,99,MOWER (99),0,NOT APPLICABLE,13,13,2,February,2020,5,Thursday,7,7:00am-7:59am,6,6,1,This section IS ON the NHS,1,Rural,1,Interstate,1,State Highway Agency,1,Interstate,I-90,,2006,2006,43.79439722,43.79439722,-92.602063890,-92.602063890,0,No Special Jurisdiction,1,Rollover/Overturn,0,The First Harmful Event was Not a Collision with a Motor Vehicle in Transport,0,No,1,Non-Junction,1,Not an Intersection,0,None,,,3,On Median,4,Dawn,,,,,10,Cloudy,0,No,0000000,Not Applicable,7,7:00am-7:59am,9,9,7,7:00am-7:59am,24,24,7,7:00am-7:59am,25,25,,,,,,,2,0
2020,27,270027,Minnesota,2,2,0,0,0,2,2,55,HOUSTON (55),0,NOT APPLICABLE,16,16,2,February,2020,1,Sunday,18,6:00pm-6:59pm,40,40,0,This section IS NOT on the NHS,1,Rural,5,Major Collector,1,State Highway Agency,3,State Highway,SR-76,,260,260,43.79178056,43.79178056,-91.593016670,-91.593016670,0,No Special Jurisdiction,12,Motor Vehicle In-Transport,2,Front-to-Front,0,No,1,Non-Junction,1,Not an Intersection,0,None,,,1,On Roadway,2,Dark - Not Lighted,,,,,10,Cloudy,0,No,0000000,Not Applicable,18,6:00pm-6:59pm,42,42,18,6:00pm-6:59pm,49,49,99,Unknown,99,Unknown EMS Hospital Arrival Time,,,,,,,1,1
2020,27,270028,Minnesota,3,3,0,0,0,3,3,53,HENNEPIN (53),675,BLOOMINGTON,17,17,2,February,2020,2,Monday,13,1:00pm-1:59pm,16,16,1,This section IS ON the NHS,2,Urban,1,Interstate,1,State Highway Agency,1,Interstate,I-494,,69,69,44.85785278,44.85785278,-93.338355560,-93.338355560,0,No Special Jurisdiction,12,Motor Vehicle In-Transport,7,Sideswipe - Same Direction,0,No,1,Non-Junction,1,Not an Intersection,0,None,,,1,On Roadway,1,Daylight,,,,,10,Cloudy,0,No,0000000,Not Applicable,13,1:00pm-1:59pm,16,16,13,1:00pm-1:59pm,28,28,14,2:00pm-2:59pm,0,0,,,,,,,1,1
2020,27,270029,Minnesota,2,2,0,0,0,2,2,47,FREEBORN (47),0,NOT APPLICABLE,17,17,2,February,2020,2,Monday,14,2:00pm-2:59pm,47,47,0,This section IS NOT on the NHS,1,Rural,4,Minor Arterial,1,State Highway Agency,3,State Highway,SR-13,cr-14,57,57,43.70206667,43.70206667,-93.435361110,-93.435361110,0,No Special Jurisdiction,12,Motor Vehicle In-Transport,6,Angle,0,No,2,Intersection,2,Four-Way Intersection,0,None,,,1,On Roadway,1,Daylight,,,,,4,Snow,0,No,0000000,Not Applicable,14,2:00pm-2:59pm,48,48,14,2:00pm-2:59pm,54,54,99,Unknown,99,Unknown EMS Hospital Arrival Time,,,,,,,1,0
2020,27,270031,Minnesota,1,1,0,0,0,1,1,105,NOBLES (105),0,NOT APPLICABLE,14,14,3,March,2020,7,Saturday,99,Unknown Hours,99,Unknown Minutes,0,This section IS NOT on the NHS,1,Rural,5,Major Collector,2,County Highway Agency,4,County Road,CR-6 310TH ST,,149,149,43.54341667,43.54341667,-95.817091670,-95.817091670,0,No Special Jurisdiction,38,Fence,0,The First Harmful Event was Not a Collision with a Motor Vehicle in Transport,0,No,1,Non-Junction,1,Not an Intersection,0,None,,,4,On Roadside,2,Dark - Not Lighted,,,,,4,Snow,0,No,0000000,Not Applicable,88,Not Applicable (Not Notified),88,Not Applicable (Not Notified),88,Not Applicable,88,Not Applicable,88,"Not Applicable (Not Transported) ",88,Not Applicable (Not Transported),,,,,,,1,1
2020,27,270032,Minnesota,1,1,0,0,0,1,1,79,LE SUEUR (79),0,NOT APPLICABLE,18,18,2,February,2020,3,Tuesday,16,4:00pm-4:59pm,45,45,0,This section IS NOT on the NHS,1,Rural,4,Minor Arterial,2,County Highway Agency,4,County Road,CR-28,,197,197,44.48633056,44.48633056,-93.559205560,-93.559205560,0,No Special Jurisdiction,1,Rollover/Overturn,0,The First Harmful Event was Not a Collision with a Motor Vehicle in Transport,0,No,1,Non-Junction,1,Not an Intersection,0,None,,,4,On Roadside,1,Daylight,,,,,1,Clear,0,No,0000000,Not Applicable,16,4:00pm-4:59pm,54,54,99,Unknown EMS Scene Arrival Hour,99,Unknown EMS Scene Arrival Minutes,88,"Not Applicable (Not Transported) ",88,Not Applicable (Not Transported),,,,,,,1,0