caseyear,state,st_case,statename,ve_total,ve_forms,pvh_invl,peds,pernotmvit,permvit,persons,county,countyname,city,cityname,day,dayname,month,monthname,year,day_week,day_weekname,hour,hourname,minute,minutename,nhs,nhsname,rur_urb,rur_urbname,func_sys,func_sysname,rd_owner,rd_ownername,route,routename,tway_id,tway_id2,milept,mileptname,latitude,latitudename,longitud,longitudname,sp_jur,sp_jurname,harm_ev,harm_evname,man_coll,man_collname,reljct1,reljct1name,reljct2,reljct2name,typ_int,typ_intname,wrk_zone,wrk_zonename,road_fnc,road_fncname,rel_road,rel_roadname,lgt_cond,lgt_condname,weather1,weather1name,weather2,weather2name,weather,weathername,sch_bus,sch_busname,rail,railname,not_hour,not_hourname,not_min,not_minname,arr_hour,arr_hourname,arr_min,arr_minname,hosp_hr,hosp_hrname,hosp_mn,hosp_mnname,cf1,cf1name,cf2,cf2name,cf3,cf3name,fatals,drunk_dr
2020,27,270033,Minnesota,1,1,0,1,1,1,1,37,DAKOTA (37),3490,INVER GROVE HEIGHTS,14,14,3,March,2020,7,Saturday,20,8:00pm-8:59pm,56,56,0,This section IS NOT on the NHS,2,Urban,4,Minor Arterial,4,City or Municipal Highway Agency,6,Local Street - Municipality,75TH ST E,Cahill Ave,13,13,44.84075833,44.84075833,-93.040788890,-93.040788890,0,No Special Jurisdiction,9,Pedalcyclist,0,The First Harmful Event was Not a Collision with a Motor Vehicle in Transport,0,No,2,Intersection,3,T-Intersection,0,None,,,1,On Roadway,2,Dark - Not Lighted,,,,,1,Clear,0,No,0000000,Not Applicable,20,8:00pm-8:59pm,56,56,21,9:00pm-9:59pm,0,0,21,9:00pm-9:59pm,30,30,,,,,,,1,0
2020,27,270034,Minnesota,2,2,0,0,0,2,2,171,WRIGHT (171),0,NOT APPLICABLE,18,18,2,February,2020,3,Tuesday,21,9:00pm-9:59pm,25,25,0,This section IS NOT on the NHS,1,Rural,4,Minor Arterial,2,County Highway Agency,4,County Road,CR-35,,238,238,45.17984444,45.17984444,-93.809605560,-93.809605560,0,No Special Jurisdiction,12,Motor Vehicle In-Transport,2,Front-to-Front,0,No,1,Non-Junction,1,Not an Intersection,0,None,,,1,On Roadway,2,Dark - Not Lighted,,,,,1,Clear,0,No,0000000,Not Applicable,21,9:00pm-9:59pm,25,25,21,9:00pm-9:59pm,30,30,22,10:00pm-10:59pm,28,28,,,,,,,1,0
2020,27,270035,Minnesota,2,2,0,0,0,2,2,111,OTTER TAIL (111),0,NOT APPLICABLE,19,19,2,February,2020,4,Wednesday,16,4:00pm-4:59pm,50,50,1,This section IS ON the NHS,1,Rural,3,Principal Arterial - Other,1,State Highway Agency,3,State Highway,SR-210,,383,383,46.28047778,46.28047778,-95.868636110,-95.868636110,0,No Special Jurisdiction,12,Motor Vehicle In-Transport,2,Front-to-Front,0,No,1,Non-Junction,1,Not an Intersection,0,None,,,1,On Roadway,1,Daylight,,,,,1,Clear,0,No,0000000,Not Applicable,16,4:00pm-4:59pm,51,51,17,5:00pm-5:59pm,5,5,17,5:00pm-5:59pm,20,20,,,,,,,1,1
2020,27,270036,Minnesota,2,2,0,0,0,3,3,37,DAKOTA (37),0,NOT APPLICABLE,21,21,2,February,2020,6,Friday,20,8:00pm-8:59pm,29,29,0,This section IS NOT on the NHS,1,Rural,4,Minor Arterial,2,County Highway Agency,4,County Road,CR-46,,116,116,44.71700833,44.71700833,-93.058697220,-93.058697220,0,No Special Jurisdiction,12,Motor Vehicle In-Transport,2,Front-to-Front,0,No,1,Non-Junction,1,Not an Intersection,0,None,,,1,On Roadway,2,Dark - Not Lighted,,,,,1,Clear,0,No,0000000,Not Applicable,20,8:00pm-8:59pm,29,29,20,8:00pm-8:59pm,42,42,21,9:00pm-9:59pm,30,30,,,,,,,1,1
2020,27,270037,Minnesota,1,1,0,0,0,2,2,169,WINONA (169),0,NOT APPLICABLE,16,16,3,March,2020,2,Monday,3,3:00am-3:59am,2,2,1,This section IS ON the NHS,1,Rural,1,Interstate,1,State Highway Agency,1,Interstate,I-90,,2690,2690,43.92036667,43.92036667,-91.384372220,-91.384372220,0,No Special Jurisdiction,42,Tree (Standing Only),0,The First Harmful Event was Not a Collision with a Motor Vehicle in Transport,0,No,1,Non-Junction,1,Not an Intersection,0,None,,,4,On Roadside,2,Dark - Not Lighted,,,,,1,Clear,0,No,0000000,Not Applicable,3,3:00am-3:59am,10,10,3,3:00am-3:59am,30,30,99,Unknown,99,Unknown EMS Hospital Arrival Time,,,,,,,1,0
2020,27,270038,Minnesota,1,1,0,1,1,1,1,109,OLMSTED (109),5960,ROCHESTER,3,3,3,March,2020,3,Tuesday,5,5:00am-5:59am,42,42,0,This section IS NOT on the NHS,2,Urban,4,Minor Arterial,4,City or Municipal Highway Agency,6,Local Street - Municipality,6TH AVE NW,7th St NW,25,25,44.03068889,44.03068889,-92.470961110,-92.470961110,0,No Special Jurisdiction,8,Pedestrian,0,The First Harmful Event was Not a Collision with a Motor Vehicle in Transport,0,No,3,Intersection-Related,2,Four-Way Intersection,0,None,,,1,On Roadway,2,Dark - Not Lighted,,,,,1,Clear,0,No,0000000,Not Applicable,5,5:00am-5:59am,42,42,99,Unknown EMS Scene Arrival Hour,99,Unknown EMS Scene Arrival Minutes,99,Unknown,99,Unknown EMS Hospital Arrival Time,,,,,,,1,0
2020,27,270039,Minnesota,2,2,0,0,0,2,2,37,DAKOTA (37),1945,EAGAN,24,24,2,February,2020,2,Monday,5,5:00am-5:59am,39,39,0,This section IS NOT on the NHS,2,Urban,5,Major Collector,4,City or Municipal Highway Agency,6,Local Street - Municipality,JOHNNY CAKE RIDGE RD,,3,3,44.77984722,44.77984722,-93.187647220,-93.187647220,0,No Special Jurisdiction,12,Motor Vehicle In-Transport,2,Front-to-Front,0,No,1,Non-Junction,1,Not an Intersection,0,None,,,1,On Roadway,3,Dark - Lighted,,,,,1,Clear,0,No,0000000,Not Applicable,5,5:00am-5:59am,41,41,5,5:00am-5:59am,49,49,88,"Not Applicable (Not Transported) ",88,Not Applicable (Not Transported),,,,,,,2,0
2020,27,270040,Minnesota,2,2,0,1,1,2,2,53,HENNEPIN (53),821,BROOKLYN PARK,16,16,3,March,2020,2,Monday,6,6:00am-6:59am,49,49,0,This section IS NOT on the NHS,2,Urban,5,Major Collector,4,City or Municipal Highway Agency,6,Local Street - Municipality,HUMBOLDT AVE N,Meadowwood Dr N,2,2,45.09066389,45.09066389,-93.300511110,-93.300511110,0,No Special Jurisdiction,8,Pedestrian,0,The First Harmful Event was Not a Collision with a Motor Vehicle in Transport,0,No,3,Intersection-Related,2,Four-Way Intersection,0,None,,,1,On Roadway,3,Dark - Lighted,,,,,10,Cloudy,1,Yes,0000000,Not Applicable,6,6:00am-6:59am,51,51,7,7:00am-7:59am,2,2,88,"Not Applicable (Not Transported) ",88,Not Applicable (Not Transported),,,,,,,1,0
2020,27,270041,Minnesota,1,1,0,0,0,1,1,3,ANOKA (3),9997,Other,17,17,3,March,2020,3,Tuesday,20,8:00pm-8:59pm,42,42,0,This section IS NOT on the NHS,2,Urban,4,Minor Arterial,2,County Highway Agency,4,County Road,CR-22 VIKING BLVD NW,,89,89,45.32739444,45.32739444,-93.370883330,-93.370883330,0,No Special Jurisdiction,1,Rollover/Overturn,0,The First Harmful Event was Not a Collision with a Motor Vehicle in Transport,0,No,1,Non-Junction,1,Not an Intersection,0,None,,,4,On Roadside,2,Dark - Not Lighted,,,,,10,Cloudy,0,No,0000000,Not Applicable,20,8:00pm-8:59pm,45,45,20,8:00pm-8:59pm,55,55,88,"Not Applicable (Not Transported) ",88,Not Applicable (Not Transported),,,,,,,1,0
2020,27,270042,Minnesota,2,2,0,0,0,2,2,123,RAMSEY (123),4536,MAPLEWOOD,28,28,2,February,2020,6,Friday,5,5:00am-5:59am,58,58,1,This section IS ON the NHS,2,Urban,2,Principal Arterial - Other Freeways and Expressways,1,State Highway Agency,3,State Highway,SR-36,,65,65,45.01172778,45.01172778,-93.061972220,-93.061972220,0,No Special Jurisdiction,12,Motor Vehicle In-Transport,1,Front-to-Rear,0,No,1,Non-Junction,1,Not an Intersection,0,None,,,1,On Roadway,3,Dark - Lighted,,,,,1,Clear,0,No,0000000,Not Applicable,6,6:00am-6:59am,0,0,6,6:00am-6:59am,10,10,88,"Not Applicable (Not Transported) ",88,Not Applicable (Not Transported),,,,,,,1,0
2020,27,270043,Minnesota,1,1,0,1,1,1,1,35,CROW WING (35),0,NOT APPLICABLE,29,29,2,February,2020,7,Saturday,18,6:00pm-6:59pm,41,41,0,This section IS NOT on the NHS,1,Rural,4,Minor Arterial,2,County Highway Agency,4,County Road,CR-3,,147,147,46.55911389,46.55911389,-94.135372220,-94.135372220,0,No Special Jurisdiction,8,Pedestrian,0,The First Harmful Event was Not a Collision with a Motor Vehicle in Transport,0,No,1,Non-Junction,1,Not an Intersection,0,None,,,1,On Roadway,2,Dark - Not Lighted,,,,,1,Clear,0,No,0000000,Not Applicable,18,6:00pm-6:59pm,43,43,18,6:00pm-6:59pm,59,59,88,"Not Applicable (Not Transported) ",88,Not Applicable (Not Transported),,,,,,,1,0
2020,27,270044,Minnesota,2,2,0,0,0,2,2,53,HENNEPIN (53),4760,MINNEAPOLIS,18,18,3,March,2020,4,Wednesday,1,1:00am-1:59am,7,7,1,This section IS ON the NHS,2,Urban,1,Interstate,1,State Highway Agency,1,Interstate,I-94,,2346,2346,44.96623056,44.96623056,-93.250266670,-93.250266670,0,No Special Jurisdiction,12,Motor Vehicle In-Transport,1,Front-to-Rear,1,Yes,18,Through Roadway,1,Not an Intersection,0,None,,,1,On Roadway,3,Dark - Lighted,,,,,2,Rain,0,No,0000000,Not Applicable,1,1:00am-1:59am,10,10,1,1:00am-1:59am,20,20,1,1:00am-1:59am,41,41,,,,,,,1,0
2020,27,270045,Minnesota,2,2,0,0,0,2,2,123,RAMSEY (123),6330,ST. PAUL,20,20,3,March,2020,6,Friday,5,5:00am-5:59am,17,17,1,This section IS ON the NHS,2,Urban,3,Principal Arterial - Other,1,State Highway Agency,2,U.S. Highway,US-61,CR-39 Lower Afton Rd,1332,1332,44.92843889,44.92843889,-93.022558330,-93.022558330,0,No Special Jurisdiction,12,Motor Vehicle In-Transport,6,Angle,0,No,2,Intersection,3,T-Intersection,0,None,,,1,On Roadway,3,Dark - Lighted,,,,,1,Clear,0,No,0000000,Not Applicable,5,5:00am-5:59am,17,17,5,5:00am-5:59am,25,25,5,5:00am-5:59am,40,40,,,,,,,1,1
2020,27,270046,Minnesota,3,3,0,0,0,4,4,37,DAKOTA (37),956,BURNSVILLE,1,1,3,March,2020,1,Sunday,18,6:00pm-6:59pm,50,50,1,This section IS ON the NHS,2,Urban,1,Interstate,1,State Highway Agency,1,Interstate,I-35,,23,23,44.76513611,44.76513611,-93.289027780,-93.289027780,0,No Special Jurisdiction,12,Motor Vehicle In-Transport,1,Front-to-Rear,0,No,1,Non-Junction,1,Not an Intersection,0,None,,,1,On Roadway,2,Dark - Not Lighted,,,,,1,Clear,0,No,0000000,Not Applicable,18,6:00pm-6:59pm,52,52,18,6:00pm-6:59pm,56,56,19,7:00pm-7:59pm,6,6,,,,,,,1,1
2020,27,270047,Minnesota,1,1,0,0,0,1,1,47,FREEBORN (47),0,NOT APPLICABLE,20,20,3,March,2020,6,Friday,11,11:00am-11:59am,13,13,0,This section IS NOT on the NHS,1,Rural,6,Minor Collector,2,County Highway Agency,4,County Road,CR-30 850TH AVE,,79,79,43.62657500,43.62657500,-93.168994440,-93.168994440,0,No Special Jurisdiction,34,Ditch,0,The First Harmful Event was Not a Collision with a Motor Vehicle in Transport,0,No,1,Non-Junction,1,Not an Intersection,0,None,,,4,On Roadside,1,Daylight,,,,,1,Clear,0,No,0000000,Not Applicable,11,11:00am-11:59am,19,19,11,11:00am-11:59am,30,30,88,"Not Applicable (Not Transported) ",88,Not Applicable (Not Transported),,,,,,,1,0
2020,27,270048,Minnesota,2,2,0,0,0,3,3,7,BELTRAMI (7),530,BEMIDJI,4,4,3,March,2020,4,Wednesday,5,5:00am-5:59am,17,17,0,This section IS NOT on the NHS,2,Urban,5,Major Collector,2,County Highway Agency,4,County Road,CR-21,,16,16,47.51265278,47.51265278,-94.874697220,-94.874697220,0,No Special Jurisdiction,12,Motor Vehicle In-Transport,2,Front-to-Front,0,No,1,Non-Junction,1,Not an Intersection,0,None,,,1,On Roadway,2,Dark - Not Lighted,,,,,1,Clear,0,No,0000000,Not Applicable,5,5:00am-5:59am,17,17,5,5:00am-5:59am,24,24,5,5:00am-5:59am,50,50,,,,,,,1,0
2020,27,270049,Minnesota,1,1,0,1,1,1,1,3,ANOKA (3),671,BLAINE,20,20,3,March,2020,6,Friday,18,6:00pm-6:59pm,36,36,0,This section IS NOT on the NHS,2,Urban,7,Local,4,City or Municipal Highway Agency,6,Local Street - Municipality,129TH AVE NE,Lincoln St NE,4,4,45.20393611,45.20393611,-93.239205560,-93.239205560,0,No Special Jurisdiction,9,Pedalcyclist,0,The First Harmful Event was Not a Collision with a Motor Vehicle in Transport,0,No,2,Intersection,3,T-Intersection,0,None,,,1,On Roadway,1,Daylight,,,,,1,Clear,0,No,0000000,Not Applicable,18,6:00pm-6:59pm,37,37,18,6:00pm-6:59pm,35,35,88,"Not Applicable (Not Transported) ",88,Not Applicable (Not Transported),,,,,,,1,1
2020,27,270050,Minnesota,1,1,0,0,0,1,1,153,TODD (153),0,NOT APPLICABLE,12,12,3,March,2020,5,Thursday,8,8:00am-8:59am,9,9,1,This section IS ON the NHS,1,Rural,3,Principal Arterial - Other,1,State Highway Agency,2,U.S. Highway,US-71,,1736,1736,45.79621667,45.79621667,-94.943997220,-94.943997220,0,No Special Jurisdiction,42,Tree (Standing Only),0,The First Harmful Event was Not a Collision with a Motor Vehicle in Transport,0,No,1,Non-Junction,1,Not an Intersection,0,None,,,5,Outside Trafficway,2,Dark - Not Lighted,,,,,2,Rain,0,No,0000000,Not Applicable,8,8:00am-8:59am,11,11,99,Unknown EMS Scene Arrival Hour,97,Officially Cancelled,99,Unknown,97,Officially Canceled,,,,,,,1,1
2020,27,270051,Minnesota,1,1,0,1,1,1,1,141,SHERBURNE (141),0,NOT APPLICABLE,23,23,3,March,2020,2,Monday,16,4:00pm-4:59pm,20,20,0,This section IS NOT on the NHS,1,Rural,5,Major Collector,2,County Highway Agency,4,County Road,CR-2 313TH AVE,,34,34,45.53753333,45.53753333,-93.536863890,-93.536863890,0,No Special Jurisdiction,8,Pedestrian,0,The First Harmful Event was Not a Collision with a Motor Vehicle in Transport,0,No,1,Non-Junction,1,Not an Intersection,0,None,,,2,On Shoulder,1,Daylight,,,,,1,Clear,0,No,0000000,Not Applicable,16,4:00pm-4:59pm,20,20,16,4:00pm-4:59pm,35,35,88,"Not Applicable (Not Transported) ",88,Not Applicable (Not Transported),,,,,,,1,0
2020,27,270052,Minnesota,2,2,0,0,0,2,2,141,SHERBURNE (141),0,NOT APPLICABLE,24,24,3,March,2020,3,Tuesday,10,10:00am-10:59am,50,50,1,This section IS ON the NHS,2,Urban,3,Principal Arterial - Other,1,State Highway Agency,2,U.S. Highway,US-10,CR-8 15th Ave S,1804,1804,45.55908889,45.55908889,-94.130972220,-94.130972220,0,No Special Jurisdiction,12,Motor Vehicle In-Transport,1,Front-to-Rear,0,No,2,Intersection,2,Four-Way Intersection,0,None,,,1,On Roadway,1,Daylight,,,,,5,"Fog, Smog, Smoke",0,No,0000000,Not Applicable,10,10:00am-10:59am,51,51,10,10:00am-10:59am,55,55,88,"Not Applicable (Not Transported) ",88,Not Applicable (Not Transported),,,,,,,1,0
2020,27,270053,Minnesota,1,1,0,0,0,1,1,35,CROW WING (35),0,NOT APPLICABLE,27,27,3,March,2020,6,Friday,3,3:00am-3:59am,39,39,0,This section IS NOT on the NHS,1,Rural,4,Minor Arterial,1,State Highway Agency,3,State Highway,SR-25,,1432,1432,46.20098889,46.20098889,-94.104119440,-94.104119440,0,No Special Jurisdiction,1,Rollover/Overturn,0,The First Harmful Event was Not a Collision with a Motor Vehicle in Transport,0,No,1,Non-Junction,1,Not an Intersection,0,None,,,4,On Roadside,2,Dark - Not Lighted,,,,,1,Clear,0,No,0000000,Not Applicable,3,3:00am-3:59am,47,47,4,4:00am-4:59am,4,4,88,"Not Applicable (Not Transported) ",88,Not Applicable (Not Transported),,,,,,,1,1
2020,27,270054,Minnesota,1,1,0,0,0,1,1,59,ISANTI (59),0,NOT APPLICABLE,27,27,3,March,2020,6,Friday,21,9:00pm-9:59pm,15,15,0,This section IS NOT on the NHS,2,Urban,5,Major Collector,2,County Highway Agency,4,County Road,CR-10 PALM ST NW,,114,114,45.55449722,45.55449722,-93.285947220,-93.285947220,0,No Special Jurisdiction,42,Tree (Standing Only),0,The First Harmful Event was Not a Collision with a Motor Vehicle in Transport,0,No,1,Non-Junction,1,Not an Intersection,0,None,,,5,Outside Trafficway,6,Dark - Unknown Lighting,,,,,10,Cloudy,0,No,0000000,Not Applicable,21,9:00pm-9:59pm,15,15,21,9:00pm-9:59pm,30,30,88,"Not Applicable (Not Transported) ",88,Not Applicable (Not Transported),,,,,,,1,1
2020,27,270055,Minnesota,1,1,0,0,0,1,1,53,HENNEPIN (53),4760,MINNEAPOLIS,28,28,3,March,2020,7,Saturday,21,9:00pm-9:59pm,15,15,1,This section IS ON the NHS,2,Urban,3,Principal Arterial - Other,1,State Highway Agency,3,State Highway,SR-55 OLSON MEMORIAL HWY,,1886,1886,44.98422500,44.98422500,-93.308330560,-93.308330560,0,No Special Jurisdiction,40,Fire Hydrant,0,The First Harmful Event was Not a Collision with a Motor Vehicle in Transport,0,No,1,Non-Junction,1,Not an Intersection,0,None,,,5,Outside Trafficway,3,Dark - Lighted,,,,,2,Rain,0,No,0000000,Not Applicable,21,9:00pm-9:59pm,18,18,21,9:00pm-9:59pm,25,25,88,"Not Applicable (Not Transported) ",88,Not Applicable (Not Transported),,,,,,,1,1
2020,27,270057,Minnesota,1,1,0,0,0,1,1,1,AITKIN (1),0,NOT APPLICABLE,29,29,3,March,2020,1,Sunday,7,7:00am-7:59am,30,30,1,This section IS ON the NHS,1,Rural,3,Principal Arterial - Other,1,State Highway Agency,3,State Highway,SR-210,,1801,1801,46.62963611,46.62963611,-93.209636110,-93.209636110,0,No Special Jurisdiction,52,Guardrail End,0,The First Harmful Event was Not a Collision with a Motor Vehicle in Transport,0,No,1,Non-Junction,1,Not an Intersection,0,None,,,4,On Roadside,1,Daylight,,,,,4,Snow,0,No,0000000,Not Applicable,7,7:00am-7:59am,31,31,7,7:00am-7:59am,39,39,7,7:00am-7:59am,44,44,,,,,,,1,1
2020,27,270059,Minnesota,2,2,0,0,0,4,4,39,DODGE (39),0,NOT APPLICABLE,29,29,3,March,2020,1,Sunday,11,11:00am-11:59am,19,19,0,This section IS NOT on the NHS,1,Rural,4,Minor Arterial,1,State Highway Agency,3,State Highway,SR-57,CR-16,42,42,44.08001667,44.08001667,-92.759852780,-92.759852780,0,No Special Jurisdiction,12,Motor Vehicle In-Transport,6,Angle,0,No,2,Intersection,2,Four-Way Intersection,0,None,,,1,On Roadway,1,Daylight,,,,,2,Rain,0,No,0000000,Not Applicable,11,11:00am-11:59am,20,20,11,11:00am-11:59am,23,23,12,12:00pm-12:59pm,30,30,,,,,,,1,0
2020,27,270060,Minnesota,2,2,0,0,0,2,2,19,CARVER (19),0,NOT APPLICABLE,2,2,4,April,2020,5,Thursday,5,5:00am-5:59am,0,0,0,This section IS NOT on the NHS,1,Rural,4,Minor Arterial,2,County Highway Agency,4,County Road,CR-10,,157,157,44.82123611,44.82123611,-93.739341670,-93.739341670,0,No Special Jurisdiction,12,Motor Vehicle In-Transport,2,Front-to-Front,0,No,1,Non-Junction,1,Not an Intersection,0,None,,,1,On Roadway,2,Dark - Not Lighted,,,,,1,Clear,0,No,0000000,Not Applicable,5,5:00am-5:59am,0,0,5,5:00am-5:59am,4,4,5,5:00am-5:59am,37,37,,,,,,,1,0
2020,27,270061,Minnesota,2,2,0,0,0,2,2,13,BLUE EARTH (13),0,NOT APPLICABLE,31,31,3,March,2020,3,Tuesday,15,3:00pm-3:59pm,15,15,0,This section IS NOT on the NHS,2,Urban,5,Major Collector,2,County Highway Agency,4,County Road,CR-5,231st La,23,23,44.20835556,44.20835556,-93.993861110,-93.993861110,0,No Special Jurisdiction,12,Motor Vehicle In-Transport,6,Angle,0,No,2,Intersection,3,T-Intersection,0,None,,,1,On Roadway,1,Daylight,,,,,10,Cloudy,0,No,0000000,Not Applicable,15,3:00pm-3:59pm,20,20,15,3:00pm-3:59pm,25,25,88,"Not Applicable (Not Transported) ",88,Not Applicable (Not Transported),,,,,,,1,0
2020,27,270062,Minnesota,1,1,0,1,1,1,1,123,RAMSEY (123),4536,MAPLEWOOD,2,2,4,April,2020,5,Thursday,21,9:00pm-9:59pm,16,16,0,This section IS NOT on the NHS,2,Urban,4,Minor Arterial,1,State Highway Agency,3,State Highway,SR-120 CENTURY AVE N,,36,36,44.96753611,44.96753611,-92.984616670,-92.984616670,0,No Special Jurisdiction,8,Pedestrian,0,The First Harmful Event was Not a Collision with a Motor Vehicle in Transport,0,No,1,Non-Junction,1,Not an Intersection,0,None,,,1,On Roadway,2,Dark - Not Lighted,,,,,10,Cloudy,0,No,0000000,Not Applicable,21,9:00pm-9:59pm,16,16,21,9:00pm-9:59pm,18,18,88,"Not Applicable (Not Transported) ",88,Not Applicable (Not Transported),,,,,,,1,0
2020,27,270063,Minnesota,1,1,0,0,0,1,1,107,NORMAN (107),0,NOT APPLICABLE,18,18,3,March,2020,4,Wednesday,8,8:00am-8:59am,5,5,0,This section IS NOT on the NHS,1,Rural,5,Major Collector,2,County Highway Agency,4,County Road,CR-3,,64,64,47.45506111,47.45506111,-96.718977780,-96.718977780,0,No Special Jurisdiction,1,Rollover/Overturn,0,The First Harmful Event was Not a Collision with a Motor Vehicle in Transport,0,No,1,Non-Junction,1,Not an Intersection,0,None,,,5,Outside Trafficway,1,Daylight,,,,,10,Cloudy,0,No,0000000,Not Applicable,8,8:00am-8:59am,10,10,8,8:00am-8:59am,31,31,88,"Not Applicable (Not Transported) ",88,Not Applicable (Not Transported),,,,,,,1,0
2020,27,270064,Minnesota,1,1,0,0,0,1,1,67,KANDIYOHI (67),0,NOT APPLICABLE,3,3,4,April,2020,6,Friday,0,0:00am-0:59am,29,29,1,This section IS ON the NHS,1,Rural,3,Principal Arterial - Other,1,State Highway Agency,2,U.S. Highway,US-12,,770,770,45.12519444,45.12519444,-94.981950000,-94.981950000,0,No Special Jurisdiction,1,Rollover/Overturn,0,The First Harmful Event was Not a Collision with a Motor Vehicle in Transport,0,No,1,Non-Junction,1,Not an Intersection,0,None,,,4,On Roadside,2,Dark - Not Lighted,,,,,3,Sleet or Hail,0,No,0000000,Not Applicable,0,0:00am-0:59am,29,29,0,0:00am-0:59am,33,33,88,"Not Applicable (Not Transported) ",88,Not Applicable (Not Transported),,,,,,,1,0
2020,27,270065,Minnesota,1,1,0,0,0,1,1,137,ST LOUIS (137),2250,EVELETH,14,14,4,April,2020,3,Tuesday,6,6:00am-6:59am,55,55,0,This section IS NOT on the NHS,1,Rural,5,Major Collector,2,County Highway Agency,4,County Road,CR-101,,56,56,47.46049444,47.46049444,-92.544969440,-92.544969440,0,No Special Jurisdiction,1,Rollover/Overturn,0,The First Harmful Event was Not a Collision with a Motor Vehicle in Transport,0,No,1,Non-Junction,1,Not an Intersection,0,None,,,1,On Roadway,1,Daylight,,,,,1,Clear,0,No,0000000,Not Applicable,6,6:00am-6:59am,55,55,7,7:00am-7:59am,0,0,88,"Not Applicable (Not Transported) ",88,Not Applicable (Not Transported),,,,,,,1,1
2020,27,270066,Minnesota,2,2,0,0,0,4,4,139,SCOTT (139),0,NOT APPLICABLE,1,1,4,April,2020,4,Wednesday,11,11:00am-11:59am,49,49,0,This section IS NOT on the NHS,1,Rural,4,Minor Arterial,2,County Highway Agency,4,County Road,CR-21 EAGLE CREEK AVE,CR-91 Natchez Ave,10,10,44.68141111,44.68141111,-93.338694440,-93.338694440,0,No Special Jurisdiction,12,Motor Vehicle In-Transport,6,Angle,0,No,2,Intersection,2,Four-Way Intersection,0,None,,,1,On Roadway,1,Daylight,,,,,1,Clear,0,No,0000000,Not Applicable,11,11:00am-11:59am,50,50,11,11:00am-11:59am,58,58,12,12:00pm-12:59pm,42,42,,,,,,,2,1
2020,27,270067,Minnesota,1,1,0,0,0,1,1,171,WRIGHT (171),0,NOT APPLICABLE,18,18,4,April,2020,7,Saturday,5,5:00am-5:59am,45,45,0,This section IS NOT on the NHS,1,Rural,6,Minor Collector,2,County Highway Agency,4,County Road,CR-5,,145,145,45.17435000,45.17435000,-94.117672220,-94.117672220,0,No Special Jurisdiction,42,Tree (Standing Only),0,The First Harmful Event was Not a Collision with a Motor Vehicle in Transport,0,No,1,Non-Junction,1,Not an Intersection,4,"Work Zone, Type Unknown",,,4,On Roadside,9,Reported as Unknown,,,,,1,Clear,0,No,0000000,Not Applicable,5,5:00am-5:59am,45,45,5,5:00am-5:59am,45,45,88,"Not Applicable (Not Transported) ",88,Not Applicable (Not Transported),,,,,,,1,0
2020,27,270068,Minnesota,1,1,0,0,0,1,1,53,HENNEPIN (53),3410,HOPKINS,20,20,4,April,2020,2,Monday,7,7:00am-7:59am,48,48,0,This section IS NOT on the NHS,2,Urban,7,Local,4,City or Municipal Highway Agency,6,Local Street - Municipality,5TH ST S,,0,None,44.91707500,44.91707500,-93.421386110,-93.421386110,0,No Special Jurisdiction,38,Fence,0,The First Harmful Event was Not a Collision with a Motor Vehicle in Transport,0,No,1,Non-Junction,1,Not an Intersection,0,None,,,4,On Roadside,9,Reported as Unknown,,,,,99,Reported as Unknown,0,No,0000000,Not Applicable,7,7:00am-7:59am,48,48,7,7:00am-7:59am,52,52,88,"Not Applicable (Not Transported) ",88,Not Applicable (Not Transported),,,,,,,1,1
2020,27,270069,Minnesota,2,1,1,0,2,1,3,109,OLMSTED (109),0,NOT APPLICABLE,12,12,4,April,2020,1,Sunday,17,5:00pm-5:59pm,25,25,1,This section IS ON the NHS,1,Rural,2,Principal Arterial - Other Freeways and Expressways,1,State Highway Agency,2,U.S. Highway,US-52,,495,495,43.97192778,43.97192778,-92.409763890,-92.409763890,0,No Special Jurisdiction,14,Parked Motor Vehicle,0,The First Harmful Event was Not a Collision with a Motor Vehicle in Transport,0,No,1,Non-Junction,1,Not an Intersection,0,None,,,2,On Shoulder,1,Daylight,,,,,11,Blowing Snow,0,No,0000000,Not Applicable,17,5:00pm-5:59pm,21,21,17,5:00pm-5:59pm,29,29,88,"Not Applicable (Not Transported) ",88,Not Applicable (Not Transported),,,,,,,1,0
2020,27,270070,Minnesota,1,1,0,0,0,1,1,21,CASS (21),0,NOT APPLICABLE,16,16,4,April,2020,5,Thursday,16,4:00pm-4:59pm,7,7,0,This section IS NOT on the NHS,1,Rural,4,Minor Arterial,1,State Highway Agency,3,State Highway,SR-6,,628,628,47.12453889,47.12453889,-93.814927780,-93.814927780,0,No Special Jurisdiction,35,Embankment,0,The First Harmful Event was Not a Collision with a Motor Vehicle in Transport,0,No,1,Non-Junction,1,Not an Intersection,0,None,,,4,On Roadside,1,Daylight,,,,,1,Clear,0,No,0000000,Not Applicable,16,4:00pm-4:59pm,13,13,16,4:00pm-4:59pm,26,26,17,5:00pm-5:59pm,6,6,,,,,,,1,0