caseyear,state,st_case,statename,ve_total,ve_forms,pvh_invl,peds,pernotmvit,permvit,persons,county,countyname,city,cityname,day,dayname,month,monthname,year,day_week,day_weekname,hour,hourname,minute,minutename,nhs,nhsname,rur_urb,rur_urbname,func_sys,func_sysname,rd_owner,rd_ownername,route,routename,tway_id,tway_id2,milept,mileptname,latitude,latitudename,longitud,longitudname,sp_jur,sp_jurname,harm_ev,harm_evname,man_coll,man_collname,reljct1,reljct1name,reljct2,reljct2name,typ_int,typ_intname,wrk_zone,wrk_zonename,road_fnc,road_fncname,rel_road,rel_roadname,lgt_cond,lgt_condname,weather1,weather1name,weather2,weather2name,weather,weathername,sch_bus,sch_busname,rail,railname,not_hour,not_hourname,not_min,not_minname,arr_hour,arr_hourname,arr_min,arr_minname,hosp_hr,hosp_hrname,hosp_mn,hosp_mnname,cf1,cf1name,cf2,cf2name,cf3,cf3name,fatals,drunk_dr
2020,27,270145,Minnesota,2,2,0,0,0,2,2,53,HENNEPIN (53),820,BROOKLYN CENTER,8,8,7,July,2020,4,Wednesday,11,11:00am-11:59am,1,1,0,This section IS NOT on the NHS,2,Urban,4,Minor Arterial,2,County Highway Agency,4,County Road,CR-152 BROOKLYN BLVD,65TH AVE,33,33,45.07251944,45.07251944,-93.329975000,-93.329975000,0,No Special Jurisdiction,12,Motor Vehicle In-Transport,6,Angle,0,No,2,Intersection,2,Four-Way Intersection,0,None,,,1,On Roadway,1,Daylight,,,,,1,Clear,0,No,0000000,Not Applicable,11,11:00am-11:59am,1,1,11,11:00am-11:59am,1,1,11,11:00am-11:59am,20,20,,,,,,,1,0
2020,27,270146,Minnesota,1,1,0,0,0,1,1,53,HENNEPIN (53),4760,MINNEAPOLIS,9,9,7,July,2020,5,Thursday,14,2:00pm-2:59pm,21,21,0,This section IS NOT on the NHS,2,Urban,5,Major Collector,2,County Highway Agency,4,County Road,CR-57 51ST AVE N,,9,9,45.04846667,45.04846667,-93.299130560,-93.299130560,0,No Special Jurisdiction,42,Tree (Standing Only),0,The First Harmful Event was Not a Collision with a Motor Vehicle in Transport,0,No,1,Non-Junction,1,Not an Intersection,0,None,,,4,On Roadside,1,Daylight,,,,,1,Clear,0,No,0000000,Not Applicable,14,2:00pm-2:59pm,21,21,14,2:00pm-2:59pm,25,25,88,"Not Applicable (Not Transported) ",88,Not Applicable (Not Transported),,,,,,,1,0
2020,27,270147,Minnesota,1,1,0,0,0,2,2,17,CARLTON (17),0,NOT APPLICABLE,11,11,7,July,2020,7,Saturday,0,0:00am-0:59am,19,19,1,This section IS ON the NHS,1,Rural,3,Principal Arterial - Other,1,State Highway Agency,3,State Highway,SR-210,,1982,1982,46.67918056,46.67918056,-92.848166670,-92.848166670,0,No Special Jurisdiction,1,Rollover/Overturn,0,The First Harmful Event was Not a Collision with a Motor Vehicle in Transport,0,No,1,Non-Junction,1,Not an Intersection,0,None,,,4,On Roadside,2,Dark - Not Lighted,,,,,1,Clear,0,No,0000000,Not Applicable,0,0:00am-0:59am,19,19,0,0:00am-0:59am,40,40,99,Unknown,99,Unknown EMS Hospital Arrival Time,,,,,,,1,0
2020,27,270148,Minnesota,1,1,0,0,0,1,1,137,ST LOUIS (137),1210,CHISHOLM,11,11,7,July,2020,7,Saturday,2,2:00am-2:59am,15,15,0,This section IS NOT on the NHS,1,Rural,4,Minor Arterial,4,City or Municipal Highway Agency,6,Local Street - Municipality,1ST AVE SE,E LAKE ST,4,4,47.48870278,47.48870278,-92.877444440,-92.877444440,0,No Special Jurisdiction,1,Rollover/Overturn,0,The First Harmful Event was Not a Collision with a Motor Vehicle in Transport,0,No,3,Intersection-Related,3,T-Intersection,0,None,,,4,On Roadside,3,Dark - Lighted,,,,,1,Clear,0,No,0000000,Not Applicable,2,2:00am-2:59am,20,20,2,2:00am-2:59am,25,25,88,"Not Applicable (Not Transported) ",88,Not Applicable (Not Transported),,,,,,,1,1
2020,27,270149,Minnesota,1,1,0,1,1,1,1,123,RAMSEY (123),4974,MOUNDS VIEW,24,24,6,June,2020,4,Wednesday,21,9:00pm-9:59pm,57,57,1,This section IS ON the NHS,2,Urban,1,Interstate,1,State Highway Agency,1,Interstate,I-35W,,299,299,45.10790833,45.10790833,-93.188538890,-93.188538890,0,No Special Jurisdiction,8,Pedestrian,0,The First Harmful Event was Not a Collision with a Motor Vehicle in Transport,1,Yes,18,Through Roadway,1,Not an Intersection,1,Construction,,,1,On Roadway,3,Dark - Lighted,,,,,1,Clear,0,No,0000000,Not Applicable,21,9:00pm-9:59pm,58,58,22,10:00pm-10:59pm,4,4,22,10:00pm-10:59pm,31,31,,,,,,,1,0
2020,27,270150,Minnesota,5,1,4,0,0,4,4,53,HENNEPIN (53),4760,MINNEAPOLIS,13,13,7,July,2020,2,Monday,20,8:00pm-8:59pm,5,5,0,This section IS NOT on the NHS,2,Urban,7,Local,4,City or Municipal Highway Agency,6,Local Street - Municipality,EMERSON AVE N,,9,9,45.02789444,45.02789444,-93.294455560,-93.294455560,0,No Special Jurisdiction,14,Parked Motor Vehicle,0,The First Harmful Event was Not a Collision with a Motor Vehicle in Transport,0,No,1,Non-Junction,1,Not an Intersection,0,None,,,7,In Parking Lane/Zone,5,Dusk,,,,,10,Cloudy,0,No,0000000,Not Applicable,20,8:00pm-8:59pm,5,5,20,8:00pm-8:59pm,10,10,88,"Not Applicable (Not Transported) ",88,Not Applicable (Not Transported),,,,,,,1,1
2020,27,270151,Minnesota,1,1,0,0,0,3,3,173,YELLOW MEDICINE (173),0,NOT APPLICABLE,13,13,7,July,2020,2,Monday,21,9:00pm-9:59pm,1,1,0,This section IS NOT on the NHS,1,Rural,4,Minor Arterial,1,State Highway Agency,3,State Highway,SR-67,,361,361,44.76579722,44.76579722,-95.524244440,-95.524244440,0,No Special Jurisdiction,31,"Post, Pole or Other Supports",0,The First Harmful Event was Not a Collision with a Motor Vehicle in Transport,0,No,1,Non-Junction,1,Not an Intersection,0,None,,,4,On Roadside,1,Daylight,,,,,1,Clear,0,No,0000000,Not Applicable,21,9:00pm-9:59pm,1,1,21,9:00pm-9:59pm,9,9,21,9:00pm-9:59pm,35,35,,,,,,,1,1
2020,27,270152,Minnesota,2,2,0,0,0,2,2,21,CASS (21),0,NOT APPLICABLE,14,14,7,July,2020,3,Tuesday,13,1:00pm-1:59pm,57,57,0,This section IS NOT on the NHS,1,Rural,4,Minor Arterial,1,State Highway Agency,3,State Highway,SR-64,CR-23,186,186,46.58667500,46.58667500,-94.696758330,-94.696758330,0,No Special Jurisdiction,12,Motor Vehicle In-Transport,6,Angle,0,No,2,Intersection,2,Four-Way Intersection,0,None,,,1,On Roadway,1,Daylight,,,,,1,Clear,0,No,0000000,Not Applicable,13,1:00pm-1:59pm,57,57,14,2:00pm-2:59pm,20,20,88,"Not Applicable (Not Transported) ",88,Not Applicable (Not Transported),,,,,,,1,0
2020,27,270153,Minnesota,1,1,0,2,2,1,1,41,DOUGLAS (41),0,NOT APPLICABLE,14,14,7,July,2020,3,Tuesday,21,9:00pm-9:59pm,58,58,0,This section IS NOT on the NHS,1,Rural,5,Major Collector,2,County Highway Agency,4,County Road,CR-9,,61,61,45.94885000,45.94885000,-95.291805560,-95.291805560,0,No Special Jurisdiction,9,Pedalcyclist,0,The First Harmful Event was Not a Collision with a Motor Vehicle in Transport,0,No,1,Non-Junction,1,Not an Intersection,0,None,,,98,Not Reported,2,Dark - Not Lighted,,,,,1,Clear,0,No,0000000,Not Applicable,21,9:00pm-9:59pm,58,58,22,10:00pm-10:59pm,7,7,22,10:00pm-10:59pm,26,26,,,,,,,1,0
2020,27,270154,Minnesota,1,1,0,0,0,1,1,75,LAKE (75),0,NOT APPLICABLE,16,16,7,July,2020,5,Thursday,1,1:00am-1:59am,54,54,0,This section IS NOT on the NHS,1,Rural,4,Minor Arterial,1,State Highway Agency,3,State Highway,SR-1 NATIONAL FOREST HWY 9,,3359,3359,47.45349444,47.45349444,-91.303719440,-91.303719440,0,No Special Jurisdiction,1,Rollover/Overturn,0,The First Harmful Event was Not a Collision with a Motor Vehicle in Transport,0,No,1,Non-Junction,1,Not an Intersection,0,None,,,2,On Shoulder,2,Dark - Not Lighted,,,,,1,Clear,0,No,0000000,Not Applicable,1,1:00am-1:59am,54,54,1,1:00am-1:59am,54,54,88,"Not Applicable (Not Transported) ",88,Not Applicable (Not Transported),,,,,,,1,1
2020,27,270155,Minnesota,1,1,0,0,0,1,1,3,ANOKA (3),5788,RAMSEY,16,16,7,July,2020,5,Thursday,8,8:00am-8:59am,13,13,1,This section IS ON the NHS,2,Urban,3,Principal Arterial - Other,1,State Highway Agency,2,U.S. Highway,US-10,SUNFISH LAKE BLVD,2242,2242,45.22006667,45.22006667,-93.429769440,-93.429769440,0,No Special Jurisdiction,1,Rollover/Overturn,0,The First Harmful Event was Not a Collision with a Motor Vehicle in Transport,0,No,3,Intersection-Related,2,Four-Way Intersection,0,None,,,4,On Roadside,1,Daylight,,,,,1,Clear,0,No,0000000,Not Applicable,8,8:00am-8:59am,13,13,8,8:00am-8:59am,17,17,8,8:00am-8:59am,32,32,,,,,,,1,0
2020,27,270156,Minnesota,1,1,0,0,0,1,1,141,SHERBURNE (141),0,NOT APPLICABLE,3,3,7,July,2020,6,Friday,21,9:00pm-9:59pm,37,37,0,This section IS NOT on the NHS,1,Rural,5,Major Collector,2,County Highway Agency,4,County Road,CR-11 165TH ST SE,87TH ST,99,99,45.44418889,45.44418889,-93.819594440,-93.819594440,0,No Special Jurisdiction,5,Fell/Jumped from Vehicle,0,The First Harmful Event was Not a Collision with a Motor Vehicle in Transport,0,No,3,Intersection-Related,3,T-Intersection,0,None,,,4,On Roadside,5,Dusk,,,,,1,Clear,0,No,0000000,Not Applicable,21,9:00pm-9:59pm,53,53,22,10:00pm-10:59pm,7,7,23,11:00pm-11:59pm,0,0,,,,,,,1,0
2020,27,270157,Minnesota,2,2,0,0,0,2,2,163,WASHINGTON (163),0,NOT APPLICABLE,16,16,7,July,2020,5,Thursday,18,6:00pm-6:59pm,19,19,0,This section IS NOT on the NHS,2,Urban,4,Minor Arterial,2,County Highway Agency,4,County Road,CR-15 MANNING AVE N,,21,21,44.97686111,44.97686111,-92.857666670,-92.857666670,0,No Special Jurisdiction,12,Motor Vehicle In-Transport,2,Front-to-Front,0,No,1,Non-Junction,1,Not an Intersection,0,None,,,1,On Roadway,1,Daylight,,,,,1,Clear,0,No,0000000,Not Applicable,18,6:00pm-6:59pm,20,20,18,6:00pm-6:59pm,30,30,88,"Not Applicable (Not Transported) ",88,Not Applicable (Not Transported),,,,,,,1,0
2020,27,270158,Minnesota,2,2,0,0,0,2,2,7,BELTRAMI (7),530,BEMIDJI,16,16,7,July,2020,5,Thursday,19,7:00pm-7:59pm,5,5,1,This section IS ON the NHS,2,Urban,3,Principal Arterial - Other,1,State Highway Agency,3,State Highway,SR-197,,57,57,47.49422778,47.49422778,-94.905572220,-94.905572220,0,No Special Jurisdiction,12,Motor Vehicle In-Transport,6,Angle,0,No,8,Driveway Access Related,1,Not an Intersection,0,None,,,1,On Roadway,1,Daylight,,,,,1,Clear,0,No,0000000,Not Applicable,19,7:00pm-7:59pm,9,9,19,7:00pm-7:59pm,13,13,19,7:00pm-7:59pm,21,21,,,,,,,1,1
2020,27,270159,Minnesota,1,1,0,0,0,1,1,137,ST LOUIS (137),0,NOT APPLICABLE,16,16,7,July,2020,5,Thursday,19,7:00pm-7:59pm,58,58,1,This section IS ON the NHS,1,Rural,3,Principal Arterial - Other,1,State Highway Agency,2,U.S. Highway,US-53,E TOWN LINE RD,541,541,47.37147500,47.37147500,-92.508797220,-92.508797220,0,No Special Jurisdiction,5,Fell/Jumped from Vehicle,0,The First Harmful Event was Not a Collision with a Motor Vehicle in Transport,0,No,2,Intersection,2,Four-Way Intersection,0,None,,,1,On Roadway,1,Daylight,,,,,1,Clear,0,No,0000000,Not Applicable,19,7:00pm-7:59pm,58,58,20,8:00pm-8:59pm,4,4,88,"Not Applicable (Not Transported) ",88,Not Applicable (Not Transported),,,,,,,1,1
2020,27,270160,Minnesota,1,1,0,1,1,1,1,141,SHERBURNE (141),5760,PRINCETON,17,17,7,July,2020,6,Friday,8,8:00am-8:59am,15,15,0,This section IS NOT on the NHS,1,Rural,4,Minor Arterial,2,County Highway Agency,4,County Road,CR-29 RUM RIVER DRIVE S,,4,4,45.55729722,45.55729722,-93.583094440,-93.583094440,0,No Special Jurisdiction,8,Pedestrian,0,The First Harmful Event was Not a Collision with a Motor Vehicle in Transport,0,No,1,Non-Junction,1,Not an Intersection,0,None,,,2,On Shoulder,1,Daylight,,,,,1,Clear,0,No,0000000,Not Applicable,8,8:00am-8:59am,17,17,8,8:00am-8:59am,22,22,88,"Not Applicable (Not Transported) ",88,Not Applicable (Not Transported),,,,,,,1,0
2020,27,270161,Minnesota,2,2,0,0,0,2,2,13,BLUE EARTH (13),1960,EAGLE LAKE,17,17,7,July,2020,6,Friday,14,2:00pm-2:59pm,58,58,1,This section IS ON the NHS,2,Urban,3,Principal Arterial - Other,1,State Highway Agency,2,U.S. Highway,US-14,CR-56 598TH AVE,1364,1364,44.17036111,44.17036111,-93.892297220,-93.892297220,0,No Special Jurisdiction,12,Motor Vehicle In-Transport,6,Angle,0,No,2,Intersection,3,T-Intersection,0,None,,,1,On Roadway,1,Daylight,,,,,1,Clear,0,No,0000000,Not Applicable,15,3:00pm-3:59pm,0,0,15,3:00pm-3:59pm,7,7,88,"Not Applicable (Not Transported) ",88,Not Applicable (Not Transported),,,,,,,1,0
2020,27,270163,Minnesota,1,1,0,0,0,2,2,31,COOK (31),0,NOT APPLICABLE,7,7,7,July,2020,3,Tuesday,11,11:00am-11:59am,36,36,0,This section IS NOT on the NHS,1,Rural,6,Minor Collector,2,County Highway Agency,4,County Road,CR-17 MILE CREEK RD,,116,116,47.95844444,47.95844444,-89.688944440,-89.688944440,3,Indian Reservation,59,"Traffic Sign Support ",0,The First Harmful Event was Not a Collision with a Motor Vehicle in Transport,0,No,1,Non-Junction,1,Not an Intersection,0,None,,,4,On Roadside,1,Daylight,,,,,1,Clear,0,No,0000000,Not Applicable,11,11:00am-11:59am,36,36,11,11:00am-11:59am,40,40,12,12:00pm-12:59pm,33,33,,,,,,,1,1
2020,27,270164,Minnesota,1,1,0,0,0,1,1,73,LAC QUI PARLE (73),0,NOT APPLICABLE,17,17,7,July,2020,6,Friday,21,9:00pm-9:59pm,10,10,0,This section IS NOT on the NHS,1,Rural,5,Major Collector,2,County Highway Agency,4,County Road,CR-19 231ST AVE,,76,76,45.12042500,45.12042500,-96.186541670,-96.186541670,0,No Special Jurisdiction,34,Ditch,0,The First Harmful Event was Not a Collision with a Motor Vehicle in Transport,0,No,1,Non-Junction,1,Not an Intersection,0,None,,,4,On Roadside,5,Dusk,,,,,1,Clear,0,No,0000000,Not Applicable,21,9:00pm-9:59pm,9,9,21,9:00pm-9:59pm,13,13,21,9:00pm-9:59pm,28,28,,,,,,,1,1
2020,27,270165,Minnesota,2,2,0,0,0,2,2,59,ISANTI (59),0,NOT APPLICABLE,21,21,7,July,2020,3,Tuesday,7,7:00am-7:59am,0,0,1,This section IS ON the NHS,1,Rural,3,Principal Arterial - Other,1,State Highway Agency,3,State Highway,SR-65,CR-9,350,350,45.45739444,45.45739444,-93.235238890,-93.235238890,0,No Special Jurisdiction,12,Motor Vehicle In-Transport,6,Angle,0,No,2,Intersection,3,T-Intersection,0,None,,,1,On Roadway,1,Daylight,,,,,2,Rain,0,No,0000000,Not Applicable,7,7:00am-7:59am,8,8,7,7:00am-7:59am,19,19,8,8:00am-8:59am,15,15,,,,,,,1,0
2020,27,270166,Minnesota,2,2,0,0,0,2,2,3,ANOKA (3),1982,EAST BETHEL,22,22,7,July,2020,4,Wednesday,11,11:00am-11:59am,17,17,1,This section IS ON the NHS,2,Urban,3,Principal Arterial - Other,1,State Highway Agency,3,State Highway,SR-65,CR-22,256,256,45.31952778,45.31952778,-93.236322220,-93.236322220,0,No Special Jurisdiction,12,Motor Vehicle In-Transport,6,Angle,0,No,2,Intersection,11,Other Intersection Type,0,None,,,1,On Roadway,1,Daylight,,,,,10,Cloudy,0,No,0000000,Not Applicable,11,11:00am-11:59am,17,17,11,11:00am-11:59am,17,17,88,"Not Applicable (Not Transported) ",88,Not Applicable (Not Transported),,,,,,,1,0
2020,27,270167,Minnesota,2,2,0,0,0,2,2,147,STEELE (147),0,NOT APPLICABLE,23,23,7,July,2020,5,Thursday,14,2:00pm-2:59pm,55,55,0,This section IS NOT on the NHS,1,Rural,5,Major Collector,2,County Highway Agency,4,County Road,CR-7 LEMOND RD,,133,133,44.03925000,44.03925000,-93.276555560,-93.276555560,0,No Special Jurisdiction,12,Motor Vehicle In-Transport,2,Front-to-Front,0,No,1,Non-Junction,1,Not an Intersection,0,None,,,1,On Roadway,1,Daylight,,,,,1,Clear,0,No,0000000,Not Applicable,14,2:00pm-2:59pm,55,55,15,3:00pm-3:59pm,5,5,16,4:00pm-4:59pm,20,20,,,,,,,1,0
2020,27,270168,Minnesota,2,2,0,0,0,2,2,3,ANOKA (3),9997,Other,23,23,7,July,2020,5,Thursday,16,4:00pm-4:59pm,11,11,0,This section IS NOT on the NHS,1,Rural,4,Minor Arterial,2,County Highway Agency,4,County Road,CR-22 VIKING BLVD NW,,67,67,77.77770000,77.77770000,777.777700000,777.777700000,0,No Special Jurisdiction,12,Motor Vehicle In-Transport,2,Front-to-Front,0,No,1,Non-Junction,1,Not an Intersection,0,None,,,1,On Roadway,1,Daylight,,,,,1,Clear,0,No,0000000,Not Applicable,16,4:00pm-4:59pm,11,11,16,4:00pm-4:59pm,21,21,17,5:00pm-5:59pm,20,20,,,,,,,1,0
2020,27,270169,Minnesota,2,2,0,0,0,2,2,145,STEARNS (145),9997,Other,24,24,7,July,2020,6,Friday,15,3:00pm-3:59pm,45,45,0,This section IS NOT on the NHS,2,Urban,5,Major Collector,2,County Highway Agency,4,County Road,CR-7,CR-44,113,113,45.46157500,45.46157500,-94.156641670,-94.156641670,0,No Special Jurisdiction,12,Motor Vehicle In-Transport,11,"Other ",0,No,2,Intersection,3,T-Intersection,0,None,,,1,On Roadway,1,Daylight,,,,,1,Clear,0,No,0000000,Not Applicable,15,3:00pm-3:59pm,47,47,15,3:00pm-3:59pm,58,58,88,"Not Applicable (Not Transported) ",88,Not Applicable (Not Transported),,,,,,,1,0
2020,27,270170,Minnesota,2,2,0,0,0,3,3,137,ST LOUIS (137),5780,PROCTOR,22,22,7,July,2020,4,Wednesday,3,3:00am-3:59am,21,21,1,This section IS ON the NHS,2,Urban,3,Principal Arterial - Other,1,State Highway Agency,2,U.S. Highway,US-2,,2579,2579,46.75679722,46.75679722,-92.234119440,-92.234119440,0,No Special Jurisdiction,12,Motor Vehicle In-Transport,2,Front-to-Front,0,No,1,Non-Junction,1,Not an Intersection,0,None,,,1,On Roadway,2,Dark - Not Lighted,,,,,2,Rain,0,No,0000000,Not Applicable,3,3:00am-3:59am,22,22,3,3:00am-3:59am,29,29,4,4:00am-4:59am,15,15,,,,,,,2,0
2020,27,270171,Minnesota,1,1,0,1,1,1,1,103,NICOLLET (103),6350,ST. PETER,23,23,7,July,2020,5,Thursday,12,12:00pm-12:59pm,1,1,0,This section IS NOT on the NHS,2,Urban,4,Minor Arterial,4,City or Municipal Highway Agency,6,Local Street - Municipality,BROADWAY,,8,8,44.32609167,44.32609167,-93.956158330,-93.956158330,0,No Special Jurisdiction,8,Pedestrian,0,The First Harmful Event was Not a Collision with a Motor Vehicle in Transport,0,No,1,Non-Junction,1,Not an Intersection,0,None,,,1,On Roadway,1,Daylight,,,,,1,Clear,0,No,0000000,Not Applicable,12,12:00pm-12:59pm,3,3,12,12:00pm-12:59pm,8,8,12,12:00pm-12:59pm,33,33,,,,,,,1,0
2020,27,270172,Minnesota,1,1,0,0,0,3,3,123,RAMSEY (123),6330,ST. PAUL,24,24,7,July,2020,6,Friday,18,6:00pm-6:59pm,43,43,1,This section IS ON the NHS,2,Urban,2,Principal Arterial - Other Freeways and Expressways,1,State Highway Agency,3,State Highway,SR-280,,14,14,44.97626667,44.97626667,-93.202775000,-93.202775000,0,No Special Jurisdiction,34,Ditch,0,The First Harmful Event was Not a Collision with a Motor Vehicle in Transport,1,Yes,5,Entrance/Exit Ramp Related,1,Not an Intersection,0,None,,,8,Gore,1,Daylight,,,,,1,Clear,0,No,0000000,Not Applicable,99,Unknown,99,Unknown,99,Unknown EMS Scene Arrival Hour,99,Unknown EMS Scene Arrival Minutes,99,Unknown,99,Unknown EMS Hospital Arrival Time,,,,,,,1,0
2020,27,270173,Minnesota,2,2,0,0,0,2,2,123,RAMSEY (123),6330,ST. PAUL,24,24,7,July,2020,6,Friday,23,11:00pm-11:59pm,6,6,0,This section IS NOT on the NHS,2,Urban,5,Major Collector,4,City or Municipal Highway Agency,6,Local Street - Municipality,MINNEHAHA AVE E,,1,1,44.96298611,44.96298611,-93.077258330,-93.077258330,0,No Special Jurisdiction,12,Motor Vehicle In-Transport,1,Front-to-Rear,0,No,1,Non-Junction,1,Not an Intersection,0,None,,,1,On Roadway,3,Dark - Lighted,,,,,1,Clear,0,No,0000000,Not Applicable,23,11:00pm-11:59pm,6,6,23,11:00pm-11:59pm,10,10,23,11:00pm-11:59pm,15,15,,,,,,,1,0
2020,27,270174,Minnesota,2,2,0,0,0,3,3,127,REDWOOD (127),0,NOT APPLICABLE,25,25,7,July,2020,7,Saturday,12,12:00pm-12:59pm,55,55,0,This section IS NOT on the NHS,1,Rural,5,Major Collector,2,County Highway Agency,4,County Road,CR-6,230TH ST,131,131,44.38428889,44.38428889,-95.269072220,-95.269072220,0,No Special Jurisdiction,12,Motor Vehicle In-Transport,6,Angle,0,No,2,Intersection,2,Four-Way Intersection,0,None,,,1,On Roadway,1,Daylight,,,,,1,Clear,0,No,0000000,Not Applicable,12,12:00pm-12:59pm,55,55,13,1:00pm-1:59pm,0,0,88,"Not Applicable (Not Transported) ",88,Not Applicable (Not Transported),,,,,,,1,0
2020,27,270175,Minnesota,1,1,0,0,0,4,4,61,ITASCA (61),0,NOT APPLICABLE,25,25,7,July,2020,7,Saturday,20,8:00pm-8:59pm,50,50,0,This section IS NOT on the NHS,1,Rural,7,Local,2,County Highway Agency,4,County Road,CR-549,,15,15,47.81355000,47.81355000,-93.103988890,-93.103988890,0,No Special Jurisdiction,42,Tree (Standing Only),0,The First Harmful Event was Not a Collision with a Motor Vehicle in Transport,0,No,1,Non-Junction,1,Not an Intersection,0,None,,,4,On Roadside,5,Dusk,,,,,1,Clear,0,No,0000000,Not Applicable,20,8:00pm-8:59pm,50,50,21,9:00pm-9:59pm,5,5,21,9:00pm-9:59pm,30,30,,,,,,,3,1
2020,27,270176,Minnesota,2,2,0,0,0,4,4,85,MCLEOD (85),0,NOT APPLICABLE,26,26,7,July,2020,1,Sunday,17,5:00pm-5:59pm,58,58,1,This section IS ON the NHS,1,Rural,3,Principal Arterial - Other,1,State Highway Agency,3,State Highway,SR-7,,1513,1513,44.90685000,44.90685000,-94.186294440,-94.186294440,0,No Special Jurisdiction,12,Motor Vehicle In-Transport,8,Sideswipe - Opposite Direction,0,No,1,Non-Junction,1,Not an Intersection,0,None,,,1,On Roadway,1,Daylight,,,,,1,Clear,0,No,0000000,Not Applicable,18,6:00pm-6:59pm,0,0,18,6:00pm-6:59pm,5,5,18,6:00pm-6:59pm,45,45,,,,,,,1,0
2020,27,270177,Minnesota,1,1,0,0,0,1,1,57,HUBBARD (57),0,NOT APPLICABLE,28,28,7,July,2020,3,Tuesday,1,1:00am-1:59am,15,15,1,This section IS ON the NHS,1,Rural,3,Principal Arterial - Other,1,State Highway Agency,3,State Highway,SR-34,,782,782,46.93065556,46.93065556,-94.991127780,-94.991127780,0,No Special Jurisdiction,11,Live Animal,0,The First Harmful Event was Not a Collision with a Motor Vehicle in Transport,0,No,1,Non-Junction,1,Not an Intersection,0,None,,,1,On Roadway,2,Dark - Not Lighted,,,,,1,Clear,0,No,0000000,Not Applicable,1,1:00am-1:59am,15,15,1,1:00am-1:59am,16,16,1,1:00am-1:59am,48,48,,,,,,,1,0
2020,27,270178,Minnesota,1,1,0,1,1,1,1,41,DOUGLAS (41),130,ALEXANDRIA,5,5,6,June,2020,6,Friday,22,10:00pm-10:59pm,3,3,0,This section IS NOT on the NHS,2,Urban,4,Minor Arterial,2,County Highway Agency,4,County Road,CR-46 S MCKAY AVE,,54,54,45.88648333,45.88648333,-95.351855560,-95.351855560,0,No Special Jurisdiction,8,Pedestrian,0,The First Harmful Event was Not a Collision with a Motor Vehicle in Transport,0,No,1,Non-Junction,1,Not an Intersection,0,None,,,1,On Roadway,2,Dark - Not Lighted,,,,,1,Clear,0,No,0000000,Not Applicable,22,10:00pm-10:59pm,3,3,22,10:00pm-10:59pm,8,8,22,10:00pm-10:59pm,17,17,,,,,,,1,0
2020,27,270179,Minnesota,4,4,0,0,0,5,5,141,SHERBURNE (141),0,NOT APPLICABLE,28,28,7,July,2020,3,Tuesday,16,4:00pm-4:59pm,54,54,1,This section IS ON the NHS,1,Rural,3,Principal Arterial - Other,1,State Highway Agency,2,U.S. Highway,US-10,,1836,1836,45.52340556,45.52340556,-94.088230560,-94.088230560,0,No Special Jurisdiction,12,Motor Vehicle In-Transport,2,Front-to-Front,0,No,1,Non-Junction,1,Not an Intersection,0,None,,,1,On Roadway,1,Daylight,,,,,1,Clear,0,No,0000000,Not Applicable,16,4:00pm-4:59pm,54,54,17,5:00pm-5:59pm,5,5,17,5:00pm-5:59pm,30,30,,,,,,,2,0
2020,27,270180,Minnesota,2,2,0,0,0,3,3,85,MCLEOD (85),0,NOT APPLICABLE,29,29,7,July,2020,4,Wednesday,14,2:00pm-2:59pm,56,56,0,This section IS NOT on the NHS,1,Rural,7,Local,2,County Highway Agency,4,County Road,CR-58 YACHT AVE,,16,16,44.80604444,44.80604444,-94.478127780,-94.478127780,0,No Special Jurisdiction,12,Motor Vehicle In-Transport,6,Angle,0,No,1,Non-Junction,1,Not an Intersection,0,None,,,4,On Roadside,1,Daylight,,,,,1,Clear,0,No,0000000,Not Applicable,15,3:00pm-3:59pm,0,0,15,3:00pm-3:59pm,14,14,99,Unknown,99,Unknown EMS Hospital Arrival Time,,,,,,,1,0
2020,27,270181,Minnesota,2,2,0,0,0,3,3,89,MARSHALL (89),0,NOT APPLICABLE,30,30,7,July,2020,5,Thursday,10,10:00am-10:59am,46,46,0,This section IS NOT on the NHS,1,Rural,4,Minor Arterial,1,State Highway Agency,3,State Highway,SR-89,CR-6 390TH,961,961,48.42424444,48.42424444,-95.730741670,-95.730741670,0,No Special Jurisdiction,12,Motor Vehicle In-Transport,6,Angle,0,No,2,Intersection,2,Four-Way Intersection,0,None,,,1,On Roadway,1,Daylight,,,,,1,Clear,0,No,0000000,Not Applicable,10,10:00am-10:59am,54,54,11,11:00am-11:59am,4,4,14,2:00pm-2:59pm,0,0,,,,,,,1,0
2020,27,270182,Minnesota,2,2,0,0,0,2,2,147,STEELE (147),0,NOT APPLICABLE,30,30,7,July,2020,5,Thursday,14,2:00pm-2:59pm,20,20,0,This section IS NOT on the NHS,1,Rural,5,Major Collector,2,County Highway Agency,4,County Road,CR-17,,68,68,44.12444722,44.12444722,-93.306563890,-93.306563890,0,No Special Jurisdiction,12,Motor Vehicle In-Transport,1,Front-to-Rear,0,No,8,Driveway Access Related,1,Not an Intersection,0,None,,,1,On Roadway,1,Daylight,,,,,1,Clear,0,No,0000000,Not Applicable,14,2:00pm-2:59pm,20,20,14,2:00pm-2:59pm,30,30,88,"Not Applicable (Not Transported) ",88,Not Applicable (Not Transported),,,,,,,1,0