caseyear,state,st_case,statename,ve_total,ve_forms,pvh_invl,peds,pernotmvit,permvit,persons,county,countyname,city,cityname,day,dayname,month,monthname,year,day_week,day_weekname,hour,hourname,minute,minutename,nhs,nhsname,rur_urb,rur_urbname,func_sys,func_sysname,rd_owner,rd_ownername,route,routename,tway_id,tway_id2,milept,mileptname,latitude,latitudename,longitud,longitudname,sp_jur,sp_jurname,harm_ev,harm_evname,man_coll,man_collname,reljct1,reljct1name,reljct2,reljct2name,typ_int,typ_intname,wrk_zone,wrk_zonename,road_fnc,road_fncname,rel_road,rel_roadname,lgt_cond,lgt_condname,weather1,weather1name,weather2,weather2name,weather,weathername,sch_bus,sch_busname,rail,railname,not_hour,not_hourname,not_min,not_minname,arr_hour,arr_hourname,arr_min,arr_minname,hosp_hr,hosp_hrname,hosp_mn,hosp_mnname,cf1,cf1name,cf2,cf2name,cf3,cf3name,fatals,drunk_dr
2020,27,270183,Minnesota,1,1,0,0,0,1,1,163,WASHINGTON (163),2450,FOREST LAKE,1,1,8,August,2020,7,Saturday,18,6:00pm-6:59pm,6,6,0,This section IS NOT on the NHS,1,Rural,7,Local,4,City or Municipal Highway Agency,6,Local Street - Municipality,190TH ST N,,11,11,45.22451111,45.22451111,-92.897705560,-92.897705560,0,No Special Jurisdiction,42,Tree (Standing Only),0,The First Harmful Event was Not a Collision with a Motor Vehicle in Transport,0,No,1,Non-Junction,1,Not an Intersection,0,None,,,4,On Roadside,1,Daylight,,,,,1,Clear,0,No,0000000,Not Applicable,18,6:00pm-6:59pm,6,6,18,6:00pm-6:59pm,22,22,88,"Not Applicable (Not Transported) ",88,Not Applicable (Not Transported),,,,,,,1,1
2020,27,270184,Minnesota,1,1,0,0,0,1,1,19,CARVER (19),0,NOT APPLICABLE,2,2,8,August,2020,1,Sunday,15,3:00pm-3:59pm,25,25,0,This section IS NOT on the NHS,1,Rural,4,Minor Arterial,2,County Highway Agency,4,County Road,CR-40,188TH ST,19,19,44.66126944,44.66126944,-93.746758330,-93.746758330,0,No Special Jurisdiction,30,Utility Pole/Light Support,0,The First Harmful Event was Not a Collision with a Motor Vehicle in Transport,0,No,3,Intersection-Related,3,T-Intersection,0,None,,,4,On Roadside,1,Daylight,,,,,1,Clear,0,No,0000000,Not Applicable,15,3:00pm-3:59pm,25,25,15,3:00pm-3:59pm,30,30,88,"Not Applicable (Not Transported) ",88,Not Applicable (Not Transported),,,,,,,1,1
2020,27,270185,Minnesota,1,1,0,0,0,3,3,53,HENNEPIN (53),1496,CORCORAN,2,2,8,August,2020,1,Sunday,18,6:00pm-6:59pm,35,35,0,This section IS NOT on the NHS,2,Urban,98,Not Reported,4,City or Municipal Highway Agency,6,Local Street - Municipality,OAKDALE DR,,99998,Not Reported,45.14173056,45.14173056,-93.599322220,-93.599322220,0,No Special Jurisdiction,34,Ditch,0,The First Harmful Event was Not a Collision with a Motor Vehicle in Transport,0,No,1,Non-Junction,1,Not an Intersection,0,None,,,4,On Roadside,1,Daylight,,,,,1,Clear,0,No,0000000,Not Applicable,18,6:00pm-6:59pm,35,35,99,Unknown EMS Scene Arrival Hour,99,Unknown EMS Scene Arrival Minutes,99,Unknown,99,Unknown EMS Hospital Arrival Time,,,,,,,1,1
2020,27,270186,Minnesota,2,2,0,0,0,3,3,5,BECKER (5),0,NOT APPLICABLE,2,2,8,August,2020,1,Sunday,19,7:00pm-7:59pm,28,28,0,This section IS NOT on the NHS,1,Rural,6,Minor Collector,2,County Highway Agency,4,County Road,CR-39,BASS LAKE RD,169,169,46.89701944,46.89701944,-95.414955560,-95.414955560,0,No Special Jurisdiction,12,Motor Vehicle In-Transport,6,Angle,0,No,2,Intersection,3,T-Intersection,0,None,,,1,On Roadway,1,Daylight,,,,,1,Clear,0,No,0000000,Not Applicable,19,7:00pm-7:59pm,31,31,19,7:00pm-7:59pm,46,46,20,8:00pm-8:59pm,20,20,,,,,,,2,0
2020,27,270187,Minnesota,1,1,0,1,1,1,1,65,KANABEC (65),4900,MORA,3,3,8,August,2020,2,Monday,4,4:00am-4:59am,56,56,1,This section IS ON the NHS,1,Rural,3,Principal Arterial - Other,1,State Highway Agency,3,State Highway,SR-65,,657,657,45.86340833,45.86340833,-93.296844440,-93.296844440,0,No Special Jurisdiction,8,Pedestrian,0,The First Harmful Event was Not a Collision with a Motor Vehicle in Transport,0,No,1,Non-Junction,1,Not an Intersection,0,None,,,1,On Roadway,2,Dark - Not Lighted,,,,,1,Clear,0,No,0000000,Not Applicable,4,4:00am-4:59am,57,57,5,5:00am-5:59am,9,9,5,5:00am-5:59am,14,14,,,,,,,1,0
2020,27,270188,Minnesota,1,1,0,0,0,1,1,119,POLK (119),0,NOT APPLICABLE,3,3,8,August,2020,2,Monday,15,3:00pm-3:59pm,30,30,0,This section IS NOT on the NHS,1,Rural,5,Major Collector,2,County Highway Agency,4,County Road,CR-10 160TH AVE SE,,56,56,47.57993333,47.57993333,-96.132800000,-96.132800000,0,No Special Jurisdiction,59,"Traffic Sign Support ",0,The First Harmful Event was Not a Collision with a Motor Vehicle in Transport,0,No,1,Non-Junction,1,Not an Intersection,0,None,,,4,On Roadside,1,Daylight,,,,,1,Clear,0,No,0000000,Not Applicable,15,3:00pm-3:59pm,40,40,16,4:00pm-4:59pm,0,0,88,"Not Applicable (Not Transported) ",88,Not Applicable (Not Transported),,,,,,,1,0
2020,27,270189,Minnesota,1,1,0,0,0,2,2,111,OTTER TAIL (111),0,NOT APPLICABLE,4,4,8,August,2020,3,Tuesday,15,3:00pm-3:59pm,47,47,1,This section IS ON the NHS,1,Rural,3,Principal Arterial - Other,1,State Highway Agency,2,U.S. Highway,US-10,,783,783,46.51792500,46.51792500,-95.357938890,-95.357938890,0,No Special Jurisdiction,1,Rollover/Overturn,0,The First Harmful Event was Not a Collision with a Motor Vehicle in Transport,0,No,1,Non-Junction,1,Not an Intersection,0,None,,,3,On Median,1,Daylight,,,,,1,Clear,0,No,0000000,Not Applicable,15,3:00pm-3:59pm,50,50,16,4:00pm-4:59pm,0,0,16,4:00pm-4:59pm,8,8,,,,,,,1,1
2020,27,270190,Minnesota,2,2,0,0,0,2,2,113,PENNINGTON (113),0,NOT APPLICABLE,6,6,8,August,2020,5,Thursday,9,9:00am-9:59am,45,45,0,This section IS NOT on the NHS,1,Rural,4,Minor Arterial,1,State Highway Agency,3,State Highway,SR-1,CR-13 140TH AVE NW,379,379,48.12348056,48.12348056,-96.350933330,-96.350933330,0,No Special Jurisdiction,12,Motor Vehicle In-Transport,6,Angle,0,No,2,Intersection,3,T-Intersection,0,None,,,1,On Roadway,1,Daylight,,,,,1,Clear,0,No,0000000,Not Applicable,9,9:00am-9:59am,49,49,9,9:00am-9:59am,56,56,88,"Not Applicable (Not Transported) ",88,Not Applicable (Not Transported),,,,,,,1,0
2020,27,270191,Minnesota,1,1,0,0,0,2,2,37,DAKOTA (37),0,NOT APPLICABLE,6,6,8,August,2020,5,Thursday,10,10:00am-10:59am,49,49,0,This section IS NOT on the NHS,1,Rural,6,Minor Collector,2,County Highway Agency,4,County Road,CR-83 DONNELLY AVE,250TH ST E,52,52,44.58692222,44.58692222,-93.015050000,-93.015050000,0,No Special Jurisdiction,1,Rollover/Overturn,0,The First Harmful Event was Not a Collision with a Motor Vehicle in Transport,0,No,3,Intersection-Related,2,Four-Way Intersection,0,None,,,4,On Roadside,1,Daylight,,,,,10,Cloudy,0,No,0000000,Not Applicable,10,10:00am-10:59am,50,50,11,11:00am-11:59am,1,1,11,11:00am-11:59am,53,53,,,,,,,1,0
2020,27,270192,Minnesota,2,2,0,0,0,2,2,145,STEARNS (145),6250,ST. CLOUD,7,7,8,August,2020,6,Friday,7,7:00am-7:59am,10,10,0,This section IS NOT on the NHS,2,Urban,5,Major Collector,2,County Highway Agency,4,County Road,CR-136,40TH ST S,42,42,45.50066944,45.50066944,-94.198711110,-94.198711110,0,No Special Jurisdiction,12,Motor Vehicle In-Transport,6,Angle,1,Yes,2,Intersection,2,Four-Way Intersection,0,None,,,1,On Roadway,1,Daylight,,,,,10,Cloudy,0,No,0000000,Not Applicable,7,7:00am-7:59am,15,15,7,7:00am-7:59am,20,20,88,"Not Applicable (Not Transported) ",88,Not Applicable (Not Transported),,,,,,,1,0
2020,27,270193,Minnesota,2,2,0,0,0,2,2,157,WABASHA (157),3890,LAKE CITY,1,1,6,June,2020,2,Monday,14,2:00pm-2:59pm,35,35,1,This section IS ON the NHS,2,Urban,3,Principal Arterial - Other,1,State Highway Agency,2,U.S. Highway,US-61,,718,718,44.43524444,44.43524444,-92.256675000,-92.256675000,0,No Special Jurisdiction,12,Motor Vehicle In-Transport,6,Angle,0,No,1,Non-Junction,1,Not an Intersection,0,None,,,1,On Roadway,1,Daylight,,,,,1,Clear,0,No,0000000,Not Applicable,14,2:00pm-2:59pm,39,39,14,2:00pm-2:59pm,42,42,15,3:00pm-3:59pm,7,7,,,,,,,1,1
2020,27,270194,Minnesota,3,3,0,0,0,4,4,37,DAKOTA (37),3120,HASTINGS,26,26,6,June,2020,6,Friday,18,6:00pm-6:59pm,9,9,0,This section IS NOT on the NHS,2,Urban,4,Minor Arterial,2,County Highway Agency,4,County Road,CR-46 VERMILLION RD,OAK ST,218,218,44.72080833,44.72080833,-92.861233330,-92.861233330,0,No Special Jurisdiction,12,Motor Vehicle In-Transport,6,Angle,1,Yes,2,Intersection,3,T-Intersection,0,None,,,1,On Roadway,1,Daylight,,,,,1,Clear,0,No,0000000,Not Applicable,18,6:00pm-6:59pm,9,9,18,6:00pm-6:59pm,9,9,99,Unknown,99,Unknown EMS Hospital Arrival Time,,,,,,,1,1
2020,27,270195,Minnesota,2,2,0,0,0,4,4,173,YELLOW MEDICINE (173),0,NOT APPLICABLE,7,7,8,August,2020,6,Friday,15,3:00pm-3:59pm,55,55,1,This section IS ON the NHS,1,Rural,3,Principal Arterial - Other,1,State Highway Agency,2,U.S. Highway,US-212,CR-7  490TH STREET,407,407,44.88750278,44.88750278,-95.657533330,-95.657533330,0,No Special Jurisdiction,12,Motor Vehicle In-Transport,6,Angle,0,No,2,Intersection,2,Four-Way Intersection,0,None,,,1,On Roadway,1,Daylight,,,,,10,Cloudy,0,No,0000000,Not Applicable,15,3:00pm-3:59pm,57,57,16,4:00pm-4:59pm,5,5,88,"Not Applicable (Not Transported) ",88,Not Applicable (Not Transported),,,,,,,1,0
2020,27,270196,Minnesota,1,1,0,1,1,1,1,109,OLMSTED (109),5960,ROCHESTER,7,7,8,August,2020,6,Friday,21,9:00pm-9:59pm,4,4,1,This section IS ON the NHS,2,Urban,2,Principal Arterial - Other Freeways and Expressways,1,State Highway Agency,2,U.S. Highway,US-52,,619,619,44.10654167,44.10654167,-92.514936110,-92.514936110,0,No Special Jurisdiction,8,Pedestrian,0,The First Harmful Event was Not a Collision with a Motor Vehicle in Transport,1,Yes,18,Through Roadway,1,Not an Intersection,0,None,,,1,On Roadway,2,Dark - Not Lighted,,,,,1,Clear,0,No,0000000,Not Applicable,21,9:00pm-9:59pm,4,4,21,9:00pm-9:59pm,4,4,88,"Not Applicable (Not Transported) ",88,Not Applicable (Not Transported),,,,,,,1,0
2020,27,270197,Minnesota,1,1,0,0,0,1,1,137,ST LOUIS (137),0,NOT APPLICABLE,27,27,7,July,2020,2,Monday,16,4:00pm-4:59pm,57,57,0,This section IS NOT on the NHS,1,Rural,7,Local,64,U.S. Forest Service,8,Other,NATIONAL FOREST RD 491,,73,73,48.24170278,48.24170278,-92.501900000,-92.501900000,0,No Special Jurisdiction,1,Rollover/Overturn,0,The First Harmful Event was Not a Collision with a Motor Vehicle in Transport,0,No,1,Non-Junction,1,Not an Intersection,0,None,,,1,On Roadway,1,Daylight,,,,,1,Clear,0,No,0000000,Not Applicable,17,5:00pm-5:59pm,2,2,17,5:00pm-5:59pm,17,17,18,6:00pm-6:59pm,50,50,,,,,,,1,1
2020,27,270198,Minnesota,2,2,0,0,0,4,4,123,RAMSEY (123),6330,ST. PAUL,6,6,8,August,2020,5,Thursday,22,10:00pm-10:59pm,5,5,0,This section IS NOT on the NHS,2,Urban,4,Minor Arterial,2,County Highway Agency,4,County Road,CR-65 WHITE BEAR AVE,IVY AVE E,30,30,44.98111111,44.98111111,-93.025269440,-93.025269440,0,No Special Jurisdiction,12,Motor Vehicle In-Transport,6,Angle,0,No,2,Intersection,2,Four-Way Intersection,0,None,,,1,On Roadway,3,Dark - Lighted,,,,,1,Clear,0,No,0000000,Not Applicable,22,10:00pm-10:59pm,5,5,22,10:00pm-10:59pm,10,10,22,10:00pm-10:59pm,30,30,,,,,,,1,0
2020,27,270199,Minnesota,2,2,0,0,0,3,3,41,DOUGLAS (41),0,NOT APPLICABLE,8,8,8,August,2020,7,Saturday,13,1:00pm-1:59pm,10,10,0,This section IS NOT on the NHS,1,Rural,5,Major Collector,2,County Highway Agency,4,County Road,CR-40,CR-8,130,130,45.90454722,45.90454722,-95.490975000,-95.490975000,0,No Special Jurisdiction,12,Motor Vehicle In-Transport,6,Angle,0,No,2,Intersection,2,Four-Way Intersection,0,None,,,1,On Roadway,1,Daylight,,,,,1,Clear,0,No,0000000,Not Applicable,13,1:00pm-1:59pm,10,10,13,1:00pm-1:59pm,18,18,13,1:00pm-1:59pm,50,50,,,,,,,1,0
2020,27,270200,Minnesota,1,1,0,0,0,1,1,163,WASHINGTON (163),40,AFTON,9,9,8,August,2020,1,Sunday,13,1:00pm-1:59pm,10,10,0,This section IS NOT on the NHS,1,Rural,4,Minor Arterial,2,County Highway Agency,4,County Road,CR-21 ST CROIX TRAIL S,,100,100,44.88746389,44.88746389,-92.793327780,-92.793327780,0,No Special Jurisdiction,42,Tree (Standing Only),0,The First Harmful Event was Not a Collision with a Motor Vehicle in Transport,0,No,1,Non-Junction,1,Not an Intersection,0,None,,,4,On Roadside,1,Daylight,,,,,1,Clear,0,No,0000000,Not Applicable,13,1:00pm-1:59pm,10,10,13,1:00pm-1:59pm,20,20,88,"Not Applicable (Not Transported) ",88,Not Applicable (Not Transported),,,,,,,1,0
2020,27,270201,Minnesota,2,2,0,0,0,4,4,49,GOODHUE (49),0,NOT APPLICABLE,9,9,8,August,2020,1,Sunday,14,2:00pm-2:59pm,52,52,1,This section IS ON the NHS,1,Rural,3,Principal Arterial - Other,1,State Highway Agency,2,U.S. Highway,US-52,SR-57,866,866,44.36542778,44.36542778,-92.799619440,-92.799619440,0,No Special Jurisdiction,12,Motor Vehicle In-Transport,6,Angle,0,No,2,Intersection,2,Four-Way Intersection,0,None,,,1,On Roadway,1,Daylight,,,,,1,Clear,0,No,0000000,Not Applicable,14,2:00pm-2:59pm,52,52,15,3:00pm-3:59pm,2,2,88,"Not Applicable (Not Transported) ",88,Not Applicable (Not Transported),,,,,,,1,0
2020,27,270202,Minnesota,1,1,0,0,0,1,1,111,OTTER TAIL (111),0,NOT APPLICABLE,10,10,8,August,2020,2,Monday,2,2:00am-2:59am,41,41,0,This section IS NOT on the NHS,1,Rural,5,Major Collector,2,County Highway Agency,4,County Road,CR-34,,28,28,46.60043056,46.60043056,-95.674130560,-95.674130560,0,No Special Jurisdiction,1,Rollover/Overturn,0,The First Harmful Event was Not a Collision with a Motor Vehicle in Transport,0,No,1,Non-Junction,1,Not an Intersection,0,None,,,4,On Roadside,2,Dark - Not Lighted,,,,,1,Clear,0,No,0000000,Not Applicable,2,2:00am-2:59am,46,46,2,2:00am-2:59am,51,51,3,3:00am-3:59am,10,10,,,,,,,1,1
2020,27,270203,Minnesota,3,3,0,0,0,5,5,109,OLMSTED (109),0,NOT APPLICABLE,11,11,8,August,2020,3,Tuesday,14,2:00pm-2:59pm,45,45,0,This section IS NOT on the NHS,1,Rural,5,Major Collector,2,County Highway Agency,4,County Road,CR-1,CR-16,57,57,43.92026944,43.92026944,-92.408533330,-92.408533330,0,No Special Jurisdiction,12,Motor Vehicle In-Transport,7,Sideswipe - Same Direction,0,No,3,Intersection-Related,3,T-Intersection,0,None,,,1,On Roadway,1,Daylight,,,,,1,Clear,0,No,0000000,Not Applicable,14,2:00pm-2:59pm,15,15,15,3:00pm-3:59pm,5,5,88,"Not Applicable (Not Transported) ",88,Not Applicable (Not Transported),,,,,,,1,0
2020,27,270204,Minnesota,5,5,0,0,0,6,6,123,RAMSEY (123),6330,ST. PAUL,1,1,5,May,2020,6,Friday,18,6:00pm-6:59pm,30,30,0,This section IS NOT on the NHS,2,Urban,4,Minor Arterial,2,County Highway Agency,4,County Road,CR-31 E MARYLAND AVE,N PAYNE AVE,45,45,44.97741667,44.97741667,-93.075980560,-93.075980560,0,No Special Jurisdiction,12,Motor Vehicle In-Transport,1,Front-to-Rear,0,No,3,Intersection-Related,2,Four-Way Intersection,0,None,,,1,On Roadway,1,Daylight,,,,,1,Clear,0,No,0000000,Not Applicable,18,6:00pm-6:59pm,30,30,18,6:00pm-6:59pm,35,35,19,7:00pm-7:59pm,0,0,,,,,,,1,0
2020,27,270205,Minnesota,3,1,2,1,2,4,5,3,ANOKA (3),4184,LINO LAKES,1,1,6,June,2020,2,Monday,14,2:00pm-2:59pm,26,26,1,This section IS ON the NHS,2,Urban,1,Interstate,1,State Highway Agency,1,Interstate,I-35W,,359,359,45.17148056,45.17148056,-93.128319440,-93.128319440,0,No Special Jurisdiction,14,Parked Motor Vehicle,0,The First Harmful Event was Not a Collision with a Motor Vehicle in Transport,0,No,1,Non-Junction,1,Not an Intersection,0,None,,,2,On Shoulder,1,Daylight,,,,,1,Clear,0,No,0000000,Not Applicable,14,2:00pm-2:59pm,27,27,14,2:00pm-2:59pm,34,34,15,3:00pm-3:59pm,6,6,,,,,,,1,0
2020,27,270206,Minnesota,2,2,0,0,0,2,2,109,OLMSTED (109),0,NOT APPLICABLE,28,28,7,July,2020,3,Tuesday,15,3:00pm-3:59pm,5,5,1,This section IS ON the NHS,2,Urban,3,Principal Arterial - Other,1,State Highway Agency,2,U.S. Highway,US-14,CR-104 60TH AVE NW,2066,2066,44.03254444,44.03254444,-92.558211110,-92.558211110,0,No Special Jurisdiction,12,Motor Vehicle In-Transport,6,Angle,0,No,2,Intersection,2,Four-Way Intersection,0,None,,,1,On Roadway,1,Daylight,,,,,10,Cloudy,0,No,0000000,Not Applicable,15,3:00pm-3:59pm,6,6,15,3:00pm-3:59pm,24,24,15,3:00pm-3:59pm,53,53,,,,,,,1,0
2020,27,270207,Minnesota,1,1,0,0,0,1,1,43,FARIBAULT (43),0,NOT APPLICABLE,16,16,8,August,2020,1,Sunday,19,7:00pm-7:59pm,3,3,0,This section IS NOT on the NHS,1,Rural,5,Major Collector,1,State Highway Agency,3,State Highway,SR-22,,101,101,43.64162500,43.64162500,-93.708205560,-93.708205560,0,No Special Jurisdiction,34,Ditch,0,The First Harmful Event was Not a Collision with a Motor Vehicle in Transport,0,No,1,Non-Junction,1,Not an Intersection,0,None,,,4,On Roadside,1,Daylight,,,,,1,Clear,0,No,0000000,Not Applicable,19,7:00pm-7:59pm,3,3,19,7:00pm-7:59pm,20,20,21,9:00pm-9:59pm,0,0,,,,,,,1,1
2020,27,270208,Minnesota,1,1,0,0,0,1,1,53,HENNEPIN (53),820,BROOKLYN CENTER,16,16,8,August,2020,1,Sunday,19,7:00pm-7:59pm,30,30,1,This section IS ON the NHS,2,Urban,1,Interstate,1,State Highway Agency,1,Interstate,I-94,,2254,2254,45.06814167,45.06814167,-93.287647220,-93.287647220,0,No Special Jurisdiction,32,Culvert,0,The First Harmful Event was Not a Collision with a Motor Vehicle in Transport,0,No,1,Non-Junction,1,Not an Intersection,0,None,,,4,On Roadside,1,Daylight,,,,,10,Cloudy,0,No,0000000,Not Applicable,19,7:00pm-7:59pm,30,30,19,7:00pm-7:59pm,37,37,20,8:00pm-8:59pm,0,0,,,,,,,1,1
2020,27,270209,Minnesota,2,2,0,0,0,2,2,51,GRANT (51),0,NOT APPLICABLE,17,17,8,August,2020,2,Monday,7,7:00am-7:59am,33,33,0,This section IS NOT on the NHS,1,Rural,5,Major Collector,2,County Highway Agency,4,County Road,CR-11,,191,191,46.07242778,46.07242778,-96.101083330,-96.101083330,0,No Special Jurisdiction,12,Motor Vehicle In-Transport,2,Front-to-Front,0,No,1,Non-Junction,1,Not an Intersection,0,None,,,1,On Roadway,1,Daylight,,,,,1,Clear,0,No,0000000,Not Applicable,7,7:00am-7:59am,35,35,7,7:00am-7:59am,50,50,8,8:00am-8:59am,10,10,,,,,,,1,0
2020,27,270210,Minnesota,1,1,0,1,1,1,1,11,BIG STONE (11),0,NOT APPLICABLE,18,18,8,August,2020,3,Tuesday,8,8:00am-8:59am,10,10,0,This section IS NOT on the NHS,1,Rural,5,Major Collector,2,County Highway Agency,4,County Road,CR-6,,133,133,45.45622500,45.45622500,-96.426213890,-96.426213890,0,No Special Jurisdiction,8,Pedestrian,0,The First Harmful Event was Not a Collision with a Motor Vehicle in Transport,0,No,1,Non-Junction,1,Not an Intersection,0,None,,,1,On Roadway,1,Daylight,,,,,1,Clear,0,No,0000000,Not Applicable,8,8:00am-8:59am,11,11,8,8:00am-8:59am,25,25,88,"Not Applicable (Not Transported) ",88,Not Applicable (Not Transported),,,,,,,1,0
2020,27,270211,Minnesota,1,1,0,0,0,1,1,145,STEARNS (145),0,NOT APPLICABLE,19,19,8,August,2020,4,Wednesday,23,11:00pm-11:59pm,38,38,0,This section IS NOT on the NHS,1,Rural,5,Major Collector,2,County Highway Agency,4,County Road,CR-9,,107,107,45.45961389,45.45961389,-94.515825000,-94.515825000,0,No Special Jurisdiction,34,Ditch,0,The First Harmful Event was Not a Collision with a Motor Vehicle in Transport,0,No,1,Non-Junction,1,Not an Intersection,0,None,,,4,On Roadside,2,Dark - Not Lighted,,,,,10,Cloudy,0,No,0000000,Not Applicable,23,11:00pm-11:59pm,41,41,23,11:00pm-11:59pm,53,53,88,"Not Applicable (Not Transported) ",88,Not Applicable (Not Transported),,,,,,,1,1
2020,27,270212,Minnesota,1,1,0,0,0,1,1,67,KANDIYOHI (67),0,NOT APPLICABLE,20,20,8,August,2020,5,Thursday,12,12:00pm-12:59pm,25,25,1,This section IS ON the NHS,1,Rural,3,Principal Arterial - Other,1,State Highway Agency,3,State Highway,SR-23,,1592,1592,45.31744167,45.31744167,-94.899091670,-94.899091670,0,No Special Jurisdiction,1,Rollover/Overturn,0,The First Harmful Event was Not a Collision with a Motor Vehicle in Transport,0,No,1,Non-Junction,1,Not an Intersection,0,None,,,4,On Roadside,1,Daylight,,,,,1,Clear,0,No,0000000,Not Applicable,12,12:00pm-12:59pm,29,29,12,12:00pm-12:59pm,35,35,88,"Not Applicable (Not Transported) ",88,Not Applicable (Not Transported),,,,,,,1,0
2020,27,270213,Minnesota,2,2,0,0,0,2,2,1,AITKIN (1),0,NOT APPLICABLE,20,20,8,August,2020,5,Thursday,19,7:00pm-7:59pm,51,51,0,This section IS NOT on the NHS,1,Rural,4,Minor Arterial,1,State Highway Agency,3,State Highway,SR-65,SR-18,657,657,46.21701111,46.21701111,-93.277652780,-93.277652780,0,No Special Jurisdiction,12,Motor Vehicle In-Transport,6,Angle,0,No,2,Intersection,2,Four-Way Intersection,0,None,,,1,On Roadway,1,Daylight,,,,,10,Cloudy,0,No,0000000,Not Applicable,19,7:00pm-7:59pm,50,50,20,8:00pm-8:59pm,10,10,20,8:00pm-8:59pm,15,15,,,,,,,1,0
2020,27,270214,Minnesota,1,1,0,0,0,1,1,5,BECKER (5),0,NOT APPLICABLE,22,22,8,August,2020,7,Saturday,21,9:00pm-9:59pm,28,28,0,This section IS NOT on the NHS,1,Rural,6,Minor Collector,2,County Highway Agency,4,County Road,CR-9,,12,12,46.89963333,46.89963333,-96.075844440,-96.075844440,0,No Special Jurisdiction,34,Ditch,0,The First Harmful Event was Not a Collision with a Motor Vehicle in Transport,0,No,1,Non-Junction,1,Not an Intersection,0,None,,,4,On Roadside,2,Dark - Not Lighted,,,,,1,Clear,0,No,0000000,Not Applicable,21,9:00pm-9:59pm,28,28,21,9:00pm-9:59pm,42,42,88,"Not Applicable (Not Transported) ",88,Not Applicable (Not Transported),,,,,,,1,1
2020,27,270215,Minnesota,1,1,0,0,0,1,1,153,TODD (153),0,NOT APPLICABLE,23,23,8,August,2020,1,Sunday,16,4:00pm-4:59pm,46,46,0,This section IS NOT on the NHS,1,Rural,5,Major Collector,2,County Highway Agency,4,County Road,CR-47,,5,5,45.78073333,45.78073333,-94.735169440,-94.735169440,0,No Special Jurisdiction,42,Tree (Standing Only),0,The First Harmful Event was Not a Collision with a Motor Vehicle in Transport,0,No,1,Non-Junction,1,Not an Intersection,0,None,,,4,On Roadside,1,Daylight,,,,,1,Clear,0,No,0000000,Not Applicable,16,4:00pm-4:59pm,38,38,16,4:00pm-4:59pm,48,48,18,6:00pm-6:59pm,39,39,,,,,,,1,0
2020,27,270216,Minnesota,2,2,0,0,0,2,2,3,ANOKA (3),1492,COON RAPIDS,26,26,8,August,2020,4,Wednesday,2,2:00am-2:59am,46,46,0,This section IS NOT on the NHS,2,Urban,7,Local,4,City or Municipal Highway Agency,6,Local Street - Municipality,DOGWOOD ST NW,102ND LANE NW,3,3,45.15711944,45.15711944,-93.271650000,-93.271650000,0,No Special Jurisdiction,12,Motor Vehicle In-Transport,6,Angle,0,No,2,Intersection,2,Four-Way Intersection,0,None,,,1,On Roadway,3,Dark - Lighted,,,,,1,Clear,0,No,0000000,Not Applicable,2,2:00am-2:59am,46,46,2,2:00am-2:59am,59,59,99,Unknown,99,Unknown EMS Hospital Arrival Time,,,,,,,1,0
2020,27,270217,Minnesota,2,2,0,0,0,2,2,145,STEARNS (145),0,NOT APPLICABLE,27,27,8,August,2020,5,Thursday,19,7:00pm-7:59pm,26,26,0,This section IS NOT on the NHS,1,Rural,7,Local,3,Town or Township Highway Agency,5,Local Street - Township,190TH AVE,,49,49,45.73470278,45.73470278,-94.501902780,-94.501902780,0,No Special Jurisdiction,12,Motor Vehicle In-Transport,2,Front-to-Front,0,No,1,Non-Junction,1,Not an Intersection,0,None,,,1,On Roadway,1,Daylight,,,,,1,Clear,0,No,0000000,Not Applicable,19,7:00pm-7:59pm,26,26,19,7:00pm-7:59pm,31,31,99,Unknown,99,Unknown EMS Hospital Arrival Time,,,,,,,1,1
2020,27,270218,Minnesota,2,2,0,0,0,2,2,141,SHERBURNE (141),0,NOT APPLICABLE,6,6,8,August,2020,5,Thursday,9,9:00am-9:59am,20,20,0,This section IS NOT on the NHS,1,Rural,5,Major Collector,2,County Highway Agency,4,County Road,CR-3,CR-7 42ND,9,9,45.52290556,45.52290556,-94.068486110,-94.068486110,0,No Special Jurisdiction,12,Motor Vehicle In-Transport,6,Angle,0,No,2,Intersection,2,Four-Way Intersection,0,None,,,1,On Roadway,1,Daylight,,,,,1,Clear,0,No,0000000,Not Applicable,9,9:00am-9:59am,20,20,9,9:00am-9:59am,25,25,10,10:00am-10:59am,30,30,,,,,,,1,0
2020,27,270219,Minnesota,1,1,0,0,0,5,5,47,FREEBORN (47),0,NOT APPLICABLE,27,27,8,August,2020,5,Thursday,19,7:00pm-7:59pm,30,30,0,This section IS NOT on the NHS,1,Rural,7,Local,3,Town or Township Highway Agency,5,Local Street - Township,TWP RD 39,,2,2,43.58158889,43.58158889,-93.278913890,-93.278913890,0,No Special Jurisdiction,42,Tree (Standing Only),0,The First Harmful Event was Not a Collision with a Motor Vehicle in Transport,0,No,1,Non-Junction,1,Not an Intersection,0,None,,,4,On Roadside,1,Daylight,,,,,1,Clear,0,No,0000000,Not Applicable,19,7:00pm-7:59pm,30,30,19,7:00pm-7:59pm,37,37,20,8:00pm-8:59pm,30,30,,,,,,,1,1
2020,27,270220,Minnesota,1,1,0,1,1,3,3,123,RAMSEY (123),6330,ST. PAUL,28,28,8,August,2020,6,Friday,16,4:00pm-4:59pm,0,0,1,This section IS ON the NHS,2,Urban,3,Principal Arterial - Other,4,City or Municipal Highway Agency,6,Local Street - Municipality,SHEPARD RD,,4,4,44.91985833,44.91985833,-93.130280560,-93.130280560,0,No Special Jurisdiction,9,Pedalcyclist,0,The First Harmful Event was Not a Collision with a Motor Vehicle in Transport,0,No,1,Non-Junction,1,Not an Intersection,0,None,,,1,On Roadway,1,Daylight,,,,,2,Rain,0,No,0000000,Not Applicable,16,4:00pm-4:59pm,15,15,16,4:00pm-4:59pm,20,20,16,4:00pm-4:59pm,25,25,,,,,,,1,0