caseyear,state,st_case,statename,ve_total,ve_forms,pvh_invl,peds,pernotmvit,permvit,persons,county,countyname,city,cityname,day,dayname,month,monthname,year,day_week,day_weekname,hour,hourname,minute,minutename,nhs,nhsname,rur_urb,rur_urbname,func_sys,func_sysname,rd_owner,rd_ownername,route,routename,tway_id,tway_id2,milept,mileptname,latitude,latitudename,longitud,longitudname,sp_jur,sp_jurname,harm_ev,harm_evname,man_coll,man_collname,reljct1,reljct1name,reljct2,reljct2name,typ_int,typ_intname,wrk_zone,wrk_zonename,road_fnc,road_fncname,rel_road,rel_roadname,lgt_cond,lgt_condname,weather1,weather1name,weather2,weather2name,weather,weathername,sch_bus,sch_busname,rail,railname,not_hour,not_hourname,not_min,not_minname,arr_hour,arr_hourname,arr_min,arr_minname,hosp_hr,hosp_hrname,hosp_mn,hosp_mnname,cf1,cf1name,cf2,cf2name,cf3,cf3name,fatals,drunk_dr
2020,27,270330,Minnesota,1,1,0,0,0,1,1,21,CASS (21),0,NOT APPLICABLE,13,13,11,November,2020,6,Friday,14,2:00pm-2:59pm,44,44,1,This section IS ON the NHS,1,Rural,3,Principal Arterial - Other,1,State Highway Agency,2,U.S. Highway,US-2,,1583,1583,47.32962778,47.32962778,-94.016455560,-94.016455560,3,Indian Reservation,34,Ditch,0,The First Harmful Event was Not a Collision with a Motor Vehicle in Transport,0,No,1,Non-Junction,1,Not an Intersection,0,None,,,4,On Roadside,1,Daylight,,,,,1,Clear,0,No,0000000,Not Applicable,14,2:00pm-2:59pm,51,51,15,3:00pm-3:59pm,4,4,15,3:00pm-3:59pm,35,35,,,,,,,1,0
2020,27,270331,Minnesota,2,2,0,0,0,2,2,81,LINCOLN (81),0,NOT APPLICABLE,13,13,11,November,2020,6,Friday,16,4:00pm-4:59pm,48,48,1,This section IS ON the NHS,1,Rural,3,Principal Arterial - Other,1,State Highway Agency,2,U.S. Highway,US-14,,65,65,44.27009722,44.27009722,-96.321977780,-96.321977780,0,No Special Jurisdiction,12,Motor Vehicle In-Transport,6,Angle,0,No,1,Non-Junction,1,Not an Intersection,0,None,,,1,On Roadway,1,Daylight,,,,,11,Blowing Snow,0,No,0000000,Not Applicable,16,4:00pm-4:59pm,48,48,16,4:00pm-4:59pm,58,58,88,"Not Applicable (Not Transported) ",88,Not Applicable (Not Transported),,,,,,,1,0
2020,27,270333,Minnesota,1,1,0,1,1,1,1,53,HENNEPIN (53),4760,MINNEAPOLIS,4,4,11,November,2020,4,Wednesday,9,9:00am-9:59am,5,5,0,This section IS NOT on the NHS,2,Urban,4,Minor Arterial,2,County Highway Agency,4,County Road,CR-5 E FRANKLYN AVE,CHICAGO AVE S,123,123,44.96270000,44.96270000,-93.262505560,-93.262505560,0,No Special Jurisdiction,8,Pedestrian,0,The First Harmful Event was Not a Collision with a Motor Vehicle in Transport,0,No,3,Intersection-Related,2,Four-Way Intersection,0,None,,,1,On Roadway,1,Daylight,,,,,1,Clear,0,No,0000000,Not Applicable,99,Unknown,99,Unknown,99,Unknown EMS Scene Arrival Hour,99,Unknown EMS Scene Arrival Minutes,88,"Not Applicable (Not Transported) ",88,Not Applicable (Not Transported),,,,,,,1,0
2020,27,270334,Minnesota,2,2,0,0,0,2,2,137,ST LOUIS (137),1900,DULUTH,9,9,11,November,2020,2,Monday,2,2:00am-2:59am,38,38,1,This section IS ON the NHS,2,Urban,1,Interstate,1,State Highway Agency,1,Interstate,I-535,,4,4,46.75426667,46.75426667,-92.104119440,-92.104119440,0,No Special Jurisdiction,12,Motor Vehicle In-Transport,1,Front-to-Rear,0,No,1,Non-Junction,1,Not an Intersection,0,None,,,1,On Roadway,3,Dark - Lighted,,,,,2,Rain,0,No,0000000,Not Applicable,2,2:00am-2:59am,35,35,2,2:00am-2:59am,44,44,3,3:00am-3:59am,18,18,,,,,,,1,0
2020,27,270335,Minnesota,1,1,0,0,0,1,1,109,OLMSTED (109),5960,ROCHESTER,16,16,11,November,2020,2,Monday,18,6:00pm-6:59pm,50,50,0,This section IS NOT on the NHS,2,Urban,4,Minor Arterial,2,County Highway Agency,4,County Road,CR-22,,68,68,44.07506111,44.07506111,-92.524333330,-92.524333330,0,No Special Jurisdiction,31,"Post, Pole or Other Supports",0,The First Harmful Event was Not a Collision with a Motor Vehicle in Transport,0,No,1,Non-Junction,1,Not an Intersection,0,None,,,5,Outside Trafficway,2,Dark - Not Lighted,,,,,1,Clear,0,No,0000000,Not Applicable,18,6:00pm-6:59pm,48,48,18,6:00pm-6:59pm,53,53,88,"Not Applicable (Not Transported) ",88,Not Applicable (Not Transported),,,,,,,1,0
2020,27,270336,Minnesota,1,1,0,0,0,1,1,79,LE SUEUR (79),0,NOT APPLICABLE,21,21,11,November,2020,7,Saturday,14,2:00pm-2:59pm,28,28,0,This section IS NOT on the NHS,1,Rural,5,Major Collector,2,County Highway Agency,4,County Road,CR-23 OTTAWA RD,,15,15,44.33145278,44.33145278,-93.915902780,-93.915902780,0,No Special Jurisdiction,1,Rollover/Overturn,0,The First Harmful Event was Not a Collision with a Motor Vehicle in Transport,0,No,1,Non-Junction,1,Not an Intersection,0,None,,,4,On Roadside,1,Daylight,,,,,1,Clear,0,No,0000000,Not Applicable,14,2:00pm-2:59pm,48,48,15,3:00pm-3:59pm,0,0,88,"Not Applicable (Not Transported) ",88,Not Applicable (Not Transported),,,,,,,1,0
2020,27,270337,Minnesota,1,1,0,0,0,1,1,145,STEARNS (145),6250,ST. CLOUD,23,23,11,November,2020,2,Monday,5,5:00am-5:59am,45,45,0,This section IS NOT on the NHS,1,Rural,5,Major Collector,2,County Highway Agency,4,County Road,CR-136,,34,34,45.48976944,45.48976944,-94.199863890,-94.199863890,0,No Special Jurisdiction,1,Rollover/Overturn,0,The First Harmful Event was Not a Collision with a Motor Vehicle in Transport,0,No,1,Non-Junction,1,Not an Intersection,0,None,,,4,On Roadside,2,Dark - Not Lighted,,,,,1,Clear,0,No,0000000,Not Applicable,88,Not Applicable (Not Notified),88,Not Applicable (Not Notified),88,Not Applicable,88,Not Applicable,88,"Not Applicable (Not Transported) ",88,Not Applicable (Not Transported),,,,,,,1,0
2020,27,270338,Minnesota,2,2,0,0,0,2,2,5,BECKER (5),0,NOT APPLICABLE,23,23,11,November,2020,2,Monday,15,3:00pm-3:59pm,28,28,1,This section IS ON the NHS,1,Rural,3,Principal Arterial - Other,1,State Highway Agency,2,U.S. Highway,US-10,RAIDER ROAD,320,320,46.87708889,46.87708889,-96.102983330,-96.102983330,0,No Special Jurisdiction,12,Motor Vehicle In-Transport,6,Angle,0,No,2,Intersection,2,Four-Way Intersection,0,None,,,1,On Roadway,1,Daylight,,,,,1,Clear,0,No,0000000,Not Applicable,15,3:00pm-3:59pm,32,32,15,3:00pm-3:59pm,39,39,88,"Not Applicable (Not Transported) ",88,Not Applicable (Not Transported),,,,,,,1,0
2020,27,270339,Minnesota,3,3,0,0,0,7,7,59,ISANTI (59),6705,STANCHFIELD,24,24,8,August,2020,2,Monday,10,10:00am-10:59am,20,20,0,This section IS NOT on the NHS,1,Rural,4,Minor Arterial,1,State Highway Agency,3,State Highway,SR-65,,501,501,45.66543056,45.66543056,-93.193344440,-93.193344440,0,No Special Jurisdiction,12,Motor Vehicle In-Transport,1,Front-to-Rear,0,No,8,Driveway Access Related,1,Not an Intersection,0,None,,,1,On Roadway,1,Daylight,,,,,1,Clear,0,No,0000000,Not Applicable,99,Unknown,99,Unknown,99,Unknown EMS Scene Arrival Hour,99,Unknown EMS Scene Arrival Minutes,99,Unknown,99,Unknown EMS Hospital Arrival Time,,,,,,,1,0
2020,27,270340,Minnesota,3,3,0,0,0,3,3,65,KANABEC (65),0,NOT APPLICABLE,3,3,11,November,2020,3,Tuesday,6,6:00am-6:59am,51,51,0,This section IS NOT on the NHS,1,Rural,4,Minor Arterial,1,State Highway Agency,3,State Highway,SR-65,,640,640,45.83849167,45.83849167,-93.296766670,-93.296766670,0,No Special Jurisdiction,12,Motor Vehicle In-Transport,2,Front-to-Front,0,No,1,Non-Junction,1,Not an Intersection,0,None,,,1,On Roadway,4,Dawn,,,,,1,Clear,0,No,0000000,Not Applicable,6,6:00am-6:59am,52,52,6,6:00am-6:59am,57,57,7,7:00am-7:59am,12,12,,,,,,,1,0
2020,27,270341,Minnesota,2,2,0,3,3,2,2,137,ST LOUIS (137),0,NOT APPLICABLE,23,23,11,November,2020,2,Monday,17,5:00pm-5:59pm,10,10,1,This section IS ON the NHS,2,Urban,3,Principal Arterial - Other,1,State Highway Agency,2,U.S. Highway,US-53 MILLER TRUNK HIGHWAY,,148,148,46.86014167,46.86014167,-92.319594440,-92.319594440,0,No Special Jurisdiction,12,Motor Vehicle In-Transport,1,Front-to-Rear,0,No,1,Non-Junction,1,Not an Intersection,0,None,,,1,On Roadway,6,Dark - Unknown Lighting,,,,,1,Clear,0,No,0000000,Not Applicable,17,5:00pm-5:59pm,10,10,17,5:00pm-5:59pm,10,10,17,5:00pm-5:59pm,45,45,,,,,,,1,0
2020,27,270342,Minnesota,1,1,0,0,0,1,1,149,STEVENS (149),0,NOT APPLICABLE,24,24,11,November,2020,3,Tuesday,5,5:00am-5:59am,27,27,0,This section IS NOT on the NHS,1,Rural,7,Local,3,Town or Township Highway Agency,5,Local Street - Township,212TH ST,,8,8,45.59638333,45.59638333,-95.850644440,-95.850644440,0,No Special Jurisdiction,1,Rollover/Overturn,0,The First Harmful Event was Not a Collision with a Motor Vehicle in Transport,0,No,1,Non-Junction,1,Not an Intersection,0,None,,,2,On Shoulder,9,Reported as Unknown,,,,,99,Reported as Unknown,0,No,0000000,Not Applicable,5,5:00am-5:59am,29,29,5,5:00am-5:59am,43,43,88,"Not Applicable (Not Transported) ",88,Not Applicable (Not Transported),,,,,,,1,1
2020,27,270343,Minnesota,1,1,0,0,0,1,1,9,BENTON (9),0,NOT APPLICABLE,28,28,11,November,2020,7,Saturday,23,11:00pm-11:59pm,19,19,0,This section IS NOT on the NHS,1,Rural,7,Local,2,County Highway Agency,4,County Road,CR-15 45TH ST NE,,30,30,45.63283611,45.63283611,-94.071030560,-94.071030560,0,No Special Jurisdiction,35,Embankment,0,The First Harmful Event was Not a Collision with a Motor Vehicle in Transport,0,No,1,Non-Junction,1,Not an Intersection,0,None,,,4,On Roadside,2,Dark - Not Lighted,,,,,1,Clear,0,No,0000000,Not Applicable,23,11:00pm-11:59pm,26,26,23,11:00pm-11:59pm,35,35,88,"Not Applicable (Not Transported) ",88,Not Applicable (Not Transported),,,,,,,1,0
2020,27,270344,Minnesota,1,1,0,0,0,1,1,97,MORRISON (97),4210,LITTLE FALLS,2,2,12,December,2020,4,Wednesday,17,5:00pm-5:59pm,48,48,0,This section IS NOT on the NHS,2,Urban,5,Major Collector,2,County Highway Agency,4,County Road,CR-213 PAUL LARSON MEMORIAL DR,,9,9,45.98936389,45.98936389,-94.369047220,-94.369047220,0,No Special Jurisdiction,1,Rollover/Overturn,0,The First Harmful Event was Not a Collision with a Motor Vehicle in Transport,0,No,1,Non-Junction,1,Not an Intersection,0,None,,,4,On Roadside,2,Dark - Not Lighted,,,,,1,Clear,0,No,0000000,Not Applicable,17,5:00pm-5:59pm,48,48,17,5:00pm-5:59pm,50,50,88,"Not Applicable (Not Transported) ",88,Not Applicable (Not Transported),,,,,,,1,0
2020,27,270345,Minnesota,1,1,0,0,0,1,1,145,STEARNS (145),7260,WAITE PARK,23,23,11,November,2020,2,Monday,21,9:00pm-9:59pm,20,20,1,This section IS ON the NHS,2,Urban,3,Principal Arterial - Other,2,County Highway Agency,4,County Road,CR-75 DIVISION ST,,141,141,45.55349722,45.55349722,-94.215069440,-94.215069440,0,No Special Jurisdiction,25,Concrete Traffic Barrier,0,The First Harmful Event was Not a Collision with a Motor Vehicle in Transport,0,No,1,Non-Junction,1,Not an Intersection,0,None,,,3,On Median,3,Dark - Lighted,,,,,1,Clear,0,No,0000000,Not Applicable,21,9:00pm-9:59pm,20,20,21,9:00pm-9:59pm,30,30,99,Unknown,99,Unknown EMS Hospital Arrival Time,,,,,,,1,1
2020,27,270346,Minnesota,1,1,0,0,0,1,1,49,GOODHUE (49),0,NOT APPLICABLE,6,6,12,December,2020,1,Sunday,1,1:00am-1:59am,50,50,0,This section IS NOT on the NHS,1,Rural,7,Local,3,Town or Township Highway Agency,5,Local Street - Township,SUNSET TRL,,10,10,44.53693056,44.53693056,-92.766625000,-92.766625000,0,No Special Jurisdiction,1,Rollover/Overturn,0,The First Harmful Event was Not a Collision with a Motor Vehicle in Transport,0,No,8,Driveway Access Related,1,Not an Intersection,0,None,,,5,Outside Trafficway,2,Dark - Not Lighted,,,,,1,Clear,0,No,0000000,Not Applicable,1,1:00am-1:59am,50,50,2,2:00am-2:59am,10,10,88,"Not Applicable (Not Transported) ",88,Not Applicable (Not Transported),,,,,,,1,1
2020,27,270347,Minnesota,1,1,0,0,0,2,2,171,WRIGHT (171),0,NOT APPLICABLE,6,6,12,December,2020,1,Sunday,23,11:00pm-11:59pm,42,42,1,This section IS ON the NHS,1,Rural,3,Principal Arterial - Other,1,State Highway Agency,3,State Highway,SR-55,,1616,1616,45.11553056,45.11553056,-93.795050000,-93.795050000,0,No Special Jurisdiction,35,Embankment,0,The First Harmful Event was Not a Collision with a Motor Vehicle in Transport,0,No,1,Non-Junction,1,Not an Intersection,0,None,,,4,On Roadside,2,Dark - Not Lighted,,,,,1,Clear,0,No,0000000,Not Applicable,23,11:00pm-11:59pm,42,42,23,11:00pm-11:59pm,46,46,99,Unknown,99,Unknown EMS Hospital Arrival Time,,,,,,,1,1
2020,27,270348,Minnesota,2,2,0,0,0,2,2,61,ITASCA (61),0,NOT APPLICABLE,8,8,12,December,2020,3,Tuesday,10,10:00am-10:59am,15,15,1,This section IS ON the NHS,1,Rural,3,Principal Arterial - Other,1,State Highway Agency,2,U.S. Highway,US-169,,2894,2894,47.06851667,47.06851667,-93.585758330,-93.585758330,0,No Special Jurisdiction,12,Motor Vehicle In-Transport,6,Angle,0,No,1,Non-Junction,1,Not an Intersection,0,None,,,1,On Roadway,1,Daylight,,,,,10,Cloudy,0,No,0000000,Not Applicable,10,10:00am-10:59am,17,17,10,10:00am-10:59am,27,27,88,"Not Applicable (Not Transported) ",88,Not Applicable (Not Transported),,,,,,,1,0
2020,27,270349,Minnesota,1,1,0,1,1,1,1,147,STEELE (147),5500,OWATONNA,8,8,12,December,2020,3,Tuesday,16,4:00pm-4:59pm,35,35,0,This section IS NOT on the NHS,2,Urban,4,Minor Arterial,2,County Highway Agency,4,County Road,CR-48 E MAIN ST,ELM AVE,26,26,44.08383333,44.08383333,-93.223586110,-93.223586110,0,No Special Jurisdiction,8,Pedestrian,0,The First Harmful Event was Not a Collision with a Motor Vehicle in Transport,0,No,3,Intersection-Related,2,Four-Way Intersection,0,None,,,1,On Roadway,5,Dusk,,,,,1,Clear,0,No,0000000,Not Applicable,16,4:00pm-4:59pm,35,35,16,4:00pm-4:59pm,39,39,17,5:00pm-5:59pm,18,18,,,,,,,1,0
2020,27,270350,Minnesota,1,1,0,0,0,1,1,53,HENNEPIN (53),4760,MINNEAPOLIS,11,11,12,December,2020,6,Friday,4,4:00am-4:59am,57,57,0,This section IS NOT on the NHS,2,Urban,4,Minor Arterial,2,County Highway Agency,4,County Road,CR-152 CEDAR ST,,160,160,44.92169722,44.92169722,-93.247227780,-93.247227780,0,No Special Jurisdiction,42,Tree (Standing Only),0,The First Harmful Event was Not a Collision with a Motor Vehicle in Transport,0,No,1,Non-Junction,1,Not an Intersection,0,None,,,4,On Roadside,3,Dark - Lighted,,,,,1,Clear,0,No,0000000,Not Applicable,5,5:00am-5:59am,2,2,5,5:00am-5:59am,10,10,5,5:00am-5:59am,25,25,,,,,,,1,0
2020,27,270351,Minnesota,1,1,0,0,0,3,3,53,HENNEPIN (53),820,BROOKLYN CENTER,13,13,12,December,2020,1,Sunday,1,1:00am-1:59am,22,22,0,This section IS NOT on the NHS,2,Urban,4,Minor Arterial,2,County Highway Agency,4,County Road,CR-152 BROOKLYN BLVD,,41,41,45.06287500,45.06287500,-93.325380560,-93.325380560,0,No Special Jurisdiction,1,Rollover/Overturn,0,The First Harmful Event was Not a Collision with a Motor Vehicle in Transport,0,No,1,Non-Junction,1,Not an Intersection,0,None,,,4,On Roadside,3,Dark - Lighted,,,,,1,Clear,0,No,0000000,Not Applicable,1,1:00am-1:59am,22,22,1,1:00am-1:59am,30,30,99,Unknown,99,Unknown EMS Hospital Arrival Time,,,,,,,1,1
2020,27,270352,Minnesota,1,1,0,0,0,2,2,141,SHERBURNE (141),0,NOT APPLICABLE,13,13,12,December,2020,1,Sunday,1,1:00am-1:59am,41,41,0,This section IS NOT on the NHS,2,Urban,5,Major Collector,2,County Highway Agency,4,County Road,CR-30,,12,12,45.29946944,45.29946944,-93.664136110,-93.664136110,0,No Special Jurisdiction,42,Tree (Standing Only),0,The First Harmful Event was Not a Collision with a Motor Vehicle in Transport,0,No,1,Non-Junction,1,Not an Intersection,0,None,,,4,On Roadside,2,Dark - Not Lighted,,,,,1,Clear,0,No,0000000,Not Applicable,1,1:00am-1:59am,41,41,1,1:00am-1:59am,56,56,88,"Not Applicable (Not Transported) ",88,Not Applicable (Not Transported),,,,,,,1,1
2020,27,270353,Minnesota,1,1,0,1,1,1,1,21,CASS (21),0,NOT APPLICABLE,11,11,12,December,2020,6,Friday,17,5:00pm-5:59pm,8,8,0,This section IS NOT on the NHS,1,Rural,4,Minor Arterial,1,State Highway Agency,3,State Highway,SR-64,,21,21,46.37335278,46.37335278,-94.643452780,-94.643452780,0,No Special Jurisdiction,8,Pedestrian,0,The First Harmful Event was Not a Collision with a Motor Vehicle in Transport,0,No,1,Non-Junction,1,Not an Intersection,0,None,,,1,On Roadway,2,Dark - Not Lighted,,,,,1,Clear,0,No,0000000,Not Applicable,17,5:00pm-5:59pm,8,8,17,5:00pm-5:59pm,18,18,88,"Not Applicable (Not Transported) ",88,Not Applicable (Not Transported),,,,,,,1,0
2020,27,270354,Minnesota,1,1,0,0,0,4,4,37,DAKOTA (37),1945,EAGAN,13,13,12,December,2020,1,Sunday,16,4:00pm-4:59pm,19,19,1,This section IS ON the NHS,2,Urban,3,Principal Arterial - Other,1,State Highway Agency,3,State Highway,SR-55 DODD RD,,2025,2025,44.84900278,44.84900278,-93.126963890,-93.126963890,0,No Special Jurisdiction,1,Rollover/Overturn,0,The First Harmful Event was Not a Collision with a Motor Vehicle in Transport,0,No,1,Non-Junction,1,Not an Intersection,0,None,,,3,On Median,1,Daylight,,,,,4,Snow,0,No,0000000,Not Applicable,16,4:00pm-4:59pm,19,19,16,4:00pm-4:59pm,20,20,88,"Not Applicable (Not Transported) ",88,Not Applicable (Not Transported),,,,,,,1,0
2020,27,270355,Minnesota,5,5,0,1,1,6,6,53,HENNEPIN (53),675,BLOOMINGTON,13,13,12,December,2020,1,Sunday,16,4:00pm-4:59pm,44,44,1,This section IS ON the NHS,2,Urban,1,Interstate,1,State Highway Agency,1,Interstate,I-35W,,73,73,44.84092500,44.84092500,-93.298250000,-93.298250000,0,No Special Jurisdiction,12,Motor Vehicle In-Transport,7,Sideswipe - Same Direction,1,Yes,18,Through Roadway,1,Not an Intersection,0,None,,,1,On Roadway,1,Daylight,,,,,4,Snow,0,No,0000000,Not Applicable,16,4:00pm-4:59pm,51,51,17,5:00pm-5:59pm,4,4,17,5:00pm-5:59pm,37,37,,,,,,,1,0
2020,27,270356,Minnesota,1,1,0,0,0,2,2,169,WINONA (169),0,NOT APPLICABLE,13,13,12,December,2020,1,Sunday,17,5:00pm-5:59pm,56,56,1,This section IS ON the NHS,1,Rural,1,Interstate,1,State Highway Agency,1,Interstate,I-90,,2532,2532,43.95659722,43.95659722,-91.660180560,-91.660180560,0,No Special Jurisdiction,1,Rollover/Overturn,0,The First Harmful Event was Not a Collision with a Motor Vehicle in Transport,0,No,1,Non-Junction,1,Not an Intersection,0,None,,,3,On Median,2,Dark - Not Lighted,,,,,1,Clear,0,No,0000000,Not Applicable,17,5:00pm-5:59pm,57,57,18,6:00pm-6:59pm,4,4,88,"Not Applicable (Not Transported) ",88,Not Applicable (Not Transported),,,,,,,1,0
2020,27,270357,Minnesota,2,2,0,0,0,3,3,43,FARIBAULT (43),0,NOT APPLICABLE,16,16,12,December,2020,4,Wednesday,13,1:00pm-1:59pm,48,48,0,This section IS NOT on the NHS,1,Rural,4,Minor Arterial,1,State Highway Agency,3,State Highway,SR-22,,252,252,43.82409722,43.82409722,-93.810547220,-93.810547220,0,No Special Jurisdiction,12,Motor Vehicle In-Transport,2,Front-to-Front,0,No,1,Non-Junction,1,Not an Intersection,0,None,,,1,On Roadway,1,Daylight,,,,,1,Clear,0,No,0000000,Not Applicable,13,1:00pm-1:59pm,48,48,13,1:00pm-1:59pm,51,51,99,Unknown,99,Unknown EMS Hospital Arrival Time,,,,,,,1,0
2020,27,270358,Minnesota,1,1,0,0,0,1,1,21,CASS (21),0,NOT APPLICABLE,16,16,12,December,2020,4,Wednesday,7,7:00am-7:59am,55,55,0,This section IS NOT on the NHS,1,Rural,4,Minor Arterial,1,State Highway Agency,3,State Highway,SR-6,,528,528,47.02010556,47.02010556,-93.941008330,-93.941008330,0,No Special Jurisdiction,35,Embankment,0,The First Harmful Event was Not a Collision with a Motor Vehicle in Transport,0,No,1,Non-Junction,1,Not an Intersection,0,None,,,4,On Roadside,1,Daylight,,,,,1,Clear,0,No,0000000,Not Applicable,7,7:00am-7:59am,55,55,8,8:00am-8:59am,25,25,88,"Not Applicable (Not Transported) ",88,Not Applicable (Not Transported),,,,,,,1,0
2020,27,270359,Minnesota,2,2,0,0,0,4,4,105,NOBLES (105),7750,WORTHINGTON,17,17,12,December,2020,5,Thursday,16,4:00pm-4:59pm,49,49,0,This section IS NOT on the NHS,2,Urban,4,Minor Arterial,2,County Highway Agency,4,County Road,CR-35 OXFORD ST,FAIRWAY LANE,220,220,43.63099722,43.63099722,-95.620480560,-95.620480560,0,No Special Jurisdiction,12,Motor Vehicle In-Transport,1,Front-to-Rear,0,No,3,Intersection-Related,3,T-Intersection,0,None,,,1,On Roadway,5,Dusk,,,,,1,Clear,0,No,0000000,Not Applicable,16,4:00pm-4:59pm,50,50,17,5:00pm-5:59pm,0,0,17,5:00pm-5:59pm,12,12,,,,,,,1,0
2020,27,270360,Minnesota,1,1,0,0,0,1,1,139,SCOTT (139),6510,SHAKOPEE,17,17,12,December,2020,5,Thursday,20,8:00pm-8:59pm,27,27,1,This section IS ON the NHS,2,Urban,2,Principal Arterial - Other Freeways and Expressways,1,State Highway Agency,2,U.S. Highway,US-169 RAMP,,1143,1143,44.78623889,44.78623889,-93.415191670,-93.415191670,0,No Special Jurisdiction,1,Rollover/Overturn,0,The First Harmful Event was Not a Collision with a Motor Vehicle in Transport,1,Yes,5,Entrance/Exit Ramp Related,1,Not an Intersection,0,None,,,4,On Roadside,3,Dark - Lighted,,,,,1,Clear,0,No,0000000,Not Applicable,20,8:00pm-8:59pm,30,30,20,8:00pm-8:59pm,37,37,21,9:00pm-9:59pm,29,29,,,,,,,1,0
2020,27,270361,Minnesota,2,2,0,0,0,3,3,95,MILLE LACS (95),0,NOT APPLICABLE,18,18,12,December,2020,6,Friday,20,8:00pm-8:59pm,15,15,0,This section IS NOT on the NHS,1,Rural,5,Major Collector,2,County Highway Agency,4,County Road,CR-23,,39,39,46.08985556,46.08985556,-93.575233330,-93.575233330,0,No Special Jurisdiction,12,Motor Vehicle In-Transport,6,Angle,0,No,1,Non-Junction,1,Not an Intersection,0,None,,,1,On Roadway,2,Dark - Not Lighted,,,,,1,Clear,0,No,0000000,Not Applicable,20,8:00pm-8:59pm,20,20,20,8:00pm-8:59pm,30,30,20,8:00pm-8:59pm,45,45,,,,,,,1,0
2020,27,270362,Minnesota,1,1,0,0,0,1,1,131,RICE (131),0,NOT APPLICABLE,19,19,12,December,2020,7,Saturday,12,12:00pm-12:59pm,39,39,0,This section IS NOT on the NHS,2,Urban,5,Major Collector,2,County Highway Agency,4,County Road,CR-45,,45,45,44.25736389,44.25736389,-93.272913890,-93.272913890,0,No Special Jurisdiction,34,Ditch,0,The First Harmful Event was Not a Collision with a Motor Vehicle in Transport,0,No,1,Non-Junction,1,Not an Intersection,0,None,,,4,On Roadside,1,Daylight,,,,,8,Other,0,No,0000000,Not Applicable,12,12:00pm-12:59pm,39,39,99,Unknown EMS Scene Arrival Hour,98,Unknown if Arrived,88,"Not Applicable (Not Transported) ",88,Not Applicable (Not Transported),,,,,,,1,0
2020,27,270363,Minnesota,2,2,0,0,0,3,3,109,OLMSTED (109),5960,ROCHESTER,19,19,12,December,2020,7,Saturday,20,8:00pm-8:59pm,52,52,0,This section IS NOT on the NHS,2,Urban,5,Major Collector,2,County Highway Agency,4,County Road,CR-112 18TH AVE NW,CRIMSON RIDGE DR NW,2,2,44.08324167,44.08324167,-92.488758330,-92.488758330,0,No Special Jurisdiction,12,Motor Vehicle In-Transport,1,Front-to-Rear,0,No,3,Intersection-Related,3,T-Intersection,0,None,,,1,On Roadway,3,Dark - Lighted,,,,,10,Cloudy,0,No,0000000,Not Applicable,20,8:00pm-8:59pm,55,55,20,8:00pm-8:59pm,58,58,21,9:00pm-9:59pm,40,40,,,,,,,1,2
2020,27,270364,Minnesota,1,1,0,0,0,1,1,151,SWIFT (151),0,NOT APPLICABLE,20,20,12,December,2020,1,Sunday,7,7:00am-7:59am,52,52,0,This section IS NOT on the NHS,1,Rural,5,Major Collector,2,County Highway Agency,4,County Road,CR-31,,60,60,45.23862222,45.23862222,-95.470283330,-95.470283330,0,No Special Jurisdiction,1,Rollover/Overturn,0,The First Harmful Event was Not a Collision with a Motor Vehicle in Transport,0,No,1,Non-Junction,1,Not an Intersection,0,None,,,4,On Roadside,4,Dawn,,,,,1,Clear,0,No,0000000,Not Applicable,7,7:00am-7:59am,52,52,7,7:00am-7:59am,52,52,88,"Not Applicable (Not Transported) ",88,Not Applicable (Not Transported),,,,,,,1,1
2020,27,270365,Minnesota,1,1,0,0,0,2,2,37,DAKOTA (37),1945,EAGAN,22,22,12,December,2020,3,Tuesday,2,2:00am-2:59am,24,24,0,This section IS NOT on the NHS,2,Urban,7,Local,4,City or Municipal Highway Agency,6,Local Street - Municipality,SLATER RD,,17,17,44.79661944,44.79661944,-93.224830560,-93.224830560,0,No Special Jurisdiction,53,Mail Box,0,The First Harmful Event was Not a Collision with a Motor Vehicle in Transport,0,No,1,Non-Junction,1,Not an Intersection,0,None,,,4,On Roadside,3,Dark - Lighted,,,,,1,Clear,0,No,0000000,Not Applicable,2,2:00am-2:59am,24,24,2,2:00am-2:59am,33,33,3,3:00am-3:59am,23,23,,,,,,,1,1