caseyear,state,st_case,statename,ve_total,ve_forms,pvh_invl,peds,pernotmvit,permvit,persons,county,countyname,city,cityname,day,dayname,month,monthname,year,day_week,day_weekname,hour,hourname,minute,minutename,nhs,nhsname,rur_urb,rur_urbname,func_sys,func_sysname,rd_owner,rd_ownername,route,routename,tway_id,tway_id2,milept,mileptname,latitude,latitudename,longitud,longitudname,sp_jur,sp_jurname,harm_ev,harm_evname,man_coll,man_collname,reljct1,reljct1name,reljct2,reljct2name,typ_int,typ_intname,wrk_zone,wrk_zonename,road_fnc,road_fncname,rel_road,rel_roadname,lgt_cond,lgt_condname,weather1,weather1name,weather2,weather2name,weather,weathername,sch_bus,sch_busname,rail,railname,not_hour,not_hourname,not_min,not_minname,arr_hour,arr_hourname,arr_min,arr_minname,hosp_hr,hosp_hrname,hosp_mn,hosp_mnname,cf1,cf1name,cf2,cf2name,cf3,cf3name,fatals,drunk_dr
2021,27,270026,Minnesota,1,1,0,1,1,2,2,65,KANABEC (65),4900,MORA,6,6,2,February,2021,7,Saturday,19,7:00pm-7:59pm,45,45,1,This section IS ON the NHS,1,Rural,3,Principal Arterial - Other,1,State Highway Agency,3,State Highway,SR-65,,658,658,45.86394722,45.86394722,-93.296702780,-93.296702780,0,No Special Jurisdiction,8,Pedestrian,0,The First Harmful Event was Not a Collision with a Motor Vehicle in Transport,0,No,1,Non-Junction,1,Not an Intersection,0,None,,,1,On Roadway,2,Dark - Not Lighted,,,,,1,Clear,0,No,0000000,Not Applicable,19,7:00pm-7:59pm,49,49,19,7:00pm-7:59pm,53,53,20,8:00pm-8:59pm,19,19,,,,,,,1,
2021,27,270027,Minnesota,1,1,0,0,0,1,1,91,MARTIN (91),0,NOT APPLICABLE,18,18,2,February,2021,5,Thursday,19,7:00pm-7:59pm,32,32,0,This section IS NOT on the NHS,1,Rural,7,Local,3,Town or Township Highway Agency,5,Local Street - Township,210TH AVE,,30,30,43.80374167,43.80374167,-94.448241670,-94.448241670,0,No Special Jurisdiction,1,Rollover/Overturn,0,The First Harmful Event was Not a Collision with a Motor Vehicle in Transport,0,No,1,Non-Junction,1,Not an Intersection,0,None,,,4,On Roadside,2,Dark - Not Lighted,,,,,10,Cloudy,0,No,0000000,Not Applicable,19,7:00pm-7:59pm,35,35,19,7:00pm-7:59pm,38,38,88,"Not Applicable (Not Transported) ",88,Not Applicable (Not Transported),,,,,,,1,
2021,27,270028,Minnesota,1,1,0,0,0,1,1,141,SHERBURNE (141),0,NOT APPLICABLE,16,16,2,February,2021,3,Tuesday,0,0:00am-0:59am,35,35,0,This section IS NOT on the NHS,2,Urban,6,Minor Collector,2,County Highway Agency,4,County Road,CR-46 136TH ST,,9,9,45.41884167,45.41884167,-93.613236110,-93.613236110,0,No Special Jurisdiction,42,Tree (Standing Only),0,The First Harmful Event was Not a Collision with a Motor Vehicle in Transport,0,No,1,Non-Junction,1,Not an Intersection,0,None,,,4,On Roadside,2,Dark - Not Lighted,,,,,1,Clear,0,No,0000000,Not Applicable,2,2:00am-2:59am,20,20,2,2:00am-2:59am,45,45,88,"Not Applicable (Not Transported) ",88,Not Applicable (Not Transported),,,,,,,1,
2021,27,270029,Minnesota,1,1,0,4,4,1,1,99,MOWER (99),290,AUSTIN,20,20,2,February,2021,7,Saturday,19,7:00pm-7:59pm,40,40,0,This section IS NOT on the NHS,2,Urban,5,Major Collector,2,County Highway Agency,4,County Road,CR-46 220TH ST,,62,62,43.67418333,43.67418333,-92.926775000,-92.926775000,0,No Special Jurisdiction,8,Pedestrian,0,The First Harmful Event was Not a Collision with a Motor Vehicle in Transport,0,No,1,Non-Junction,1,Not an Intersection,0,None,,,1,On Roadway,2,Dark - Not Lighted,,,,,1,Clear,0,No,0000000,Not Applicable,19,7:00pm-7:59pm,41,41,19,7:00pm-7:59pm,49,49,20,8:00pm-8:59pm,5,5,,,,,,,1,
2021,27,270030,Minnesota,2,2,0,0,0,2,2,145,STEARNS (145),0,NOT APPLICABLE,22,22,2,February,2021,2,Monday,8,8:00am-8:59am,28,28,1,This section IS ON the NHS,1,Rural,3,Principal Arterial - Other,1,State Highway Agency,3,State Highway,SR-15,CR-146,1367,1367,45.39967500,45.39967500,-94.247644440,-94.247644440,0,No Special Jurisdiction,12,Motor Vehicle In-Transport,6,Angle,0,No,2,Intersection,2,Four-Way Intersection,0,None,,,1,On Roadway,1,Daylight,,,,,10,Cloudy,0,No,0000000,Not Applicable,8,8:00am-8:59am,28,28,8,8:00am-8:59am,33,33,88,"Not Applicable (Not Transported) ",88,Not Applicable (Not Transported),,,,,,,1,
2021,27,270031,Minnesota,2,2,0,0,0,2,2,141,SHERBURNE (141),0,NOT APPLICABLE,18,18,2,February,2021,5,Thursday,8,8:00am-8:59am,21,21,0,This section IS NOT on the NHS,1,Rural,4,Minor Arterial,2,County Highway Agency,4,County Road,CR-14,,63,63,45.31086389,45.31086389,-93.666538890,-93.666538890,0,No Special Jurisdiction,12,Motor Vehicle In-Transport,2,Front-to-Front,0,No,1,Non-Junction,1,Not an Intersection,0,None,,,1,On Roadway,1,Daylight,,,,,4,Snow,0,No,0000000,Not Applicable,8,8:00am-8:59am,21,21,8,8:00am-8:59am,34,34,9,9:00am-9:59am,31,31,,,,,,,1,
2021,27,270032,Minnesota,2,2,0,0,0,2,2,37,DAKOTA (37),2320,FARMINGTON,24,24,2,February,2021,4,Wednesday,11,11:00am-11:59am,35,35,0,This section IS NOT on the NHS,2,Urban,4,Minor Arterial,2,County Highway Agency,4,County Road,CR-31 PILOT KNOB RD,206TH ST,31,31,44.65159167,44.65159167,-93.176330560,-93.176330560,0,No Special Jurisdiction,12,Motor Vehicle In-Transport,1,Front-to-Rear,0,No,3,Intersection-Related,3,T-Intersection,0,None,,,1,On Roadway,1,Daylight,,,,,1,Clear,0,No,0000000,Not Applicable,11,11:00am-11:59am,35,35,11,11:00am-11:59am,37,37,88,"Not Applicable (Not Transported) ",88,Not Applicable (Not Transported),,,,,,,1,
2021,27,270033,Minnesota,1,1,0,0,0,1,1,53,HENNEPIN (53),4760,MINNEAPOLIS,26,26,2,February,2021,6,Friday,1,1:00am-1:59am,27,27,0,This section IS NOT on the NHS,2,Urban,4,Minor Arterial,2,County Highway Agency,4,County Road,CR-152 CEDAR AVE S,,137,137,44.95460556,44.95460556,-93.247483330,-93.247483330,0,No Special Jurisdiction,42,Tree (Standing Only),0,The First Harmful Event was Not a Collision with a Motor Vehicle in Transport,0,No,1,Non-Junction,1,Not an Intersection,0,None,,,4,On Roadside,3,Dark - Lighted,,,,,1,Clear,0,No,0000000,Not Applicable,1,1:00am-1:59am,32,32,1,1:00am-1:59am,35,35,1,1:00am-1:59am,58,58,,,,,,,1,
2021,27,270034,Minnesota,2,2,0,0,0,2,2,163,WASHINGTON (163),6455,SCANDIA,24,24,2,February,2021,4,Wednesday,14,2:00pm-2:59pm,59,59,0,This section IS NOT on the NHS,1,Rural,4,Minor Arterial,1,State Highway Agency,3,State Highway,SR-95 SAINT CROIX TR N,,868,868,45.26912222,45.26912222,-92.775880560,-92.775880560,0,No Special Jurisdiction,12,Motor Vehicle In-Transport,2,Front-to-Front,0,No,1,Non-Junction,1,Not an Intersection,0,None,,,1,On Roadway,1,Daylight,,,,,1,Clear,0,No,0000000,Not Applicable,14,2:00pm-2:59pm,59,59,15,3:00pm-3:59pm,4,4,88,"Not Applicable (Not Transported) ",88,Not Applicable (Not Transported),,,,,,,1,
2021,27,270035,Minnesota,2,2,0,0,0,4,4,25,CHISAGO (25),0,NOT APPLICABLE,12,12,2,February,2021,6,Friday,7,7:00am-7:59am,45,45,0,This section IS NOT on the NHS,1,Rural,5,Major Collector,2,County Highway Agency,4,County Road,CR-7 RUSH POINT DR,,53,53,45.65842500,45.65842500,-93.046486110,-93.046486110,0,No Special Jurisdiction,12,Motor Vehicle In-Transport,6,Angle,0,No,1,Non-Junction,1,Not an Intersection,0,None,,,1,On Roadway,1,Daylight,,,,,1,Clear,0,No,0000000,Not Applicable,7,7:00am-7:59am,46,46,7,7:00am-7:59am,58,58,9,9:00am-9:59am,3,3,,,,,,,3,
2021,27,270036,Minnesota,2,2,0,0,0,2,2,23,CHIPPEWA (23),0,NOT APPLICABLE,26,26,2,February,2021,6,Friday,15,3:00pm-3:59pm,4,4,0,This section IS NOT on the NHS,1,Rural,5,Major Collector,2,County Highway Agency,4,County Road,CR-6 1ST AVE N,CR-13 1ST ST E,100,100,45.02150556,45.02150556,-95.594963890,-95.594963890,0,No Special Jurisdiction,12,Motor Vehicle In-Transport,6,Angle,0,No,2,Intersection,2,Four-Way Intersection,0,None,,,1,On Roadway,1,Daylight,,,,,1,Clear,0,No,0000000,Not Applicable,15,3:00pm-3:59pm,4,4,15,3:00pm-3:59pm,28,28,15,3:00pm-3:59pm,52,52,,,,,,,1,
2021,27,270037,Minnesota,2,2,0,0,0,2,2,9,BENTON (9),0,NOT APPLICABLE,23,23,2,February,2021,3,Tuesday,17,5:00pm-5:59pm,40,40,0,This section IS NOT on the NHS,2,Urban,5,Major Collector,2,County Highway Agency,4,County Road,CR-74 14TH AVE NE,,3,3,45.57741667,45.57741667,-94.132527780,-94.132527780,0,No Special Jurisdiction,12,Motor Vehicle In-Transport,6,Angle,0,No,1,Non-Junction,1,Not an Intersection,0,None,,,1,On Roadway,1,Daylight,,,,,1,Clear,0,No,0000000,Not Applicable,17,5:00pm-5:59pm,43,43,17,5:00pm-5:59pm,54,54,99,Unknown,99,Unknown EMS Hospital Arrival Time,,,,,,,1,
2021,27,270038,Minnesota,2,2,0,0,0,2,2,139,SCOTT (139),0,NOT APPLICABLE,2,2,3,March,2021,3,Tuesday,8,8:00am-8:59am,0,0,0,This section IS NOT on the NHS,1,Rural,4,Minor Arterial,2,County Highway Agency,4,County Road,CR-7 UNION HILL BLVD,,38,38,44.59073611,44.59073611,-93.686055560,-93.686055560,0,No Special Jurisdiction,12,Motor Vehicle In-Transport,2,Front-to-Front,0,No,1,Non-Junction,1,Not an Intersection,0,None,,,1,On Roadway,1,Daylight,,,,,11,Blowing Snow,0,No,0000000,Not Applicable,8,8:00am-8:59am,0,0,8,8:00am-8:59am,9,9,99,Unknown,99,Unknown EMS Hospital Arrival Time,,,,,,,1,
2021,27,270039,Minnesota,2,2,0,0,0,2,2,59,ISANTI (59),0,NOT APPLICABLE,25,25,2,February,2021,5,Thursday,18,6:00pm-6:59pm,37,37,0,This section IS NOT on the NHS,1,Rural,5,Major Collector,2,County Highway Agency,4,County Road,CR-5,,263,263,45.50324444,45.50324444,-93.028019440,-93.028019440,0,No Special Jurisdiction,12,Motor Vehicle In-Transport,2,Front-to-Front,0,No,1,Non-Junction,1,Not an Intersection,0,None,,,1,On Roadway,2,Dark - Not Lighted,,,,,1,Clear,0,No,0000000,Not Applicable,18,6:00pm-6:59pm,40,40,18,6:00pm-6:59pm,44,44,19,7:00pm-7:59pm,33,33,,,,,,,1,
2021,27,270040,Minnesota,2,2,0,0,0,3,3,85,MCLEOD (85),0,NOT APPLICABLE,2,2,3,March,2021,3,Tuesday,17,5:00pm-5:59pm,31,31,0,This section IS NOT on the NHS,1,Rural,4,Minor Arterial,2,County Highway Agency,4,County Road,CR-1 DAIRY AVE,CR-3 120TH ST,50,50,44.78981667,44.78981667,-94.091280560,-94.091280560,0,No Special Jurisdiction,12,Motor Vehicle In-Transport,6,Angle,0,No,2,Intersection,2,Four-Way Intersection,0,None,,,1,On Roadway,1,Daylight,,,,,1,Clear,0,No,0000000,Not Applicable,17,5:00pm-5:59pm,31,31,17,5:00pm-5:59pm,36,36,18,6:00pm-6:59pm,2,2,,,,,,,1,
2021,27,270041,Minnesota,2,2,0,1,1,2,2,53,HENNEPIN (53),1570,CRYSTAL,4,4,3,March,2021,5,Thursday,12,12:00pm-12:59pm,3,3,0,This section IS NOT on the NHS,2,Urban,7,Local,4,City or Municipal Highway Agency,6,Local Street - Municipality,36TH AVE N,SHOPPING MALL ROADWAY,1,1,45.02046389,45.02046389,-93.345611110,-93.345611110,0,No Special Jurisdiction,12,Motor Vehicle In-Transport,6,Angle,0,No,2,Intersection,3,T-Intersection,0,None,,,1,On Roadway,1,Daylight,,,,,1,Clear,0,No,0000000,Not Applicable,12,12:00pm-12:59pm,4,4,12,12:00pm-12:59pm,5,5,12,12:00pm-12:59pm,12,12,,,,,,,1,
2021,27,270042,Minnesota,1,1,0,1,1,1,1,53,HENNEPIN (53),4760,MINNEAPOLIS,4,4,3,March,2021,5,Thursday,17,5:00pm-5:59pm,42,42,0,This section IS NOT on the NHS,2,Urban,7,Local,4,City or Municipal Highway Agency,6,Local Street - Municipality,30TH AVE N,,6,6,45.01146389,45.01146389,-93.305430560,-93.305430560,0,No Special Jurisdiction,8,Pedestrian,0,The First Harmful Event was Not a Collision with a Motor Vehicle in Transport,0,No,1,Non-Junction,1,Not an Intersection,0,None,,,1,On Roadway,1,Daylight,,,,,1,Clear,0,No,0000000,Not Applicable,17,5:00pm-5:59pm,45,45,17,5:00pm-5:59pm,54,54,88,"Not Applicable (Not Transported) ",88,Not Applicable (Not Transported),,,,,,,1,
2021,27,270043,Minnesota,2,2,0,0,0,3,3,55,HOUSTON (55),3850,LA CRESCENT,2,2,3,March,2021,3,Tuesday,11,11:00am-11:59am,9,9,1,This section IS ON the NHS,2,Urban,3,Principal Arterial - Other,1,State Highway Agency,2,U.S. Highway,US-USTH 61,N 2ND ST,21,21,43.83105278,43.83105278,-91.302194440,-91.302194440,0,No Special Jurisdiction,12,Motor Vehicle In-Transport,6,Angle,0,No,2,Intersection,3,T-Intersection,0,None,,,1,On Roadway,1,Daylight,,,,,1,Clear,0,No,0000000,Not Applicable,11,11:00am-11:59am,9,9,11,11:00am-11:59am,20,20,12,12:00pm-12:59pm,15,15,,,,,,,1,
2021,27,270044,Minnesota,2,2,0,0,0,2,2,67,KANDIYOHI (67),0,NOT APPLICABLE,5,5,3,March,2021,6,Friday,10,10:00am-10:59am,18,18,1,This section IS ON the NHS,1,Rural,3,Principal Arterial - Other,1,State Highway Agency,2,U.S. Highway,US-71,,1426,1426,45.38043056,45.38043056,-95.008836110,-95.008836110,0,No Special Jurisdiction,12,Motor Vehicle In-Transport,2,Front-to-Front,0,No,1,Non-Junction,1,Not an Intersection,0,None,,,1,On Roadway,1,Daylight,,,,,1,Clear,0,No,0000000,Not Applicable,10,10:00am-10:59am,18,18,10,10:00am-10:59am,26,26,11,11:00am-11:59am,0,0,,,,,,,1,
2021,27,270045,Minnesota,1,1,0,0,0,1,1,23,CHIPPEWA (23),0,NOT APPLICABLE,24,24,2,February,2021,4,Wednesday,9,9:00am-9:59am,36,36,0,This section IS NOT on the NHS,1,Rural,4,Minor Arterial,1,State Highway Agency,3,State Highway,SR-40 60TH ST NE,,490,490,45.10841667,45.10841667,-95.567402780,-95.567402780,0,No Special Jurisdiction,1,Rollover/Overturn,0,The First Harmful Event was Not a Collision with a Motor Vehicle in Transport,0,No,1,Non-Junction,1,Not an Intersection,0,None,,,4,On Roadside,1,Daylight,,,,,10,Cloudy,0,No,0000000,Not Applicable,9,9:00am-9:59am,37,37,9,9:00am-9:59am,44,44,11,11:00am-11:59am,31,31,,,,,,,1,
2021,27,270046,Minnesota,1,1,0,0,0,1,1,3,ANOKA (3),4184,LINO LAKES,8,8,3,March,2021,2,Monday,14,2:00pm-2:59pm,57,57,1,This section IS ON the NHS,2,Urban,1,Interstate,1,State Highway Agency,1,Interstate,I-35W,,365,365,45.18014167,45.18014167,-93.111908330,-93.111908330,0,No Special Jurisdiction,1,Rollover/Overturn,0,The First Harmful Event was Not a Collision with a Motor Vehicle in Transport,1,Yes,19,Other location within Interchange Area,1,Not an Intersection,0,None,,,4,On Roadside,1,Daylight,,,,,1,Clear,0,No,0000000,Not Applicable,14,2:00pm-2:59pm,57,57,99,Unknown EMS Scene Arrival Hour,99,Unknown EMS Scene Arrival Minutes,88,"Not Applicable (Not Transported) ",88,Not Applicable (Not Transported),,,,,,,1,
2021,27,270047,Minnesota,1,1,0,0,0,1,1,103,NICOLLET (103),5280,NORTH MANKATO,9,9,3,March,2021,3,Tuesday,15,3:00pm-3:59pm,27,27,1,This section IS ON the NHS,2,Urban,3,Principal Arterial - Other,1,State Highway Agency,2,U.S. Highway,US-169,,538,538,44.17773056,44.17773056,-94.004255560,-94.004255560,0,No Special Jurisdiction,34,Ditch,0,The First Harmful Event was Not a Collision with a Motor Vehicle in Transport,0,No,1,Non-Junction,1,Not an Intersection,0,None,,,4,On Roadside,1,Daylight,,,,,1,Clear,0,No,0000000,Not Applicable,15,3:00pm-3:59pm,28,28,15,3:00pm-3:59pm,33,33,88,"Not Applicable (Not Transported) ",88,Not Applicable (Not Transported),,,,,,,1,
2021,27,270049,Minnesota,2,2,0,0,0,2,2,165,WATONWAN (165),0,NOT APPLICABLE,1,1,3,March,2021,2,Monday,16,4:00pm-4:59pm,0,0,0,This section IS NOT on the NHS,1,Rural,7,Local,2,County Highway Agency,4,County Road,CR-112 760TH AVE,CR-116 310TH ST,19,19,44.03669167,44.03669167,-94.549311110,-94.549311110,0,No Special Jurisdiction,12,Motor Vehicle In-Transport,6,Angle,0,No,2,Intersection,2,Four-Way Intersection,0,None,,,1,On Roadway,1,Daylight,,,,,1,Clear,0,No,0000000,Not Applicable,16,4:00pm-4:59pm,8,8,16,4:00pm-4:59pm,20,20,17,5:00pm-5:59pm,9,9,,,,,,,1,
2021,27,270050,Minnesota,1,1,0,0,0,1,1,161,WASECA (161),0,NOT APPLICABLE,26,26,2,February,2021,6,Friday,5,5:00am-5:59am,45,45,0,This section IS NOT on the NHS,1,Rural,5,Major Collector,2,County Highway Agency,4,County Road,CR-2 360TH AVE,,22,22,44.08004444,44.08004444,-93.725052780,-93.725052780,0,No Special Jurisdiction,34,Ditch,0,The First Harmful Event was Not a Collision with a Motor Vehicle in Transport,0,No,1,Non-Junction,1,Not an Intersection,0,None,,,4,On Roadside,2,Dark - Not Lighted,,,,,1,Clear,0,No,0000000,Not Applicable,5,5:00am-5:59am,45,45,5,5:00am-5:59am,50,50,88,"Not Applicable (Not Transported) ",88,Not Applicable (Not Transported),,,,,,,1,
2021,27,270052,Minnesota,1,1,0,0,0,2,2,101,MURRAY (101),0,NOT APPLICABLE,11,11,3,March,2021,5,Thursday,2,2:00am-2:59am,0,0,0,This section IS NOT on the NHS,1,Rural,7,Local,3,Town or Township Highway Agency,5,Local Street - Township,71ST ST,,17,17,43.94884167,43.94884167,-95.731261110,-95.731261110,0,No Special Jurisdiction,1,Rollover/Overturn,0,The First Harmful Event was Not a Collision with a Motor Vehicle in Transport,0,No,1,Non-Junction,1,Not an Intersection,0,None,,,5,Outside Trafficway,2,Dark - Not Lighted,,,,,1,Clear,0,No,0000000,Not Applicable,2,2:00am-2:59am,6,6,2,2:00am-2:59am,20,20,2,2:00am-2:59am,32,32,,,,,,,1,
2021,27,270053,Minnesota,1,1,0,0,0,5,5,163,WASHINGTON (163),7716,WOODBURY,12,12,3,March,2021,6,Friday,23,11:00pm-11:59pm,5,5,0,This section IS NOT on the NHS,2,Urban,5,Major Collector,4,City or Municipal Highway Agency,6,Local Street - Municipality,SETTLERS RIDGE PKWY,,21,21,44.91741667,44.91741667,-92.877505560,-92.877505560,0,No Special Jurisdiction,42,Tree (Standing Only),0,The First Harmful Event was Not a Collision with a Motor Vehicle in Transport,0,No,1,Non-Junction,1,Not an Intersection,0,None,,,4,On Roadside,3,Dark - Lighted,,,,,1,Clear,0,No,0000000,Not Applicable,23,11:00pm-11:59pm,7,7,23,11:00pm-11:59pm,14,14,23,11:00pm-11:59pm,46,46,,,,,,,1,
2021,27,270054,Minnesota,2,1,1,0,0,1,1,103,NICOLLET (103),5280,NORTH MANKATO,12,12,3,March,2021,6,Friday,5,5:00am-5:59am,39,39,1,This section IS ON the NHS,2,Urban,3,Principal Arterial - Other,1,State Highway Agency,2,U.S. Highway,US-169,,541,541,44.18167500,44.18167500,-94.008750000,-94.008750000,0,No Special Jurisdiction,42,Tree (Standing Only),0,The First Harmful Event was Not a Collision with a Motor Vehicle in Transport,0,No,1,Non-Junction,1,Not an Intersection,0,None,,,5,Outside Trafficway,3,Dark - Lighted,,,,,1,Clear,0,No,0000000,Not Applicable,5,5:00am-5:59am,40,40,5,5:00am-5:59am,46,46,88,"Not Applicable (Not Transported) ",88,Not Applicable (Not Transported),,,,,,,1,
2021,27,270055,Minnesota,1,1,0,0,0,3,3,153,TODD (153),0,NOT APPLICABLE,12,12,3,March,2021,6,Friday,1,1:00am-1:59am,25,25,0,This section IS NOT on the NHS,1,Rural,7,Local,3,Town or Township Highway Agency,5,Local Street - Township,CEDAR LAKE RD,,32,32,45.84655833,45.84655833,-94.868361110,-94.868361110,0,No Special Jurisdiction,38,Fence,0,The First Harmful Event was Not a Collision with a Motor Vehicle in Transport,0,No,1,Non-Junction,1,Not an Intersection,0,None,,,5,Outside Trafficway,2,Dark - Not Lighted,,,,,1,Clear,0,No,0000000,Not Applicable,1,1:00am-1:59am,35,35,1,1:00am-1:59am,55,55,2,2:00am-2:59am,37,37,,,,,,,1,
2021,27,270056,Minnesota,2,2,0,0,0,3,3,145,STEARNS (145),0,NOT APPLICABLE,17,17,3,March,2021,4,Wednesday,3,3:00am-3:59am,0,0,1,This section IS ON the NHS,1,Rural,1,Interstate,1,State Highway Agency,1,Interstate,I-94,,1231,1231,45.75873611,45.75873611,-95.016744440,-95.016744440,0,No Special Jurisdiction,12,Motor Vehicle In-Transport,2,Front-to-Front,0,No,1,Non-Junction,1,Not an Intersection,0,None,,,1,On Roadway,2,Dark - Not Lighted,,,,,4,Snow,0,No,0000000,Not Applicable,3,3:00am-3:59am,2,2,3,3:00am-3:59am,18,18,88,"Not Applicable (Not Transported) ",88,Not Applicable (Not Transported),,,,,,,1,
2021,27,270057,Minnesota,1,1,0,0,0,2,2,63,JACKSON (63),0,NOT APPLICABLE,19,19,3,March,2021,6,Friday,2,2:00am-2:59am,0,0,0,This section IS NOT on the NHS,1,Rural,5,Major Collector,2,County Highway Agency,4,County Road,CR-17 930TH ST,,246,246,43.82365000,43.82365000,-95.098288890,-95.098288890,0,No Special Jurisdiction,1,Rollover/Overturn,0,The First Harmful Event was Not a Collision with a Motor Vehicle in Transport,0,No,1,Non-Junction,1,Not an Intersection,0,None,,,4,On Roadside,2,Dark - Not Lighted,,,,,1,Clear,0,No,0000000,Not Applicable,2,2:00am-2:59am,10,10,2,2:00am-2:59am,25,25,2,2:00am-2:59am,46,46,,,,,,,1,
2021,27,270058,Minnesota,1,1,0,0,0,1,1,153,TODD (153),0,NOT APPLICABLE,23,23,3,March,2021,3,Tuesday,19,7:00pm-7:59pm,30,30,0,This section IS NOT on the NHS,1,Rural,4,Minor Arterial,1,State Highway Agency,3,State Highway,SR-27,,1175,1175,45.97685833,45.97685833,-94.752208330,-94.752208330,0,No Special Jurisdiction,1,Rollover/Overturn,0,The First Harmful Event was Not a Collision with a Motor Vehicle in Transport,0,No,1,Non-Junction,1,Not an Intersection,0,None,,,4,On Roadside,5,Dusk,,,,,2,Rain,0,No,0000000,Not Applicable,19,7:00pm-7:59pm,33,33,19,7:00pm-7:59pm,43,43,88,"Not Applicable (Not Transported) ",88,Not Applicable (Not Transported),,,,,,,1,
2021,27,270059,Minnesota,1,1,0,0,0,2,2,97,MORRISON (97),0,NOT APPLICABLE,24,24,3,March,2021,4,Wednesday,18,6:00pm-6:59pm,17,17,0,This section IS NOT on the NHS,1,Rural,4,Minor Arterial,1,State Highway Agency,3,State Highway,SR-25,,1296,1296,46.00291111,46.00291111,-94.103641670,-94.103641670,0,No Special Jurisdiction,1,Rollover/Overturn,0,The First Harmful Event was Not a Collision with a Motor Vehicle in Transport,0,No,1,Non-Junction,1,Not an Intersection,0,None,,,4,On Roadside,1,Daylight,,,,,10,Cloudy,0,No,0000000,Not Applicable,99,Unknown,99,Unknown,99,Unknown EMS Scene Arrival Hour,99,Unknown EMS Scene Arrival Minutes,99,Unknown,99,Unknown EMS Hospital Arrival Time,,,,,,,1,
2021,27,270060,Minnesota,1,1,0,0,0,1,1,145,STEARNS (145),0,NOT APPLICABLE,24,24,3,March,2021,4,Wednesday,23,11:00pm-11:59pm,32,32,0,This section IS NOT on the NHS,1,Rural,6,Minor Collector,2,County Highway Agency,4,County Road,CR-11,,136,136,45.71893333,45.71893333,-94.686958330,-94.686958330,0,No Special Jurisdiction,35,Embankment,0,The First Harmful Event was Not a Collision with a Motor Vehicle in Transport,0,No,1,Non-Junction,1,Not an Intersection,0,None,,,4,On Roadside,2,Dark - Not Lighted,,,,,1,Clear,0,No,0000000,Not Applicable,23,11:00pm-11:59pm,35,35,23,11:00pm-11:59pm,44,44,0,0:00am-0:59am,6,6,,,,,,,1,
2021,27,270061,Minnesota,2,2,0,0,0,2,2,79,LE SUEUR (79),0,NOT APPLICABLE,14,14,3,March,2021,1,Sunday,0,0:00am-0:59am,28,28,0,This section IS NOT on the NHS,1,Rural,4,Minor Arterial,1,State Highway Agency,3,State Highway,SR-60,,1238,1238,44.20333333,44.20333333,-93.760941670,-93.760941670,0,No Special Jurisdiction,12,Motor Vehicle In-Transport,2,Front-to-Front,0,No,1,Non-Junction,1,Not an Intersection,0,None,,,1,On Roadway,2,Dark - Not Lighted,,,,,1,Clear,0,No,0000000,Not Applicable,0,0:00am-0:59am,28,28,0,0:00am-0:59am,49,49,1,1:00am-1:59am,0,0,,,,,,,1,
2021,27,270062,Minnesota,1,1,0,0,0,2,2,17,CARLTON (17),0,NOT APPLICABLE,23,23,3,March,2021,3,Tuesday,18,6:00pm-6:59pm,17,17,0,This section IS NOT on the NHS,1,Rural,4,Minor Arterial,1,State Highway Agency,3,State Highway,SR-23,,3167,3167,46.47013611,46.47013611,-92.433108330,-92.433108330,0,No Special Jurisdiction,1,Rollover/Overturn,0,The First Harmful Event was Not a Collision with a Motor Vehicle in Transport,0,No,1,Non-Junction,1,Not an Intersection,0,None,,,4,On Roadside,1,Daylight,,,,,10,Cloudy,0,No,0000000,Not Applicable,18,6:00pm-6:59pm,17,17,18,6:00pm-6:59pm,32,32,88,"Not Applicable (Not Transported) ",88,Not Applicable (Not Transported),,,,,,,2,
2021,27,270063,Minnesota,1,1,0,0,0,2,2,137,ST LOUIS (137),0,NOT APPLICABLE,12,12,3,March,2021,6,Friday,8,8:00am-8:59am,34,34,0,This section IS NOT on the NHS,1,Rural,4,Minor Arterial,1,State Highway Agency,3,State Highway,SR-169,,3724,3724,47.60192222,47.60192222,-92.506416670,-92.506416670,0,No Special Jurisdiction,24,Guardrail Face,0,The First Harmful Event was Not a Collision with a Motor Vehicle in Transport,0,No,1,Non-Junction,1,Not an Intersection,0,None,,,4,On Roadside,1,Daylight,,,,,1,Clear,0,No,0000000,Not Applicable,8,8:00am-8:59am,35,35,8,8:00am-8:59am,40,40,9,9:00am-9:59am,0,0,,,,,,,1,
2021,27,270064,Minnesota,1,1,0,0,0,3,3,53,HENNEPIN (53),4760,MINNEAPOLIS,11,11,3,March,2021,5,Thursday,10,10:00am-10:59am,22,22,0,This section IS NOT on the NHS,2,Urban,4,Minor Arterial,4,City or Municipal Highway Agency,6,Local Street - Municipality,37TH AVE N,,22,22,45.02210833,45.02210833,-93.295772220,-93.295772220,0,No Special Jurisdiction,42,Tree (Standing Only),0,The First Harmful Event was Not a Collision with a Motor Vehicle in Transport,0,No,1,Non-Junction,1,Not an Intersection,0,None,,,5,Outside Trafficway,1,Daylight,,,,,1,Clear,0,No,0000000,Not Applicable,10,10:00am-10:59am,23,23,10,10:00am-10:59am,28,28,10,10:00am-10:59am,38,38,,,,,,,1,