caseyear,state,st_case,statename,ve_total,ve_forms,pvh_invl,peds,pernotmvit,permvit,persons,county,countyname,city,cityname,day,dayname,month,monthname,year,day_week,day_weekname,hour,hourname,minute,minutename,nhs,nhsname,rur_urb,rur_urbname,func_sys,func_sysname,rd_owner,rd_ownername,route,routename,tway_id,tway_id2,milept,mileptname,latitude,latitudename,longitud,longitudname,sp_jur,sp_jurname,harm_ev,harm_evname,man_coll,man_collname,reljct1,reljct1name,reljct2,reljct2name,typ_int,typ_intname,wrk_zone,wrk_zonename,road_fnc,road_fncname,rel_road,rel_roadname,lgt_cond,lgt_condname,weather1,weather1name,weather2,weather2name,weather,weathername,sch_bus,sch_busname,rail,railname,not_hour,not_hourname,not_min,not_minname,arr_hour,arr_hourname,arr_min,arr_minname,hosp_hr,hosp_hrname,hosp_mn,hosp_mnname,cf1,cf1name,cf2,cf2name,cf3,cf3name,fatals,drunk_dr
2021,27,270065,Minnesota,1,1,0,0,0,1,1,89,MARSHALL (89),0,NOT APPLICABLE,29,29,3,March,2021,2,Monday,23,11:00pm-11:59pm,45,45,0,This section IS NOT on the NHS,1,Rural,6,Minor Collector,2,County Highway Agency,4,County Road,CR-48,,21,21,48.47154167,48.47154167,-96.124119440,-96.124119440,0,No Special Jurisdiction,1,Rollover/Overturn,0,The First Harmful Event was Not a Collision with a Motor Vehicle in Transport,0,No,1,Non-Junction,1,Not an Intersection,0,None,,,4,On Roadside,2,Dark - Not Lighted,,,,,6,Severe Crosswinds,0,No,0000000,Not Applicable,23,11:00pm-11:59pm,50,50,0,0:00am-0:59am,9,9,88,"Not Applicable (Not Transported) ",88,Not Applicable (Not Transported),,,,,,,1,
2021,27,270066,Minnesota,1,1,0,1,1,1,1,83,LYON (83),6150,RUSSELL,18,18,3,March,2021,5,Thursday,23,11:00pm-11:59pm,48,48,0,This section IS NOT on the NHS,1,Rural,6,Minor Collector,2,County Highway Agency,4,County Road,CR-15 1ST ST,,4,4,44.31781111,44.31781111,-95.949505560,-95.949505560,0,No Special Jurisdiction,8,Pedestrian,0,The First Harmful Event was Not a Collision with a Motor Vehicle in Transport,0,No,1,Non-Junction,1,Not an Intersection,0,None,,,1,On Roadway,3,Dark - Lighted,,,,,1,Clear,0,No,0000000,Not Applicable,23,11:00pm-11:59pm,48,48,23,11:00pm-11:59pm,51,51,88,"Not Applicable (Not Transported) ",88,Not Applicable (Not Transported),,,,,,,1,
2021,27,270067,Minnesota,2,2,0,0,0,2,2,109,OLMSTED (109),5960,ROCHESTER,23,23,2,February,2021,3,Tuesday,22,10:00pm-10:59pm,22,22,0,This section IS NOT on the NHS,2,Urban,4,Minor Arterial,1,State Highway Agency,2,U.S. Highway,US-14 12TH ST SE,8TH AVE SE,2155,2155,44.00696667,44.00696667,-92.452452780,-92.452452780,0,No Special Jurisdiction,12,Motor Vehicle In-Transport,6,Angle,0,No,2,Intersection,2,Four-Way Intersection,0,None,,,1,On Roadway,3,Dark - Lighted,,,,,10,Cloudy,0,No,0000000,Not Applicable,22,10:00pm-10:59pm,22,22,22,10:00pm-10:59pm,28,28,22,10:00pm-10:59pm,40,40,,,,,,,1,
2021,27,270068,Minnesota,2,2,0,0,0,4,4,37,DAKOTA (37),956,BURNSVILLE,4,4,4,April,2021,1,Sunday,10,10:00am-10:59am,32,32,1,This section IS ON the NHS,2,Urban,3,Principal Arterial - Other,2,County Highway Agency,4,County Road,CR-42,NEWTON AVE,10,10,44.74632778,44.74632778,-93.308305560,-93.308305560,0,No Special Jurisdiction,12,Motor Vehicle In-Transport,6,Angle,0,No,2,Intersection,3,T-Intersection,0,None,,,1,On Roadway,1,Daylight,,,,,1,Clear,0,No,0000000,Not Applicable,10,10:00am-10:59am,32,32,99,Unknown EMS Scene Arrival Hour,99,Unknown EMS Scene Arrival Minutes,99,Unknown,99,Unknown EMS Hospital Arrival Time,,,,,,,2,
2021,27,270069,Minnesota,2,2,0,0,0,3,3,79,LE SUEUR (79),0,NOT APPLICABLE,3,3,4,April,2021,7,Saturday,15,3:00pm-3:59pm,31,31,0,This section IS NOT on the NHS,1,Rural,5,Major Collector,2,County Highway Agency,4,County Road,CR-26 LEXINGTON RD,,142,142,44.44243889,44.44243889,-93.643861110,-93.643861110,0,No Special Jurisdiction,12,Motor Vehicle In-Transport,2,Front-to-Front,0,No,1,Non-Junction,1,Not an Intersection,0,None,,,1,On Roadway,1,Daylight,,,,,1,Clear,0,No,0000000,Not Applicable,15,3:00pm-3:59pm,33,33,15,3:00pm-3:59pm,41,41,88,"Not Applicable (Not Transported) ",88,Not Applicable (Not Transported),,,,,,,1,
2021,27,270070,Minnesota,1,1,0,0,0,1,1,53,HENNEPIN (53),4760,MINNEAPOLIS,6,6,4,April,2021,3,Tuesday,19,7:00pm-7:59pm,53,53,1,This section IS ON the NHS,2,Urban,1,Interstate,1,State Highway Agency,1,Interstate,I-35W,,213,213,45.00094167,45.00094167,-93.223088890,-93.223088890,0,No Special Jurisdiction,24,Guardrail Face,0,The First Harmful Event was Not a Collision with a Motor Vehicle in Transport,1,Yes,19,Other location within Interchange Area,1,Not an Intersection,0,None,,,4,On Roadside,3,Dark - Lighted,,,,,2,Rain,0,No,0000000,Not Applicable,19,7:00pm-7:59pm,53,53,19,7:00pm-7:59pm,53,53,88,"Not Applicable (Not Transported) ",88,Not Applicable (Not Transported),,,,,,,1,
2021,27,270071,Minnesota,2,2,0,0,0,3,3,5,BECKER (5),0,NOT APPLICABLE,3,3,4,April,2021,7,Saturday,18,6:00pm-6:59pm,56,56,0,This section IS NOT on the NHS,1,Rural,7,Local,2,County Highway Agency,4,County Road,CR-112,,16,16,47.13591944,47.13591944,-95.794755560,-95.794755560,3,Indian Reservation,12,Motor Vehicle In-Transport,2,Front-to-Front,0,No,1,Non-Junction,1,Not an Intersection,0,None,,,1,On Roadway,1,Daylight,,,,,1,Clear,0,No,0000000,Not Applicable,18,6:00pm-6:59pm,58,58,19,7:00pm-7:59pm,12,12,99,Unknown,99,Unknown EMS Hospital Arrival Time,,,,,,,1,
2021,27,270072,Minnesota,2,2,0,0,0,2,2,75,LAKE (75),0,NOT APPLICABLE,29,29,3,March,2021,2,Monday,11,11:00am-11:59am,3,3,0,This section IS NOT on the NHS,1,Rural,5,Major Collector,2,County Highway Agency,4,County Road,CR-2,,21,21,47.05662222,47.05662222,-91.667455560,-91.667455560,0,No Special Jurisdiction,12,Motor Vehicle In-Transport,2,Front-to-Front,0,No,1,Non-Junction,1,Not an Intersection,0,None,,,1,On Roadway,1,Daylight,,,,,1,Clear,0,No,0000000,Not Applicable,11,11:00am-11:59am,3,3,11,11:00am-11:59am,9,9,88,"Not Applicable (Not Transported) ",88,Not Applicable (Not Transported),,,,,,,1,
2021,27,270073,Minnesota,2,2,0,0,0,2,2,61,ITASCA (61),1010,CALUMET,24,24,3,March,2021,4,Wednesday,10,10:00am-10:59am,59,59,1,This section IS ON the NHS,1,Rural,3,Principal Arterial - Other,1,State Highway Agency,2,U.S. Highway,US-169,,3170,3170,47.32420278,47.32420278,-93.258205560,-93.258205560,0,No Special Jurisdiction,12,Motor Vehicle In-Transport,2,Front-to-Front,0,No,1,Non-Junction,1,Not an Intersection,0,None,,,1,On Roadway,1,Daylight,,,,,4,Snow,0,No,0000000,Not Applicable,11,11:00am-11:59am,2,2,11,11:00am-11:59am,11,11,88,"Not Applicable (Not Transported) ",88,Not Applicable (Not Transported),,,,,,,1,
2021,27,270074,Minnesota,1,1,0,0,0,2,2,49,GOODHUE (49),0,NOT APPLICABLE,4,4,4,April,2021,1,Sunday,2,2:00am-2:59am,44,44,1,This section IS ON the NHS,1,Rural,3,Principal Arterial - Other,1,State Highway Agency,2,U.S. Highway,US-52,,921,921,44.42320000,44.42320000,-92.877205560,-92.877205560,0,No Special Jurisdiction,1,Rollover/Overturn,0,The First Harmful Event was Not a Collision with a Motor Vehicle in Transport,0,No,1,Non-Junction,1,Not an Intersection,0,None,,,3,On Median,2,Dark - Not Lighted,,,,,1,Clear,0,No,0000000,Not Applicable,2,2:00am-2:59am,47,47,2,2:00am-2:59am,59,59,3,3:00am-3:59am,32,32,,,,,,,1,
2021,27,270075,Minnesota,2,2,0,0,0,3,3,85,MCLEOD (85),0,NOT APPLICABLE,7,7,4,April,2021,4,Wednesday,10,10:00am-10:59am,28,28,1,This section IS ON the NHS,1,Rural,3,Principal Arterial - Other,1,State Highway Agency,3,State Highway,SR-15,CR-18 150TH ST,968,968,44.83416667,44.83416667,-94.375716670,-94.375716670,0,No Special Jurisdiction,12,Motor Vehicle In-Transport,6,Angle,0,No,2,Intersection,3,T-Intersection,0,None,,,1,On Roadway,1,Daylight,,,,,2,Rain,0,No,0000000,Not Applicable,10,10:00am-10:59am,28,28,10,10:00am-10:59am,38,38,10,10:00am-10:59am,52,52,,,,,,,1,
2021,27,270076,Minnesota,2,2,0,0,0,3,3,53,HENNEPIN (53),5113,NEW HOPE,5,5,4,April,2021,2,Monday,15,3:00pm-3:59pm,5,5,0,This section IS NOT on the NHS,2,Urban,4,Minor Arterial,4,City or Municipal Highway Agency,6,Local Street - Municipality,WINNETKA AVE,,1,1,45.05668056,45.05668056,-93.380436110,-93.380436110,0,No Special Jurisdiction,12,Motor Vehicle In-Transport,6,Angle,0,No,8,Driveway Access Related,1,Not an Intersection,0,None,,,1,On Roadway,1,Daylight,,,,,1,Clear,0,No,0000000,Not Applicable,15,3:00pm-3:59pm,6,6,15,3:00pm-3:59pm,11,11,15,3:00pm-3:59pm,29,29,,,,,,,1,
2021,27,270077,Minnesota,2,2,0,0,0,2,2,139,SCOTT (139),6450,SAVAGE,9,9,4,April,2021,6,Friday,9,9:00am-9:59am,18,18,0,This section IS NOT on the NHS,2,Urban,4,Minor Arterial,2,County Highway Agency,4,County Road,CR-27 DAKOTA AVE,CR-42 EGAN DR,145,145,44.74643333,44.74643333,-93.359033330,-93.359033330,0,No Special Jurisdiction,12,Motor Vehicle In-Transport,6,Angle,0,No,3,Intersection-Related,2,Four-Way Intersection,0,None,,,1,On Roadway,1,Daylight,,,,,2,Rain,0,No,0000000,Not Applicable,9,9:00am-9:59am,18,18,9,9:00am-9:59am,28,28,88,"Not Applicable (Not Transported) ",88,Not Applicable (Not Transported),,,,,,,1,
2021,27,270078,Minnesota,2,2,0,0,0,2,2,37,DAKOTA (37),0,NOT APPLICABLE,12,12,4,April,2021,2,Monday,7,7:00am-7:59am,40,40,1,This section IS ON the NHS,1,Rural,3,Principal Arterial - Other,1,State Highway Agency,3,State Highway,SR-316 POLK AVE,,30,30,44.64454167,44.64454167,-92.772291670,-92.772291670,0,No Special Jurisdiction,12,Motor Vehicle In-Transport,8,Sideswipe - Opposite Direction,0,No,1,Non-Junction,1,Not an Intersection,0,None,,,1,On Roadway,1,Daylight,,,,,10,Cloudy,0,No,0000000,Not Applicable,7,7:00am-7:59am,35,35,7,7:00am-7:59am,44,44,88,"Not Applicable (Not Transported) ",88,Not Applicable (Not Transported),,,,,,,1,
2021,27,270079,Minnesota,1,1,0,0,0,1,1,35,CROW WING (35),0,NOT APPLICABLE,10,10,4,April,2021,7,Saturday,20,8:00pm-8:59pm,10,10,0,This section IS NOT on the NHS,1,Rural,5,Major Collector,2,County Highway Agency,4,County Road,CR-11,,264,264,46.57176389,46.57176389,-93.873516670,-93.873516670,0,No Special Jurisdiction,1,Rollover/Overturn,0,The First Harmful Event was Not a Collision with a Motor Vehicle in Transport,0,No,1,Non-Junction,1,Not an Intersection,0,None,,,4,On Roadside,5,Dusk,,,,,10,Cloudy,0,No,0000000,Not Applicable,20,8:00pm-8:59pm,15,15,20,8:00pm-8:59pm,25,25,88,"Not Applicable (Not Transported) ",88,Not Applicable (Not Transported),,,,,,,1,
2021,27,270081,Minnesota,2,2,0,0,0,2,2,9,BENTON (9),0,NOT APPLICABLE,12,12,4,April,2021,2,Monday,18,6:00pm-6:59pm,26,26,1,This section IS ON the NHS,1,Rural,3,Principal Arterial - Other,1,State Highway Agency,3,State Highway,SR-23,,2195,2195,45.66996389,45.66996389,-93.895025000,-93.895025000,0,No Special Jurisdiction,12,Motor Vehicle In-Transport,2,Front-to-Front,0,No,1,Non-Junction,1,Not an Intersection,0,None,,,1,On Roadway,1,Daylight,,,,,10,Cloudy,0,No,0000000,Not Applicable,18,6:00pm-6:59pm,28,28,18,6:00pm-6:59pm,42,42,88,"Not Applicable (Not Transported) ",88,Not Applicable (Not Transported),,,,,,,2,
2021,27,270082,Minnesota,1,1,0,0,0,1,1,137,ST LOUIS (137),0,NOT APPLICABLE,13,13,4,April,2021,3,Tuesday,23,11:00pm-11:59pm,35,35,0,This section IS NOT on the NHS,1,Rural,5,Major Collector,2,County Highway Agency,4,County Road,CR-7 INDUSTRIAL RD,CR-98 CANOSIA RD,0,None,46.89381111,46.89381111,-92.365116670,-92.365116670,0,No Special Jurisdiction,35,Embankment,0,The First Harmful Event was Not a Collision with a Motor Vehicle in Transport,0,No,3,Intersection-Related,3,T-Intersection,0,None,,,4,On Roadside,2,Dark - Not Lighted,,,,,4,Snow,0,No,0000000,Not Applicable,23,11:00pm-11:59pm,39,39,23,11:00pm-11:59pm,47,47,88,"Not Applicable (Not Transported) ",88,Not Applicable (Not Transported),,,,,,,1,
2021,27,270083,Minnesota,1,1,0,0,0,1,1,25,CHISAGO (25),0,NOT APPLICABLE,11,11,4,April,2021,1,Sunday,23,11:00pm-11:59pm,35,35,0,This section IS NOT on the NHS,1,Rural,5,Major Collector,2,County Highway Agency,4,County Road,CR-19 STACY TR N,,38,38,45.40428056,45.40428056,-92.952916670,-92.952916670,0,No Special Jurisdiction,1,Rollover/Overturn,0,The First Harmful Event was Not a Collision with a Motor Vehicle in Transport,0,No,1,Non-Junction,1,Not an Intersection,0,None,,,4,On Roadside,2,Dark - Not Lighted,,,,,99,Reported as Unknown,0,No,0000000,Not Applicable,23,11:00pm-11:59pm,35,35,23,11:00pm-11:59pm,45,45,0,0:00am-0:59am,50,50,,,,,,,1,
2021,27,270084,Minnesota,4,4,0,0,0,4,4,53,HENNEPIN (53),5910,RICHFIELD,15,15,4,April,2021,5,Thursday,10,10:00am-10:59am,7,7,1,This section IS ON the NHS,2,Urban,2,Principal Arterial - Other Freeways and Expressways,1,State Highway Agency,3,State Highway,SR-62,,1418,1418,44.89063056,44.89063056,-93.269877780,-93.269877780,0,No Special Jurisdiction,12,Motor Vehicle In-Transport,1,Front-to-Rear,1,Yes,18,Through Roadway,1,Not an Intersection,3,Utility,,,1,On Roadway,1,Daylight,,,,,10,Cloudy,0,No,0000000,Not Applicable,10,10:00am-10:59am,7,7,10,10:00am-10:59am,9,9,10,10:00am-10:59am,59,59,,,,,,,1,
2021,27,270086,Minnesota,1,1,0,1,1,1,1,171,WRIGHT (171),4860,MONTICELLO,12,12,4,April,2021,2,Monday,7,7:00am-7:59am,43,43,1,This section IS ON the NHS,2,Urban,1,Interstate,1,State Highway Agency,3,State Highway,SR-25,"I-94 RAMP ",674,674,45.29934167,45.29934167,-93.798530560,-93.798530560,0,No Special Jurisdiction,9,Pedalcyclist,0,The First Harmful Event was Not a Collision with a Motor Vehicle in Transport,1,Yes,3,Intersection-Related,2,Four-Way Intersection,0,None,,,1,On Roadway,1,Daylight,,,,,10,Cloudy,0,No,0000000,Not Applicable,7,7:00am-7:59am,43,43,7,7:00am-7:59am,53,53,88,"Not Applicable (Not Transported) ",88,Not Applicable (Not Transported),,,,,,,1,
2021,27,270087,Minnesota,1,1,0,2,2,1,1,53,HENNEPIN (53),3410,HOPKINS,16,16,4,April,2021,6,Friday,18,6:00pm-6:59pm,55,55,0,This section IS NOT on the NHS,2,Urban,7,Local,4,City or Municipal Highway Agency,6,Local Street - Municipality,MAIN ST,,4,4,44.92429167,44.92429167,-93.418933330,-93.418933330,0,No Special Jurisdiction,30,Utility Pole/Light Support,0,The First Harmful Event was Not a Collision with a Motor Vehicle in Transport,0,No,1,Non-Junction,1,Not an Intersection,0,None,,,4,On Roadside,1,Daylight,,,,,1,Clear,0,No,0000000,Not Applicable,18,6:00pm-6:59pm,55,55,19,7:00pm-7:59pm,0,0,88,"Not Applicable (Not Transported) ",88,Not Applicable (Not Transported),,,,,,,1,
2021,27,270088,Minnesota,2,2,0,0,0,2,2,171,WRIGHT (171),4860,MONTICELLO,16,16,4,April,2021,6,Friday,10,10:00am-10:59am,39,39,1,This section IS ON the NHS,2,Urban,1,Interstate,1,State Highway Agency,1,Interstate,I-94,,1938,1938,45.30032500,45.30032500,-93.809513890,-93.809513890,0,No Special Jurisdiction,12,Motor Vehicle In-Transport,7,Sideswipe - Same Direction,0,No,1,Non-Junction,1,Not an Intersection,1,Construction,,,1,On Roadway,1,Daylight,,,,,1,Clear,0,No,0000000,Not Applicable,10,10:00am-10:59am,39,39,10,10:00am-10:59am,44,44,88,"Not Applicable (Not Transported) ",88,Not Applicable (Not Transported),,,,,,,1,
2021,27,270089,Minnesota,2,2,0,0,0,2,2,103,NICOLLET (103),0,NOT APPLICABLE,31,31,3,March,2021,4,Wednesday,6,6:00am-6:59am,18,18,1,This section IS ON the NHS,1,Rural,3,Principal Arterial - Other,1,State Highway Agency,2,U.S. Highway,US-169,,702,702,44.38691667,44.38691667,-93.968577780,-93.968577780,0,No Special Jurisdiction,12,Motor Vehicle In-Transport,1,Front-to-Rear,0,No,1,Non-Junction,1,Not an Intersection,0,None,,,1,On Roadway,2,Dark - Not Lighted,,,,,10,Cloudy,0,No,0000000,Not Applicable,6,6:00am-6:59am,19,19,6,6:00am-6:59am,27,27,88,"Not Applicable (Not Transported) ",88,Not Applicable (Not Transported),,,,,,,1,
2021,27,270090,Minnesota,1,1,0,0,0,3,3,53,HENNEPIN (53),4760,MINNEAPOLIS,18,18,4,April,2021,1,Sunday,21,9:00pm-9:59pm,39,39,1,This section IS ON the NHS,2,Urban,1,Interstate,1,State Highway Agency,1,Interstate,I-94,,2328,2328,44.96490556,44.96490556,-93.287147220,-93.287147220,0,No Special Jurisdiction,25,Concrete Traffic Barrier,0,The First Harmful Event was Not a Collision with a Motor Vehicle in Transport,0,No,1,Non-Junction,1,Not an Intersection,0,None,,,3,On Median,3,Dark - Lighted,,,,,10,Cloudy,0,No,0000000,Not Applicable,21,9:00pm-9:59pm,39,39,21,9:00pm-9:59pm,44,44,21,9:00pm-9:59pm,55,55,,,,,,,2,
2021,27,270091,Minnesota,1,1,0,0,0,1,1,67,KANDIYOHI (67),0,NOT APPLICABLE,20,20,4,April,2021,3,Tuesday,11,11:00am-11:59am,56,56,0,This section IS NOT on the NHS,1,Rural,6,Minor Collector,2,County Highway Agency,4,County Road,CR-4,,124,124,45.11723333,45.11723333,-94.838800000,-94.838800000,0,No Special Jurisdiction,42,Tree (Standing Only),0,The First Harmful Event was Not a Collision with a Motor Vehicle in Transport,0,No,1,Non-Junction,1,Not an Intersection,0,None,,,4,On Roadside,1,Daylight,,,,,1,Clear,0,No,0000000,Not Applicable,11,11:00am-11:59am,58,58,12,12:00pm-12:59pm,7,7,88,"Not Applicable (Not Transported) ",88,Not Applicable (Not Transported),,,,,,,1,
2021,27,270092,Minnesota,1,1,0,0,0,1,1,131,RICE (131),0,NOT APPLICABLE,17,17,4,April,2021,7,Saturday,1,1:00am-1:59am,20,20,0,This section IS NOT on the NHS,1,Rural,6,Minor Collector,2,County Highway Agency,4,County Road,CR-16 IONA AVE,,42,42,44.25039167,44.25039167,-93.457091670,-93.457091670,0,No Special Jurisdiction,1,Rollover/Overturn,0,The First Harmful Event was Not a Collision with a Motor Vehicle in Transport,0,No,1,Non-Junction,1,Not an Intersection,0,None,,,4,On Roadside,2,Dark - Not Lighted,,,,,1,Clear,0,No,0000000,Not Applicable,1,1:00am-1:59am,20,20,1,1:00am-1:59am,34,34,88,"Not Applicable (Not Transported) ",88,Not Applicable (Not Transported),,,,,,,1,
2021,27,270093,Minnesota,1,1,0,0,0,1,1,21,CASS (21),0,NOT APPLICABLE,16,16,4,April,2021,6,Friday,23,11:00pm-11:59pm,49,49,0,This section IS NOT on the NHS,1,Rural,7,Local,2,County Highway Agency,4,County Road,CR-145 140TH ST NW,,5,5,47.30846389,47.30846389,-94.653041670,-94.653041670,3,Indian Reservation,1,Rollover/Overturn,0,The First Harmful Event was Not a Collision with a Motor Vehicle in Transport,0,No,1,Non-Junction,1,Not an Intersection,0,None,,,4,On Roadside,2,Dark - Not Lighted,,,,,10,Cloudy,0,No,0000000,Not Applicable,23,11:00pm-11:59pm,49,49,0,0:00am-0:59am,2,2,88,"Not Applicable (Not Transported) ",88,Not Applicable (Not Transported),,,,,,,1,
2021,27,270094,Minnesota,1,1,0,0,0,1,1,19,CARVER (19),0,NOT APPLICABLE,2,2,4,April,2021,6,Friday,18,6:00pm-6:59pm,35,35,0,This section IS NOT on the NHS,1,Rural,4,Minor Arterial,2,County Highway Agency,4,County Road,CR-40,,6,6,44.64710556,44.64710556,-93.758113890,-93.758113890,0,No Special Jurisdiction,34,Ditch,0,The First Harmful Event was Not a Collision with a Motor Vehicle in Transport,0,No,1,Non-Junction,1,Not an Intersection,0,None,,,4,On Roadside,1,Daylight,,,,,1,Clear,0,No,0000000,Not Applicable,18,6:00pm-6:59pm,35,35,18,6:00pm-6:59pm,40,40,19,7:00pm-7:59pm,45,45,,,,,,,1,
2021,27,270095,Minnesota,2,2,0,0,0,2,2,41,DOUGLAS (41),0,NOT APPLICABLE,22,22,4,April,2021,5,Thursday,21,9:00pm-9:59pm,45,45,0,This section IS NOT on the NHS,1,Rural,4,Minor Arterial,1,State Highway Agency,3,State Highway,SR-55,,508,508,45.78595556,45.78595556,-95.715088890,-95.715088890,0,No Special Jurisdiction,12,Motor Vehicle In-Transport,2,Front-to-Front,0,No,1,Non-Junction,1,Not an Intersection,0,None,,,1,On Roadway,1,Daylight,,,,,10,Cloudy,0,No,0000000,Not Applicable,21,9:00pm-9:59pm,47,47,21,9:00pm-9:59pm,52,52,88,"Not Applicable (Not Transported) ",88,Not Applicable (Not Transported),,,,,,,2,
2021,27,270096,Minnesota,1,1,0,1,1,1,1,53,HENNEPIN (53),5732,PLYMOUTH,26,26,4,April,2021,2,Monday,11,11:00am-11:59am,3,3,1,This section IS ON the NHS,2,Urban,1,Interstate,1,State Highway Agency,3,State Highway,SR-55,I-494 RAMP,1804,1804,45.01151944,45.01151944,-93.458552780,-93.458552780,0,No Special Jurisdiction,15,Non-Motorist on Personal Conveyance,0,The First Harmful Event was Not a Collision with a Motor Vehicle in Transport,1,Yes,3,Intersection-Related,2,Four-Way Intersection,0,None,,,1,On Roadway,1,Daylight,,,,,10,Cloudy,0,No,0000000,Not Applicable,11,11:00am-11:59am,4,4,11,11:00am-11:59am,10,10,88,"Not Applicable (Not Transported) ",88,Not Applicable (Not Transported),,,,,,,1,
2021,27,270097,Minnesota,1,1,0,1,1,3,3,53,HENNEPIN (53),5732,PLYMOUTH,28,28,4,April,2021,4,Wednesday,20,8:00pm-8:59pm,55,55,0,This section IS NOT on the NHS,2,Urban,4,Minor Arterial,2,County Highway Agency,4,County Road,CR-24,,69,69,45.01722222,45.01722222,-93.498486110,-93.498486110,0,No Special Jurisdiction,8,Pedestrian,0,The First Harmful Event was Not a Collision with a Motor Vehicle in Transport,0,No,1,Non-Junction,1,Not an Intersection,0,None,,,2,On Shoulder,2,Dark - Not Lighted,,,,,1,Clear,0,No,0000000,Not Applicable,20,8:00pm-8:59pm,55,55,21,9:00pm-9:59pm,0,0,21,9:00pm-9:59pm,25,25,,,,,,,1,
2021,27,270098,Minnesota,2,2,0,0,0,3,3,153,TODD (153),0,NOT APPLICABLE,21,21,4,April,2021,4,Wednesday,9,9:00am-9:59am,45,45,0,This section IS NOT on the NHS,1,Rural,5,Major Collector,2,County Highway Agency,4,County Road,CR-14,CR-11,90,90,46.07771389,46.07771389,-94.958475000,-94.958475000,0,No Special Jurisdiction,12,Motor Vehicle In-Transport,6,Angle,0,No,2,Intersection,2,Four-Way Intersection,0,None,,,1,On Roadway,1,Daylight,,,,,10,Cloudy,0,No,0000000,Not Applicable,9,9:00am-9:59am,46,46,9,9:00am-9:59am,56,56,11,11:00am-11:59am,28,28,,,,,,,2,
2021,27,270099,Minnesota,1,1,0,0,0,2,2,137,ST LOUIS (137),3280,HIBBING,1,1,5,May,2021,7,Saturday,15,3:00pm-3:59pm,4,4,0,This section IS NOT on the NHS,2,Urban,7,Local,4,City or Municipal Highway Agency,6,Local Street - Municipality,BROOKLYN DR,,4,4,47.41898889,47.41898889,-92.924650000,-92.924650000,0,No Special Jurisdiction,1,Rollover/Overturn,0,The First Harmful Event was Not a Collision with a Motor Vehicle in Transport,0,No,8,Driveway Access Related,1,Not an Intersection,0,None,,,1,On Roadway,1,Daylight,,,,,1,Clear,0,No,0000000,Not Applicable,15,3:00pm-3:59pm,5,5,15,3:00pm-3:59pm,7,7,15,3:00pm-3:59pm,25,25,,,,,,,1,
2021,27,270100,Minnesota,1,1,0,0,0,1,1,95,MILLE LACS (95),0,NOT APPLICABLE,30,30,4,April,2021,6,Friday,13,1:00pm-1:59pm,58,58,0,This section IS NOT on the NHS,1,Rural,5,Major Collector,2,County Highway Agency,4,County Road,"CR-7 160TH AVE ",,54,54,45.63770833,45.63770833,-93.738616670,-93.738616670,0,No Special Jurisdiction,1,Rollover/Overturn,0,The First Harmful Event was Not a Collision with a Motor Vehicle in Transport,0,No,1,Non-Junction,1,Not an Intersection,0,None,,,4,On Roadside,1,Daylight,,,,,1,Clear,0,No,0000000,Not Applicable,14,2:00pm-2:59pm,2,2,14,2:00pm-2:59pm,12,12,88,"Not Applicable (Not Transported) ",88,Not Applicable (Not Transported),,,,,,,1,
2021,27,270101,Minnesota,1,1,0,0,0,1,1,123,RAMSEY (123),6330,ST. PAUL,3,3,5,May,2021,2,Monday,1,1:00am-1:59am,0,0,0,This section IS NOT on the NHS,2,Urban,4,Minor Arterial,2,County Highway Agency,4,County Road,CR-31 MARYLAND AVE,,59,59,44.97699167,44.97699167,-93.047533330,-93.047533330,0,No Special Jurisdiction,1,Rollover/Overturn,0,The First Harmful Event was Not a Collision with a Motor Vehicle in Transport,0,No,1,Non-Junction,1,Not an Intersection,0,None,,,5,Outside Trafficway,3,Dark - Lighted,,,,,1,Clear,0,No,0000000,Not Applicable,1,1:00am-1:59am,0,0,1,1:00am-1:59am,5,5,88,"Not Applicable (Not Transported) ",88,Not Applicable (Not Transported),,,,,,,1,
2021,27,270102,Minnesota,1,1,0,0,0,1,1,85,MCLEOD (85),0,NOT APPLICABLE,1,1,5,May,2021,7,Saturday,5,5:00am-5:59am,47,47,0,This section IS NOT on the NHS,1,Rural,5,Major Collector,2,County Highway Agency,4,County Road,CR-2,,117,117,44.87780833,44.87780833,-94.181213890,-94.181213890,0,No Special Jurisdiction,1,Rollover/Overturn,0,The First Harmful Event was Not a Collision with a Motor Vehicle in Transport,0,No,1,Non-Junction,1,Not an Intersection,0,None,,,5,Outside Trafficway,4,Dawn,,,,,1,Clear,0,No,0000000,Not Applicable,5,5:00am-5:59am,49,49,5,5:00am-5:59am,56,56,88,"Not Applicable (Not Transported) ",88,Not Applicable (Not Transported),,,,,,,1,