caseyear,state,st_case,statename,ve_total,ve_forms,pvh_invl,peds,pernotmvit,permvit,persons,county,countyname,city,cityname,day,dayname,month,monthname,year,day_week,day_weekname,hour,hourname,minute,minutename,nhs,nhsname,rur_urb,rur_urbname,func_sys,func_sysname,rd_owner,rd_ownername,route,routename,tway_id,tway_id2,milept,mileptname,latitude,latitudename,longitud,longitudname,sp_jur,sp_jurname,harm_ev,harm_evname,man_coll,man_collname,reljct1,reljct1name,reljct2,reljct2name,typ_int,typ_intname,wrk_zone,wrk_zonename,road_fnc,road_fncname,rel_road,rel_roadname,lgt_cond,lgt_condname,weather1,weather1name,weather2,weather2name,weather,weathername,sch_bus,sch_busname,rail,railname,not_hour,not_hourname,not_min,not_minname,arr_hour,arr_hourname,arr_min,arr_minname,hosp_hr,hosp_hrname,hosp_mn,hosp_mnname,cf1,cf1name,cf2,cf2name,cf3,cf3name,fatals,drunk_dr
2021,27,270103,Minnesota,1,1,0,0,0,1,1,21,CASS (21),0,NOT APPLICABLE,2,2,5,May,2021,1,Sunday,1,1:00am-1:59am,31,31,0,This section IS NOT on the NHS,1,Rural,7,Local,3,Town or Township Highway Agency,5,Local Street - Township,44TH AVE SW,,11,11,46.79271111,46.79271111,-94.513147220,-94.513147220,0,No Special Jurisdiction,35,Embankment,0,The First Harmful Event was Not a Collision with a Motor Vehicle in Transport,0,No,1,Non-Junction,1,Not an Intersection,0,None,,,4,On Roadside,2,Dark - Not Lighted,,,,,1,Clear,0,No,0000000,Not Applicable,1,1:00am-1:59am,10,10,1,1:00am-1:59am,40,40,88,"Not Applicable (Not Transported) ",88,Not Applicable (Not Transported),,,,,,,1,
2021,27,270104,Minnesota,1,1,0,0,0,1,1,49,GOODHUE (49),5840,RED WING,4,4,5,May,2021,3,Tuesday,23,11:00pm-11:59pm,56,56,0,This section IS NOT on the NHS,2,Urban,5,Major Collector,4,City or Municipal Highway Agency,6,Local Street - Municipality,STURGEON LAKE RD,NSP RD,5,5,44.62950556,44.62950556,-92.662430560,-92.662430560,0,No Special Jurisdiction,1,Rollover/Overturn,0,The First Harmful Event was Not a Collision with a Motor Vehicle in Transport,0,No,2,Intersection,3,T-Intersection,0,None,,,1,On Roadway,3,Dark - Lighted,,,,,1,Clear,0,No,0000000,Not Applicable,23,11:00pm-11:59pm,58,58,0,0:00am-0:59am,1,1,0,0:00am-0:59am,15,15,,,,,,,1,
2021,27,270105,Minnesota,1,1,0,0,0,1,1,119,POLK (119),0,NOT APPLICABLE,30,30,4,April,2021,6,Friday,12,12:00pm-12:59pm,26,26,1,This section IS ON the NHS,1,Rural,3,Principal Arterial - Other,1,State Highway Agency,2,U.S. Highway,US-2,,70,70,47.88999444,47.88999444,-96.933611110,-96.933611110,0,No Special Jurisdiction,31,"Post, Pole or Other Supports",0,The First Harmful Event was Not a Collision with a Motor Vehicle in Transport,0,No,1,Non-Junction,1,Not an Intersection,0,None,,,5,Outside Trafficway,1,Daylight,,,,,10,Cloudy,0,No,0000000,Not Applicable,12,12:00pm-12:59pm,26,26,12,12:00pm-12:59pm,34,34,88,"Not Applicable (Not Transported) ",88,Not Applicable (Not Transported),,,,,,,1,
2021,27,270106,Minnesota,1,1,0,0,0,1,1,115,PINE (115),5967,ROCK CREEK,5,5,5,May,2021,4,Wednesday,6,6:00am-6:59am,35,35,0,This section IS NOT on the NHS,1,Rural,6,Minor Collector,2,County Highway Agency,4,County Road,CR-2 560TH ST,,18,18,45.75896389,45.75896389,-92.924308330,-92.924308330,0,No Special Jurisdiction,3,Immersion or Partial Immersion,0,The First Harmful Event was Not a Collision with a Motor Vehicle in Transport,0,No,1,Non-Junction,1,Not an Intersection,0,None,,,4,On Roadside,9,Reported as Unknown,,,,,99,Reported as Unknown,0,No,0000000,Not Applicable,6,6:00am-6:59am,35,35,6,6:00am-6:59am,45,45,88,"Not Applicable (Not Transported) ",88,Not Applicable (Not Transported),,,,,,,1,
2021,27,270107,Minnesota,1,1,0,0,0,1,1,151,SWIFT (151),0,NOT APPLICABLE,3,3,5,May,2021,2,Monday,8,8:00am-8:59am,53,53,0,This section IS NOT on the NHS,1,Rural,4,Minor Arterial,1,State Highway Agency,2,U.S. Highway,US-12 30TH ST SW,,222,222,45.28296667,45.28296667,-96.012661110,-96.012661110,0,No Special Jurisdiction,1,Rollover/Overturn,0,The First Harmful Event was Not a Collision with a Motor Vehicle in Transport,0,No,1,Non-Junction,1,Not an Intersection,0,None,,,4,On Roadside,1,Daylight,,,,,6,Severe Crosswinds,0,No,0000000,Not Applicable,8,8:00am-8:59am,56,56,9,9:00am-9:59am,15,15,9,9:00am-9:59am,49,49,,,,,,,1,
2021,27,270108,Minnesota,1,1,0,0,0,1,1,145,STEARNS (145),0,NOT APPLICABLE,1,1,5,May,2021,7,Saturday,15,3:00pm-3:59pm,0,0,0,This section IS NOT on the NHS,1,Rural,5,Major Collector,2,County Highway Agency,4,County Road,CR-54,,4,4,45.62898889,45.62898889,-94.556130560,-94.556130560,0,No Special Jurisdiction,53,Mail Box,0,The First Harmful Event was Not a Collision with a Motor Vehicle in Transport,0,No,1,Non-Junction,1,Not an Intersection,0,None,,,4,On Roadside,1,Daylight,,,,,1,Clear,0,No,0000000,Not Applicable,15,3:00pm-3:59pm,0,0,15,3:00pm-3:59pm,0,0,88,"Not Applicable (Not Transported) ",88,Not Applicable (Not Transported),,,,,,,1,
2021,27,270109,Minnesota,1,1,0,0,0,4,4,53,HENNEPIN (53),4495,MAPLE GROVE,8,8,5,May,2021,7,Saturday,6,6:00am-6:59am,54,54,0,This section IS NOT on the NHS,2,Urban,4,Minor Arterial,4,City or Municipal Highway Agency,6,Local Street - Municipality,DUNKIRK LN,,2,2,45.09553889,45.09553889,-93.499636110,-93.499636110,0,No Special Jurisdiction,42,Tree (Standing Only),0,The First Harmful Event was Not a Collision with a Motor Vehicle in Transport,0,No,1,Non-Junction,1,Not an Intersection,0,None,,,4,On Roadside,1,Daylight,,,,,1,Clear,0,No,0000000,Not Applicable,6,6:00am-6:59am,56,56,7,7:00am-7:59am,1,1,7,7:00am-7:59am,41,41,,,,,,,3,
2021,27,270110,Minnesota,2,2,0,0,0,2,2,21,CASS (21),0,NOT APPLICABLE,7,7,5,May,2021,6,Friday,17,5:00pm-5:59pm,52,52,1,This section IS ON the NHS,1,Rural,3,Principal Arterial - Other,1,State Highway Agency,3,State Highway,SR-371,,737,737,46.93857778,46.93857778,-94.522258330,-94.522258330,0,No Special Jurisdiction,12,Motor Vehicle In-Transport,2,Front-to-Front,0,No,1,Non-Junction,1,Not an Intersection,0,None,,,1,On Roadway,1,Daylight,,,,,1,Clear,0,No,0000000,Not Applicable,17,5:00pm-5:59pm,55,55,18,6:00pm-6:59pm,0,0,18,6:00pm-6:59pm,40,40,,,,,,,1,
2021,27,270111,Minnesota,2,1,1,1,1,2,2,53,HENNEPIN (53),4495,MAPLE GROVE,14,14,4,April,2021,4,Wednesday,4,4:00am-4:59am,45,45,1,This section IS ON the NHS,2,Urban,2,Principal Arterial - Other Freeways and Expressways,1,State Highway Agency,2,U.S. Highway,US-169,,1352,1352,45.08269722,45.08269722,-93.402247220,-93.402247220,0,No Special Jurisdiction,8,Pedestrian,0,The First Harmful Event was Not a Collision with a Motor Vehicle in Transport,1,Yes,19,Other location within Interchange Area,1,Not an Intersection,0,None,,,2,On Shoulder,3,Dark - Lighted,,,,,4,Snow,0,No,0000000,Not Applicable,4,4:00am-4:59am,45,45,4,4:00am-4:59am,45,45,5,5:00am-5:59am,0,0,,,,,,,1,
2021,27,270112,Minnesota,1,1,0,0,0,1,1,53,HENNEPIN (53),2750,GOLDEN VALLEY,11,11,5,May,2021,3,Tuesday,5,5:00am-5:59am,33,33,0,This section IS NOT on the NHS,2,Urban,4,Minor Arterial,2,County Highway Agency,4,County Road,CR-40 GLENWOOD AVE N,,27,27,44.98092222,44.98092222,-93.318736110,-93.318736110,0,No Special Jurisdiction,31,"Post, Pole or Other Supports",0,The First Harmful Event was Not a Collision with a Motor Vehicle in Transport,0,No,1,Non-Junction,1,Not an Intersection,0,None,,,6,Off Roadway-Location Unknown,4,Dawn,,,,,1,Clear,0,No,0000000,Not Applicable,5,5:00am-5:59am,37,37,5,5:00am-5:59am,46,46,88,"Not Applicable (Not Transported) ",88,Not Applicable (Not Transported),,,,,,,1,
2021,27,270113,Minnesota,3,3,0,0,0,3,3,145,STEARNS (145),0,NOT APPLICABLE,12,12,5,May,2021,4,Wednesday,8,8:00am-8:59am,6,6,1,This section IS ON the NHS,1,Rural,1,Interstate,1,State Highway Agency,1,Interstate,I-94,,1442,1442,45.64083333,45.64083333,-94.630391670,-94.630391670,0,No Special Jurisdiction,12,Motor Vehicle In-Transport,2,Front-to-Front,0,No,1,Non-Junction,1,Not an Intersection,0,None,,,1,On Roadway,1,Daylight,,,,,1,Clear,0,No,0000000,Not Applicable,8,8:00am-8:59am,7,7,8,8:00am-8:59am,11,11,88,"Not Applicable (Not Transported) ",88,Not Applicable (Not Transported),,,,,,,1,
2021,27,270114,Minnesota,1,1,0,0,0,1,1,53,HENNEPIN (53),4760,MINNEAPOLIS,15,15,5,May,2021,7,Saturday,2,2:00am-2:59am,38,38,1,This section IS ON the NHS,2,Urban,1,Interstate,1,State Highway Agency,1,Interstate,I-94,,2312,2312,44.98731111,44.98731111,-93.288908330,-93.288908330,0,No Special Jurisdiction,1,Rollover/Overturn,0,The First Harmful Event was Not a Collision with a Motor Vehicle in Transport,0,No,1,Non-Junction,1,Not an Intersection,0,None,,,4,On Roadside,3,Dark - Lighted,,,,,1,Clear,0,No,0000000,Not Applicable,2,2:00am-2:59am,50,50,3,3:00am-3:59am,4,4,88,"Not Applicable (Not Transported) ",88,Not Applicable (Not Transported),,,,,,,1,
2021,27,270115,Minnesota,1,1,0,0,0,1,1,53,HENNEPIN (53),820,BROOKLYN CENTER,16,16,5,May,2021,1,Sunday,13,1:00pm-1:59pm,33,33,1,This section IS ON the NHS,2,Urban,1,Interstate,1,State Highway Agency,1,Interstate,I-694,SR-100,2312,2312,45.06990278,45.06990278,-93.293213890,-93.293213890,0,No Special Jurisdiction,1,Rollover/Overturn,0,The First Harmful Event was Not a Collision with a Motor Vehicle in Transport,1,Yes,3,Intersection-Related,4,Y-Intersection,0,None,,,1,On Roadway,1,Daylight,,,,,1,Clear,0,No,0000000,Not Applicable,13,1:00pm-1:59pm,34,34,13,1:00pm-1:59pm,43,43,13,1:00pm-1:59pm,57,57,,,,,,,1,
2021,27,270116,Minnesota,1,1,0,0,0,1,1,37,DAKOTA (37),3490,INVER GROVE HEIGHTS,6,6,5,May,2021,5,Thursday,19,7:00pm-7:59pm,27,27,0,This section IS NOT on the NHS,2,Urban,4,Minor Arterial,1,State Highway Agency,3,State Highway,SR-3 ROBERT TR S,,401,401,44.82657778,44.82657778,-93.084294440,-93.084294440,0,No Special Jurisdiction,59,"Traffic Sign Support ",0,The First Harmful Event was Not a Collision with a Motor Vehicle in Transport,0,No,1,Non-Junction,1,Not an Intersection,0,None,,,4,On Roadside,1,Daylight,,,,,1,Clear,0,No,0000000,Not Applicable,19,7:00pm-7:59pm,27,27,19,7:00pm-7:59pm,30,30,20,8:00pm-8:59pm,24,24,,,,,,,1,
2021,27,270117,Minnesota,2,2,0,0,0,2,2,101,MURRAY (101),0,NOT APPLICABLE,3,3,5,May,2021,2,Monday,22,10:00pm-10:59pm,46,46,1,This section IS ON the NHS,1,Rural,3,Principal Arterial - Other,1,State Highway Agency,2,U.S. Highway,US-59,,357,357,43.95704722,43.95704722,-95.654616670,-95.654616670,0,No Special Jurisdiction,12,Motor Vehicle In-Transport,2,Front-to-Front,0,No,1,Non-Junction,1,Not an Intersection,0,None,,,1,On Roadway,2,Dark - Not Lighted,,,,,1,Clear,0,No,0000000,Not Applicable,22,10:00pm-10:59pm,52,52,23,11:00pm-11:59pm,0,0,23,11:00pm-11:59pm,17,17,,,,,,,2,
2021,27,270118,Minnesota,1,1,0,0,0,1,1,143,SIBLEY (143),0,NOT APPLICABLE,11,11,5,May,2021,3,Tuesday,21,9:00pm-9:59pm,35,35,0,This section IS NOT on the NHS,1,Rural,5,Major Collector,2,County Highway Agency,4,County Road,CR-9 411TH AVE,,133,133,44.62797778,44.62797778,-94.091955560,-94.091955560,0,No Special Jurisdiction,11,Live Animal,0,The First Harmful Event was Not a Collision with a Motor Vehicle in Transport,0,No,1,Non-Junction,1,Not an Intersection,0,None,,,1,On Roadway,2,Dark - Not Lighted,,,,,1,Clear,0,No,0000000,Not Applicable,21,9:00pm-9:59pm,39,39,21,9:00pm-9:59pm,47,47,88,"Not Applicable (Not Transported) ",88,Not Applicable (Not Transported),,,,,,,1,
2021,27,270119,Minnesota,2,2,0,0,0,3,3,115,PINE (115),0,NOT APPLICABLE,14,14,5,May,2021,6,Friday,15,3:00pm-3:59pm,56,56,1,This section IS ON the NHS,1,Rural,1,Interstate,1,State Highway Agency,1,Interstate,I-35,,1821,1821,45.99606944,45.99606944,-92.939044440,-92.939044440,0,No Special Jurisdiction,1,Rollover/Overturn,0,The First Harmful Event was Not a Collision with a Motor Vehicle in Transport,0,No,1,Non-Junction,1,Not an Intersection,0,None,,,3,On Median,1,Daylight,,,,,10,Cloudy,0,No,0000000,Not Applicable,15,3:00pm-3:59pm,59,59,15,3:00pm-3:59pm,59,59,17,5:00pm-5:59pm,0,0,,,,,,,1,
2021,27,270120,Minnesota,2,1,1,0,2,1,3,53,HENNEPIN (53),4760,MINNEAPOLIS,19,19,5,May,2021,4,Wednesday,20,8:00pm-8:59pm,31,31,1,This section IS ON the NHS,2,Urban,1,Interstate,1,State Highway Agency,1,Interstate,I-35W,,135,135,44.91311111,44.91311111,-93.274913890,-93.274913890,0,No Special Jurisdiction,14,Parked Motor Vehicle,0,The First Harmful Event was Not a Collision with a Motor Vehicle in Transport,0,No,1,Non-Junction,1,Not an Intersection,2,Maintenance,,,2,On Shoulder,3,Dark - Lighted,,,,,2,Rain,0,No,0000000,Not Applicable,20,8:00pm-8:59pm,31,31,20,8:00pm-8:59pm,40,40,88,"Not Applicable (Not Transported) ",88,Not Applicable (Not Transported),,,,,,,1,
2021,27,270121,Minnesota,1,1,0,0,0,1,1,99,MOWER (99),0,NOT APPLICABLE,7,7,5,May,2021,6,Friday,11,11:00am-11:59am,56,56,1,This section IS ON the NHS,2,Urban,1,Interstate,1,State Highway Agency,1,Interstate,I-90,,1757,1757,43.67050000,43.67050000,-93.015544440,-93.015544440,0,No Special Jurisdiction,42,Tree (Standing Only),0,The First Harmful Event was Not a Collision with a Motor Vehicle in Transport,0,No,1,Non-Junction,1,Not an Intersection,0,None,,,4,On Roadside,1,Daylight,,,,,1,Clear,0,No,0000000,Not Applicable,11,11:00am-11:59am,56,56,12,12:00pm-12:59pm,0,0,12,12:00pm-12:59pm,10,10,,,,,,,1,
2021,27,270122,Minnesota,1,1,0,0,0,1,1,19,CARVER (19),0,NOT APPLICABLE,18,18,5,May,2021,3,Tuesday,21,9:00pm-9:59pm,10,10,0,This section IS NOT on the NHS,1,Rural,6,Minor Collector,2,County Highway Agency,4,County Road,CR-122,,39,39,44.94206111,44.94206111,-93.900711110,-93.900711110,0,No Special Jurisdiction,1,Rollover/Overturn,0,The First Harmful Event was Not a Collision with a Motor Vehicle in Transport,0,No,1,Non-Junction,1,Not an Intersection,0,None,,,4,On Roadside,9,Reported as Unknown,,,,,99,Reported as Unknown,0,No,0000000,Not Applicable,6,6:00am-6:59am,20,20,6,6:00am-6:59am,35,35,88,"Not Applicable (Not Transported) ",88,Not Applicable (Not Transported),,,,,,,1,
2021,27,270123,Minnesota,2,2,0,0,0,2,2,21,CASS (21),0,NOT APPLICABLE,5,5,5,May,2021,4,Wednesday,0,0:00am-0:59am,43,43,1,This section IS ON the NHS,1,Rural,3,Principal Arterial - Other,1,State Highway Agency,3,State Highway,SR-371,,996,996,47.26964722,47.26964722,-94.627319440,-94.627319440,3,Indian Reservation,12,Motor Vehicle In-Transport,2,Front-to-Front,0,No,1,Non-Junction,1,Not an Intersection,0,None,,,1,On Roadway,2,Dark - Not Lighted,,,,,10,Cloudy,0,No,0000000,Not Applicable,0,0:00am-0:59am,38,38,1,1:00am-1:59am,3,3,1,1:00am-1:59am,39,39,,,,,,,1,
2021,27,270124,Minnesota,1,1,0,0,0,1,1,111,OTTER TAIL (111),0,NOT APPLICABLE,23,23,5,May,2021,1,Sunday,18,6:00pm-6:59pm,10,10,0,This section IS NOT on the NHS,1,Rural,7,Local,3,Town or Township Highway Agency,5,Local Street - Township,430TH ST,,33,33,46.58619722,46.58619722,-96.006247220,-96.006247220,0,No Special Jurisdiction,59,"Traffic Sign Support ",0,The First Harmful Event was Not a Collision with a Motor Vehicle in Transport,0,No,1,Non-Junction,1,Not an Intersection,0,None,,,4,On Roadside,1,Daylight,,,,,1,Clear,0,No,0000000,Not Applicable,18,6:00pm-6:59pm,10,10,18,6:00pm-6:59pm,20,20,88,"Not Applicable (Not Transported) ",88,Not Applicable (Not Transported),,,,,,,1,
2021,27,270125,Minnesota,2,2,0,0,0,3,3,41,DOUGLAS (41),0,NOT APPLICABLE,23,23,5,May,2021,1,Sunday,5,5:00am-5:59am,23,23,0,This section IS NOT on the NHS,1,Rural,5,Major Collector,2,County Highway Agency,4,County Road,CR-10,CR-3,96,96,45.88556389,45.88556389,-95.169319440,-95.169319440,0,No Special Jurisdiction,12,Motor Vehicle In-Transport,6,Angle,0,No,2,Intersection,2,Four-Way Intersection,0,None,,,1,On Roadway,4,Dawn,,,,,1,Clear,0,No,0000000,Not Applicable,5,5:00am-5:59am,23,23,5,5:00am-5:59am,31,31,6,6:00am-6:59am,11,11,,,,,,,2,
2021,27,270126,Minnesota,1,1,0,0,0,1,1,143,SIBLEY (143),0,NOT APPLICABLE,15,15,5,May,2021,7,Saturday,12,12:00pm-12:59pm,52,52,0,This section IS NOT on the NHS,1,Rural,5,Major Collector,2,County Highway Agency,4,County Road,CR-4 521ST AVE,,116,116,44.61670000,44.61670000,-94.315533330,-94.315533330,0,No Special Jurisdiction,42,Tree (Standing Only),0,The First Harmful Event was Not a Collision with a Motor Vehicle in Transport,0,No,1,Non-Junction,1,Not an Intersection,0,None,,,4,On Roadside,1,Daylight,,,,,10,Cloudy,0,No,0000000,Not Applicable,12,12:00pm-12:59pm,54,54,13,1:00pm-1:59pm,2,2,88,"Not Applicable (Not Transported) ",88,Not Applicable (Not Transported),,,,,,,1,
2021,27,270127,Minnesota,1,1,0,1,1,1,1,123,RAMSEY (123),4974,MOUNDS VIEW,25,25,5,May,2021,3,Tuesday,13,1:00pm-1:59pm,17,17,0,This section IS NOT on the NHS,2,Urban,7,Local,2,County Highway Agency,4,County Road,CR-45 LONG LAKE RD,,41,41,45.11760000,45.11760000,-93.209058330,-93.209058330,0,No Special Jurisdiction,8,Pedestrian,0,The First Harmful Event was Not a Collision with a Motor Vehicle in Transport,0,No,1,Non-Junction,1,Not an Intersection,0,None,,,7,In Parking Lane/Zone,1,Daylight,,,,,1,Clear,0,No,0000000,Not Applicable,13,1:00pm-1:59pm,19,19,13,1:00pm-1:59pm,28,28,88,"Not Applicable (Not Transported) ",88,Not Applicable (Not Transported),,,,,,,1,
2021,27,270128,Minnesota,2,2,0,2,2,2,2,53,HENNEPIN (53),4760,MINNEAPOLIS,24,24,5,May,2021,2,Monday,17,5:00pm-5:59pm,42,42,0,This section IS NOT on the NHS,2,Urban,5,Major Collector,4,City or Municipal Highway Agency,6,Local Street - Municipality,MARQUETTE AVE S,10TH ST S,3,3,44.97345278,44.97345278,-93.273269440,-93.273269440,0,No Special Jurisdiction,12,Motor Vehicle In-Transport,6,Angle,0,No,2,Intersection,2,Four-Way Intersection,0,None,,,1,On Roadway,1,Daylight,,,,,1,Clear,0,No,0000000,Not Applicable,17,5:00pm-5:59pm,48,48,17,5:00pm-5:59pm,50,50,17,5:00pm-5:59pm,58,58,,,,,,,1,
2021,27,270129,Minnesota,1,1,0,0,0,1,1,123,RAMSEY (123),6330,ST. PAUL,26,26,5,May,2021,4,Wednesday,0,0:00am-0:59am,5,5,0,This section IS NOT on the NHS,2,Urban,4,Minor Arterial,1,State Highway Agency,3,State Highway,SR-5 E MINNEHAHA AVE,,739,739,44.96308333,44.96308333,-93.026886110,-93.026886110,0,No Special Jurisdiction,1,Rollover/Overturn,0,The First Harmful Event was Not a Collision with a Motor Vehicle in Transport,0,No,1,Non-Junction,1,Not an Intersection,0,None,,,4,On Roadside,3,Dark - Lighted,,,,,1,Clear,0,No,0000000,Not Applicable,0,0:00am-0:59am,1,1,0,0:00am-0:59am,8,8,88,"Not Applicable (Not Transported) ",88,Not Applicable (Not Transported),,,,,,,1,
2021,27,270131,Minnesota,1,1,0,0,0,1,1,95,MILLE LACS (95),0,NOT APPLICABLE,15,15,5,May,2021,7,Saturday,15,3:00pm-3:59pm,42,42,1,This section IS ON the NHS,1,Rural,3,Principal Arterial - Other,1,State Highway Agency,2,U.S. Highway,US-169,,2222,2222,46.20019722,46.20019722,-93.766063890,-93.766063890,0,No Special Jurisdiction,42,Tree (Standing Only),0,The First Harmful Event was Not a Collision with a Motor Vehicle in Transport,0,No,1,Non-Junction,1,Not an Intersection,0,None,,,5,Outside Trafficway,1,Daylight,,,,,1,Clear,0,No,0000000,Not Applicable,15,3:00pm-3:59pm,51,51,16,4:00pm-4:59pm,37,37,99,Unknown,99,Unknown EMS Hospital Arrival Time,,,,,,,1,
2021,27,270132,Minnesota,1,1,0,1,1,2,2,53,HENNEPIN (53),4760,MINNEAPOLIS,28,28,5,May,2021,6,Friday,22,10:00pm-10:59pm,23,23,0,This section IS NOT on the NHS,2,Urban,4,Minor Arterial,2,County Highway Agency,4,County Road,CR-81 BROADWAY AVE N,SHERIDAN AVE N,17,17,45.00640278,45.00640278,-93.312008330,-93.312008330,0,No Special Jurisdiction,8,Pedestrian,0,The First Harmful Event was Not a Collision with a Motor Vehicle in Transport,0,No,3,Intersection-Related,2,Four-Way Intersection,0,None,,,1,On Roadway,3,Dark - Lighted,,,,,1,Clear,0,No,0000000,Not Applicable,22,10:00pm-10:59pm,26,26,22,10:00pm-10:59pm,29,29,22,10:00pm-10:59pm,40,40,,,,,,,1,
2021,27,270133,Minnesota,1,1,0,1,1,1,1,53,HENNEPIN (53),675,BLOOMINGTON,29,29,5,May,2021,7,Saturday,4,4:00am-4:59am,3,3,1,This section IS ON the NHS,2,Urban,2,Principal Arterial - Other Freeways and Expressways,1,State Highway Agency,2,U.S. Highway,US-169,,1183,1183,44.84102500,44.84102500,-93.398544440,-93.398544440,0,No Special Jurisdiction,8,Pedestrian,0,The First Harmful Event was Not a Collision with a Motor Vehicle in Transport,0,No,1,Non-Junction,1,Not an Intersection,0,None,,,1,On Roadway,3,Dark - Lighted,,,,,1,Clear,0,No,0000000,Not Applicable,4,4:00am-4:59am,6,6,4,4:00am-4:59am,11,11,88,"Not Applicable (Not Transported) ",88,Not Applicable (Not Transported),,,,,,,1,
2021,27,270134,Minnesota,1,1,0,0,0,1,1,19,CARVER (19),0,NOT APPLICABLE,29,29,5,May,2021,7,Saturday,3,3:00am-3:59am,15,15,0,This section IS NOT on the NHS,1,Rural,4,Minor Arterial,2,County Highway Agency,4,County Road,CR-10,,161,161,44.81930833,44.81930833,-93.731272220,-93.731272220,0,No Special Jurisdiction,30,Utility Pole/Light Support,0,The First Harmful Event was Not a Collision with a Motor Vehicle in Transport,0,No,1,Non-Junction,1,Not an Intersection,0,None,,,4,On Roadside,2,Dark - Not Lighted,,,,,1,Clear,0,No,0000000,Not Applicable,5,5:00am-5:59am,7,7,5,5:00am-5:59am,10,10,88,"Not Applicable (Not Transported) ",88,Not Applicable (Not Transported),,,,,,,1,
2021,27,270135,Minnesota,1,1,0,0,0,2,2,53,HENNEPIN (53),4760,MINNEAPOLIS,29,29,5,May,2021,7,Saturday,2,2:00am-2:59am,49,49,0,This section IS NOT on the NHS,2,Urban,4,Minor Arterial,2,County Highway Agency,4,County Road,CR-153 LOWRY AVE E,NE GRAND ST,24,24,45.01327222,45.01327222,-93.270244440,-93.270244440,0,No Special Jurisdiction,46,Traffic Signal Support,0,The First Harmful Event was Not a Collision with a Motor Vehicle in Transport,0,No,3,Intersection-Related,2,Four-Way Intersection,0,None,,,4,On Roadside,3,Dark - Lighted,,,,,1,Clear,0,No,0000000,Not Applicable,2,2:00am-2:59am,50,50,2,2:00am-2:59am,54,54,99,Unknown,99,Unknown EMS Hospital Arrival Time,,,,,,,1,
2021,27,270136,Minnesota,1,1,0,0,0,1,1,95,MILLE LACS (95),0,NOT APPLICABLE,28,28,5,May,2021,6,Friday,14,2:00pm-2:59pm,29,29,1,This section IS ON the NHS,1,Rural,3,Principal Arterial - Other,1,State Highway Agency,2,U.S. Highway,US-169,,2257,2257,46.23765278,46.23765278,-93.801700000,-93.801700000,3,Indian Reservation,1,Rollover/Overturn,0,The First Harmful Event was Not a Collision with a Motor Vehicle in Transport,0,No,1,Non-Junction,1,Not an Intersection,0,None,,,4,On Roadside,1,Daylight,,,,,1,Clear,0,No,0000000,Not Applicable,14,2:00pm-2:59pm,29,29,14,2:00pm-2:59pm,46,46,88,"Not Applicable (Not Transported) ",88,Not Applicable (Not Transported),,,,,,,1,
2021,27,270137,Minnesota,1,1,0,0,0,2,2,119,POLK (119),0,NOT APPLICABLE,31,31,5,May,2021,2,Monday,7,7:00am-7:59am,0,0,0,This section IS NOT on the NHS,1,Rural,7,Local,3,Town or Township Highway Agency,5,Local Street - Township,345TH AVE SE,,18,18,47.70051389,47.70051389,-95.740066670,-95.740066670,0,No Special Jurisdiction,34,Ditch,0,The First Harmful Event was Not a Collision with a Motor Vehicle in Transport,0,No,1,Non-Junction,1,Not an Intersection,0,None,,,4,On Roadside,1,Daylight,,,,,1,Clear,0,No,0000000,Not Applicable,7,7:00am-7:59am,2,2,7,7:00am-7:59am,15,15,8,8:00am-8:59am,5,5,,,,,,,1,
2021,27,270139,Minnesota,2,2,0,0,0,2,2,7,BELTRAMI (7),0,NOT APPLICABLE,31,31,5,May,2021,2,Monday,6,6:00am-6:59am,50,50,0,This section IS NOT on the NHS,1,Rural,4,Minor Arterial,1,State Highway Agency,3,State Highway,SR-72,,318,318,48.10733889,48.10733889,-94.510166670,-94.510166670,0,No Special Jurisdiction,12,Motor Vehicle In-Transport,1,Front-to-Rear,0,No,1,Non-Junction,1,Not an Intersection,0,None,,,1,On Roadway,1,Daylight,,,,,1,Clear,0,No,0000000,Not Applicable,11,11:00am-11:59am,15,15,13,1:00pm-1:59pm,11,11,88,"Not Applicable (Not Transported) ",88,Not Applicable (Not Transported),,,,,,,1,
2021,27,270140,Minnesota,1,1,0,0,0,1,1,123,RAMSEY (123),6330,ST. PAUL,11,11,5,May,2021,3,Tuesday,19,7:00pm-7:59pm,2,2,1,This section IS ON the NHS,2,Urban,1,Interstate,1,State Highway Agency,1,Interstate,I-94,,2380,2380,44.95443611,44.95443611,-93.188047220,-93.188047220,0,No Special Jurisdiction,24,Guardrail Face,0,The First Harmful Event was Not a Collision with a Motor Vehicle in Transport,0,No,1,Non-Junction,1,Not an Intersection,0,None,,,4,On Roadside,1,Daylight,,,,,1,Clear,0,No,0000000,Not Applicable,19,7:00pm-7:59pm,5,5,19,7:00pm-7:59pm,10,10,19,7:00pm-7:59pm,42,42,,,,,,,1,