caseyear,state,st_case,statename,ve_total,ve_forms,pvh_invl,peds,pernotmvit,permvit,persons,county,countyname,city,cityname,day,dayname,month,monthname,year,day_week,day_weekname,hour,hourname,minute,minutename,nhs,nhsname,rur_urb,rur_urbname,func_sys,func_sysname,rd_owner,rd_ownername,route,routename,tway_id,tway_id2,milept,mileptname,latitude,latitudename,longitud,longitudname,sp_jur,sp_jurname,harm_ev,harm_evname,man_coll,man_collname,reljct1,reljct1name,reljct2,reljct2name,typ_int,typ_intname,wrk_zone,wrk_zonename,road_fnc,road_fncname,rel_road,rel_roadname,lgt_cond,lgt_condname,weather1,weather1name,weather2,weather2name,weather,weathername,sch_bus,sch_busname,rail,railname,not_hour,not_hourname,not_min,not_minname,arr_hour,arr_hourname,arr_min,arr_minname,hosp_hr,hosp_hrname,hosp_mn,hosp_mnname,cf1,cf1name,cf2,cf2name,cf3,cf3name,fatals,drunk_dr
2021,27,270178,Minnesota,1,1,0,0,0,1,1,139,SCOTT (139),6450,SAVAGE,29,29,6,June,2021,3,Tuesday,10,10:00am-10:59am,16,16,0,This section IS NOT on the NHS,2,Urban,4,Minor Arterial,1,State Highway Agency,3,State Highway,SR-13,CR-101,920,920,44.77928611,44.77928611,-93.377963890,-93.377963890,0,No Special Jurisdiction,33,Curb,0,The First Harmful Event was Not a Collision with a Motor Vehicle in Transport,1,Yes,19,Other location within Interchange Area,1,Not an Intersection,0,None,,,4,On Roadside,9,Reported as Unknown,,,,,99,Reported as Unknown,0,No,0000000,Not Applicable,10,10:00am-10:59am,17,17,10,10:00am-10:59am,38,38,88,"Not Applicable (Not Transported) ",88,Not Applicable (Not Transported),,,,,,,1,
2021,27,270179,Minnesota,2,2,0,0,0,3,3,3,ANOKA (3),1492,COON RAPIDS,30,30,6,June,2021,4,Wednesday,16,4:00pm-4:59pm,6,6,0,This section IS NOT on the NHS,2,Urban,4,Minor Arterial,2,County Highway Agency,4,County Road,CR-78 HANSON BLVD NW,,19,19,45.18728889,45.18728889,-93.310952780,-93.310952780,0,No Special Jurisdiction,12,Motor Vehicle In-Transport,6,Angle,0,No,8,Driveway Access Related,1,Not an Intersection,0,None,,,1,On Roadway,1,Daylight,,,,,1,Clear,0,No,0000000,Not Applicable,16,4:00pm-4:59pm,6,6,16,4:00pm-4:59pm,6,6,88,"Not Applicable (Not Transported) ",88,Not Applicable (Not Transported),,,,,,,1,
2021,27,270180,Minnesota,1,1,0,0,0,1,1,123,RAMSEY (123),4974,MOUNDS VIEW,30,30,6,June,2021,4,Wednesday,20,8:00pm-8:59pm,24,24,1,This section IS ON the NHS,2,Urban,2,Principal Arterial - Other Freeways and Expressways,1,State Highway Agency,2,U.S. Highway,US-10,,2378,2378,45.11941944,45.11941944,-93.206100000,-93.206100000,0,No Special Jurisdiction,38,Fence,0,The First Harmful Event was Not a Collision with a Motor Vehicle in Transport,0,No,1,Non-Junction,1,Not an Intersection,0,None,,,4,On Roadside,1,Daylight,,,,,1,Clear,0,No,0000000,Not Applicable,20,8:00pm-8:59pm,19,19,20,8:00pm-8:59pm,24,24,88,"Not Applicable (Not Transported) ",88,Not Applicable (Not Transported),,,,,,,1,
2021,27,270181,Minnesota,1,1,0,0,0,1,1,39,DODGE (39),0,NOT APPLICABLE,20,20,6,June,2021,1,Sunday,13,1:00pm-1:59pm,35,35,0,This section IS NOT on the NHS,1,Rural,4,Minor Arterial,1,State Highway Agency,3,State Highway,SR-30,,1995,1995,43.89088889,43.89088889,-93.005111110,-93.005111110,0,No Special Jurisdiction,30,Utility Pole/Light Support,0,The First Harmful Event was Not a Collision with a Motor Vehicle in Transport,0,No,1,Non-Junction,1,Not an Intersection,0,None,,,4,On Roadside,1,Daylight,,,,,10,Cloudy,0,No,0000000,Not Applicable,13,1:00pm-1:59pm,35,35,13,1:00pm-1:59pm,45,45,14,2:00pm-2:59pm,15,15,,,,,,,1,
2021,27,270182,Minnesota,2,2,0,0,0,3,3,41,DOUGLAS (41),130,ALEXANDRIA,29,29,6,June,2021,3,Tuesday,8,8:00am-8:59am,13,13,0,This section IS NOT on the NHS,2,Urban,5,Major Collector,2,County Highway Agency,4,County Road,CR-82,CR- 45,232,232,45.89288056,45.89288056,-95.404133330,-95.404133330,0,No Special Jurisdiction,12,Motor Vehicle In-Transport,6,Angle,0,No,2,Intersection,2,Four-Way Intersection,0,None,,,1,On Roadway,1,Daylight,,,,,2,Rain,0,No,0000000,Not Applicable,8,8:00am-8:59am,13,13,8,8:00am-8:59am,15,15,8,8:00am-8:59am,27,27,,,,,,,1,
2021,27,270183,Minnesota,3,3,0,0,0,9,9,163,WASHINGTON (163),5150,NEWPORT,2,2,7,July,2021,6,Friday,14,2:00pm-2:59pm,50,50,1,This section IS ON the NHS,2,Urban,2,Principal Arterial - Other Freeways and Expressways,1,State Highway Agency,2,U.S. Highway,US-61,,1289,1289,44.86900833,44.86900833,-92.999388890,-92.999388890,0,No Special Jurisdiction,12,Motor Vehicle In-Transport,7,Sideswipe - Same Direction,0,No,1,Non-Junction,1,Not an Intersection,0,None,,,1,On Roadway,1,Daylight,,,,,1,Clear,0,No,0000000,Not Applicable,14,2:00pm-2:59pm,51,51,99,Unknown EMS Scene Arrival Hour,99,Unknown EMS Scene Arrival Minutes,99,Unknown,99,Unknown EMS Hospital Arrival Time,,,,,,,1,
2021,27,270184,Minnesota,2,2,0,0,0,2,2,27,CLAY (27),4880,MOORHEAD,3,3,7,July,2021,7,Saturday,20,8:00pm-8:59pm,0,0,0,This section IS NOT on the NHS,2,Urban,5,Major Collector,4,City or Municipal Highway Agency,6,Local Street - Municipality,34TH ST N,,32,32,46.88437778,46.88437778,-96.725694440,-96.725694440,0,No Special Jurisdiction,12,Motor Vehicle In-Transport,7,Sideswipe - Same Direction,0,No,1,Non-Junction,1,Not an Intersection,0,None,,,1,On Roadway,1,Daylight,,,,,1,Clear,0,No,0000000,Not Applicable,19,7:00pm-7:59pm,50,50,19,7:00pm-7:59pm,54,54,88,"Not Applicable (Not Transported) ",88,Not Applicable (Not Transported),,,,,,,1,
2021,27,270185,Minnesota,2,2,0,0,0,4,4,3,ANOKA (3),3007,HAM LAKE,4,4,7,July,2021,1,Sunday,14,2:00pm-2:59pm,47,47,0,This section IS NOT on the NHS,2,Urban,4,Minor Arterial,2,County Highway Agency,4,County Road,CR-18 CROSSTOWN BLVD NE,,117,117,45.28419722,45.28419722,-93.208300000,-93.208300000,0,No Special Jurisdiction,12,Motor Vehicle In-Transport,2,Front-to-Front,0,No,1,Non-Junction,1,Not an Intersection,0,None,,,1,On Roadway,1,Daylight,,,,,1,Clear,0,No,0000000,Not Applicable,14,2:00pm-2:59pm,47,47,14,2:00pm-2:59pm,57,57,15,3:00pm-3:59pm,28,28,,,,,,,2,
2021,27,270186,Minnesota,1,1,0,1,1,2,2,123,RAMSEY (123),6330,ST. PAUL,4,4,7,July,2021,1,Sunday,15,3:00pm-3:59pm,55,55,0,This section IS NOT on the NHS,2,Urban,4,Minor Arterial,4,City or Municipal Highway Agency,6,Local Street - Municipality,N RICE ST,UNIVERSITY AVE,6,6,44.95572500,44.95572500,-93.105936110,-93.105936110,0,No Special Jurisdiction,74,Road Vehicle on Rails,0,The First Harmful Event was Not a Collision with a Motor Vehicle in Transport,0,No,2,Intersection,11,Other Intersection Type,0,None,,,1,On Roadway,1,Daylight,,,,,1,Clear,0,No,0000000,Not Applicable,15,3:00pm-3:59pm,55,55,16,4:00pm-4:59pm,0,0,16,4:00pm-4:59pm,30,30,,,,,,,1,
2021,27,270187,Minnesota,1,1,0,0,0,1,1,29,CLEARWATER (29),2760,GONVICK,4,4,7,July,2021,1,Sunday,17,5:00pm-5:59pm,0,0,0,This section IS NOT on the NHS,1,Rural,5,Major Collector,2,County Highway Agency,4,County Road,CR-9 NORTH AVE,,9,9,47.73917500,47.73917500,-95.497086110,-95.497086110,0,No Special Jurisdiction,1,Rollover/Overturn,0,The First Harmful Event was Not a Collision with a Motor Vehicle in Transport,0,No,1,Non-Junction,1,Not an Intersection,0,None,,,4,On Roadside,1,Daylight,,,,,1,Clear,0,No,0000000,Not Applicable,17,5:00pm-5:59pm,0,0,17,5:00pm-5:59pm,22,22,88,"Not Applicable (Not Transported) ",88,Not Applicable (Not Transported),,,,,,,1,
2021,27,270189,Minnesota,1,1,0,0,0,1,1,145,STEARNS (145),0,NOT APPLICABLE,1,1,7,July,2021,5,Thursday,13,1:00pm-1:59pm,0,0,0,This section IS NOT on the NHS,1,Rural,5,Major Collector,2,County Highway Agency,4,County Road,CR-9,,134,134,45.49887222,45.49887222,-94.515991670,-94.515991670,0,No Special Jurisdiction,38,Fence,0,The First Harmful Event was Not a Collision with a Motor Vehicle in Transport,0,No,1,Non-Junction,1,Not an Intersection,0,None,,,5,Outside Trafficway,1,Daylight,,,,,1,Clear,0,No,0000000,Not Applicable,13,1:00pm-1:59pm,0,0,13,1:00pm-1:59pm,15,15,88,"Not Applicable (Not Transported) ",88,Not Applicable (Not Transported),,,,,,,1,
2021,27,270190,Minnesota,3,3,0,0,0,3,3,53,HENNEPIN (53),4760,MINNEAPOLIS,6,6,7,July,2021,3,Tuesday,0,0:00am-0:59am,31,31,0,This section IS NOT on the NHS,2,Urban,5,Major Collector,2,County Highway Agency,4,County Road,CR-152 LYNDALE AVE N,WASHINGTON AVE N,75,75,45.02942778,45.02942778,-93.288147220,-93.288147220,0,No Special Jurisdiction,12,Motor Vehicle In-Transport,6,Angle,0,No,2,Intersection,2,Four-Way Intersection,0,None,,,1,On Roadway,3,Dark - Lighted,,,,,1,Clear,0,No,0000000,Not Applicable,0,0:00am-0:59am,33,33,0,0:00am-0:59am,39,39,0,0:00am-0:59am,56,56,,,,,,,1,
2021,27,270191,Minnesota,2,2,0,0,0,4,4,163,WASHINGTON (163),7716,WOODBURY,5,5,7,July,2021,2,Monday,22,10:00pm-10:59pm,10,10,1,This section IS ON the NHS,2,Urban,1,Interstate,1,State Highway Agency,1,Interstate,I-94,,2494,2494,44.94877778,44.94877778,-92.963419440,-92.963419440,0,No Special Jurisdiction,12,Motor Vehicle In-Transport,1,Front-to-Rear,1,Yes,18,Through Roadway,1,Not an Intersection,0,None,,,1,On Roadway,3,Dark - Lighted,,,,,1,Clear,0,No,0000000,Not Applicable,22,10:00pm-10:59pm,10,10,22,10:00pm-10:59pm,18,18,88,"Not Applicable (Not Transported) ",88,Not Applicable (Not Transported),,,,,,,1,
2021,27,270192,Minnesota,1,1,0,1,1,1,1,123,RAMSEY (123),6070,ROSEVILLE,8,8,7,July,2021,5,Thursday,3,3:00am-3:59am,1,1,1,This section IS ON the NHS,2,Urban,2,Principal Arterial - Other Freeways and Expressways,1,State Highway Agency,3,State Highway,SR-36,,24,24,45.01052500,45.01052500,-93.146069440,-93.146069440,0,No Special Jurisdiction,8,Pedestrian,0,The First Harmful Event was Not a Collision with a Motor Vehicle in Transport,1,Yes,18,Through Roadway,1,Not an Intersection,0,None,,,1,On Roadway,3,Dark - Lighted,,,,,1,Clear,0,No,0000000,Not Applicable,3,3:00am-3:59am,2,2,3,3:00am-3:59am,14,14,88,"Not Applicable (Not Transported) ",88,Not Applicable (Not Transported),,,,,,,1,
2021,27,270193,Minnesota,1,1,0,0,0,1,1,159,WADENA (159),0,NOT APPLICABLE,8,8,7,July,2021,5,Thursday,17,5:00pm-5:59pm,32,32,0,This section IS NOT on the NHS,1,Rural,5,Major Collector,2,County Highway Agency,4,County Road,CR-18 380TH ST,,60,60,46.77836944,46.77836944,-94.893225000,-94.893225000,0,No Special Jurisdiction,1,Rollover/Overturn,0,The First Harmful Event was Not a Collision with a Motor Vehicle in Transport,0,No,1,Non-Junction,1,Not an Intersection,0,None,,,2,On Shoulder,1,Daylight,,,,,1,Clear,0,No,0000000,Not Applicable,17,5:00pm-5:59pm,32,32,17,5:00pm-5:59pm,48,48,88,"Not Applicable (Not Transported) ",88,Not Applicable (Not Transported),,,,,,,1,
2021,27,270194,Minnesota,2,2,0,0,0,2,2,131,RICE (131),0,NOT APPLICABLE,13,13,5,May,2021,5,Thursday,3,3:00am-3:59am,40,40,0,This section IS NOT on the NHS,2,Urban,4,Minor Arterial,1,State Highway Agency,3,State Highway,SR-60,CR-92 233 ST W,1438,1438,44.24963611,44.24963611,-93.381141670,-93.381141670,0,No Special Jurisdiction,12,Motor Vehicle In-Transport,6,Angle,0,No,2,Intersection,3,T-Intersection,0,None,,,1,On Roadway,2,Dark - Not Lighted,,,,,1,Clear,0,No,0000000,Not Applicable,3,3:00am-3:59am,40,40,3,3:00am-3:59am,50,50,4,4:00am-4:59am,45,45,,,,,,,1,
2021,27,270195,Minnesota,2,2,0,0,0,3,3,53,HENNEPIN (53),4760,MINNEAPOLIS,24,24,6,June,2021,5,Thursday,15,3:00pm-3:59pm,0,0,1,This section IS ON the NHS,2,Urban,1,Interstate,1,State Highway Agency,1,Interstate,I-394,,73,73,44.97005278,44.97005278,-93.313791670,-93.313791670,0,No Special Jurisdiction,12,Motor Vehicle In-Transport,1,Front-to-Rear,0,No,1,Non-Junction,1,Not an Intersection,0,None,,,1,On Roadway,1,Daylight,,,,,1,Clear,0,No,0000000,Not Applicable,15,3:00pm-3:59pm,0,0,15,3:00pm-3:59pm,0,0,99,Unknown,99,Unknown EMS Hospital Arrival Time,,,,,,,1,
2021,27,270196,Minnesota,2,2,0,0,0,4,4,5,BECKER (5),0,NOT APPLICABLE,10,10,7,July,2021,7,Saturday,16,4:00pm-4:59pm,30,30,1,This section IS ON the NHS,1,Rural,3,Principal Arterial - Other,1,State Highway Agency,3,State Highway,SR-34,,374,374,46.82466944,46.82466944,-95.815336110,-95.815336110,0,No Special Jurisdiction,12,Motor Vehicle In-Transport,1,Front-to-Rear,0,No,8,Driveway Access Related,1,Not an Intersection,0,None,,,1,On Roadway,1,Daylight,,,,,1,Clear,0,No,0000000,Not Applicable,16,4:00pm-4:59pm,35,35,16,4:00pm-4:59pm,37,37,88,"Not Applicable (Not Transported) ",88,Not Applicable (Not Transported),,,,,,,1,
2021,27,270197,Minnesota,1,1,0,0,0,1,1,21,CASS (21),0,NOT APPLICABLE,10,10,7,July,2021,7,Saturday,2,2:00am-2:59am,8,8,0,This section IS NOT on the NHS,1,Rural,7,Local,2,County Highway Agency,4,County Road,CR-116 PINE MOUNTAIN LAKE RD," ",14,14,46.81630278,46.81630278,-94.545927780,-94.545927780,0,No Special Jurisdiction,1,Rollover/Overturn,0,The First Harmful Event was Not a Collision with a Motor Vehicle in Transport,0,No,1,Non-Junction,1,Not an Intersection,0,None,,,4,On Roadside,2,Dark - Not Lighted,,,,,1,Clear,0,No,0000000,Not Applicable,2,2:00am-2:59am,8,8,2,2:00am-2:59am,24,24,88,"Not Applicable (Not Transported) ",88,Not Applicable (Not Transported),,,,,,,1,
2021,27,270198,Minnesota,2,2,0,0,0,3,3,61,ITASCA (61),0,NOT APPLICABLE,9,9,7,July,2021,6,Friday,9,9:00am-9:59am,7,7,1,This section IS ON the NHS,1,Rural,3,Principal Arterial - Other,1,State Highway Agency,2,U.S. Highway,US-2,CR-88,1744,1744,47.29685556,47.29685556,-93.703005560,-93.703005560,0,No Special Jurisdiction,12,Motor Vehicle In-Transport,6,Angle,0,No,2,Intersection,3,T-Intersection,0,None,,,1,On Roadway,1,Daylight,,,,,1,Clear,0,No,0000000,Not Applicable,9,9:00am-9:59am,5,5,9,9:00am-9:59am,8,8,99,Unknown,99,Unknown EMS Hospital Arrival Time,,,,,,,1,
2021,27,270199,Minnesota,1,1,0,0,0,1,1,111,OTTER TAIL (111),0,NOT APPLICABLE,10,10,7,July,2021,7,Saturday,21,9:00pm-9:59pm,30,30,0,This section IS NOT on the NHS,1,Rural,7,Local,3,Town or Township Highway Agency,5,Local Street - Township,275TH AVE,,5,5,46.11516111,46.11516111,-95.915605560,-95.915605560,0,No Special Jurisdiction,1,Rollover/Overturn,0,The First Harmful Event was Not a Collision with a Motor Vehicle in Transport,0,No,1,Non-Junction,1,Not an Intersection,0,None,,,4,On Roadside,2,Dark - Not Lighted,,,,,1,Clear,0,No,0000000,Not Applicable,1,1:00am-1:59am,10,10,1,1:00am-1:59am,20,20,88,"Not Applicable (Not Transported) ",88,Not Applicable (Not Transported),,,,,,,1,
2021,27,270200,Minnesota,2,2,0,0,0,2,2,103,NICOLLET (103),0,NOT APPLICABLE,15,15,7,July,2021,5,Thursday,6,6:00am-6:59am,30,30,0,This section IS NOT on the NHS,1,Rural,5,Major Collector,2,County Highway Agency,4,County Road,CR-1,481ST AVE,157,157,44.43478889,44.43478889,-94.231069440,-94.231069440,0,No Special Jurisdiction,12,Motor Vehicle In-Transport,6,Angle,0,No,2,Intersection,2,Four-Way Intersection,0,None,,,1,On Roadway,1,Daylight,,,,,5,"Fog, Smog, Smoke",0,No,0000000,Not Applicable,6,6:00am-6:59am,45,45,6,6:00am-6:59am,55,55,7,7:00am-7:59am,55,55,,,,,,,1,
2021,27,270201,Minnesota,2,2,0,0,0,4,4,123,RAMSEY (123),4536,MAPLEWOOD,10,10,7,July,2021,7,Saturday,16,4:00pm-4:59pm,16,16,0,This section IS NOT on the NHS,2,Urban,4,Minor Arterial,1,State Highway Agency,3,State Highway,SR-120 CENTURY AVE,CR-10 MINNEHAHA AVE E,33,33,44.96326667,44.96326667,-92.984775000,-92.984775000,0,No Special Jurisdiction,12,Motor Vehicle In-Transport,6,Angle,0,No,2,Intersection,2,Four-Way Intersection,0,None,,,1,On Roadway,1,Daylight,,,,,1,Clear,0,No,0000000,Not Applicable,16,4:00pm-4:59pm,19,19,16,4:00pm-4:59pm,24,24,16,4:00pm-4:59pm,42,42,,,,,,,1,
2021,27,270202,Minnesota,1,1,0,0,0,1,1,97,MORRISON (97),7070,UPSALA,11,11,7,July,2021,1,Sunday,1,1:00am-1:59am,2,2,0,This section IS NOT on the NHS,1,Rural,5,Major Collector,1,State Highway Agency,3,State Highway,SR-238,,168,168,45.81647500,45.81647500,-94.555138890,-94.555138890,0,No Special Jurisdiction,34,Ditch,0,The First Harmful Event was Not a Collision with a Motor Vehicle in Transport,0,No,1,Non-Junction,1,Not an Intersection,0,None,,,4,On Roadside,2,Dark - Not Lighted,,,,,1,Clear,0,No,0000000,Not Applicable,1,1:00am-1:59am,2,2,1,1:00am-1:59am,14,14,2,2:00am-2:59am,0,0,,,,,,,1,
2021,27,270203,Minnesota,1,1,0,0,0,1,1,53,HENNEPIN (53),821,BROOKLYN PARK,16,16,7,July,2021,6,Friday,23,11:00pm-11:59pm,14,14,1,This section IS ON the NHS,2,Urban,3,Principal Arterial - Other,1,State Highway Agency,3,State Highway,SR-MNTH 252,US-HUMBOLDT AVE N,27,27,45.10093056,45.10093056,-93.300402780,-93.300402780,0,No Special Jurisdiction,46,Traffic Signal Support,0,The First Harmful Event was Not a Collision with a Motor Vehicle in Transport,0,No,3,Intersection-Related,2,Four-Way Intersection,0,None,,,12,Pedestrian Refuge Island or Traffic Island,3,Dark - Lighted,,,,,1,Clear,0,No,0000000,Not Applicable,23,11:00pm-11:59pm,15,15,23,11:00pm-11:59pm,15,15,88,"Not Applicable (Not Transported) ",88,Not Applicable (Not Transported),,,,,,,1,
2021,27,270204,Minnesota,3,3,0,0,0,3,3,41,DOUGLAS (41),0,NOT APPLICABLE,28,28,6,June,2021,2,Monday,18,6:00pm-6:59pm,40,40,0,This section IS NOT on the NHS,2,Urban,4,Minor Arterial,1,State Highway Agency,3,State Highway,SR-27,CR-45,770,770,45.86032500,45.86032500,-95.425416670,-95.425416670,0,No Special Jurisdiction,12,Motor Vehicle In-Transport,6,Angle,1,Yes,2,Intersection,2,Four-Way Intersection,0,None,,,1,On Roadway,1,Daylight,,,,,1,Clear,0,No,0000000,Not Applicable,18,6:00pm-6:59pm,45,45,18,6:00pm-6:59pm,50,50,19,7:00pm-7:59pm,5,5,,,,,,,1,
2021,27,270205,Minnesota,1,1,0,1,1,1,1,123,RAMSEY (123),6330,ST. PAUL,20,20,7,July,2021,3,Tuesday,0,0:00am-0:59am,29,29,0,This section IS NOT on the NHS,2,Urban,4,Minor Arterial,2,County Highway Agency,4,County Road,CR-49 N RICE ST,IVY AVE W,17,17,44.98095000,44.98095000,-93.105941670,-93.105941670,0,No Special Jurisdiction,8,Pedestrian,0,The First Harmful Event was Not a Collision with a Motor Vehicle in Transport,0,No,2,Intersection,2,Four-Way Intersection,0,None,,,1,On Roadway,3,Dark - Lighted,,,,,1,Clear,0,No,0000000,Not Applicable,0,0:00am-0:59am,29,29,0,0:00am-0:59am,29,29,88,"Not Applicable (Not Transported) ",88,Not Applicable (Not Transported),,,,,,,1,
2021,27,270206,Minnesota,1,1,0,0,0,1,1,145,STEARNS (145),0,NOT APPLICABLE,18,18,7,July,2021,1,Sunday,19,7:00pm-7:59pm,25,25,0,This section IS NOT on the NHS,1,Rural,6,Minor Collector,2,County Highway Agency,4,County Road,CR-42,,31,31,45.51419167,45.51419167,-94.533325000,-94.533325000,0,No Special Jurisdiction,34,Ditch,0,The First Harmful Event was Not a Collision with a Motor Vehicle in Transport,0,No,1,Non-Junction,1,Not an Intersection,0,None,,,4,On Roadside,1,Daylight,,,,,1,Clear,0,No,0000000,Not Applicable,19,7:00pm-7:59pm,26,26,19,7:00pm-7:59pm,41,41,21,9:00pm-9:59pm,0,0,,,,,,,1,
2021,27,270207,Minnesota,3,3,0,0,0,3,3,39,DODGE (39),0,NOT APPLICABLE,23,23,6,June,2021,4,Wednesday,17,5:00pm-5:59pm,51,51,0,This section IS NOT on the NHS,1,Rural,5,Major Collector,2,County Highway Agency,4,County Road,CR-24,,149,149,44.16704722,44.16704722,-92.793077780,-92.793077780,0,No Special Jurisdiction,12,Motor Vehicle In-Transport,7,Sideswipe - Same Direction,0,No,1,Non-Junction,1,Not an Intersection,0,None,,,1,On Roadway,1,Daylight,,,,,1,Clear,0,No,0000000,Not Applicable,17,5:00pm-5:59pm,51,51,17,5:00pm-5:59pm,58,58,99,Unknown,99,Unknown EMS Hospital Arrival Time,,,,,,,1,
2021,27,270208,Minnesota,1,1,0,0,0,2,2,123,RAMSEY (123),6330,ST. PAUL,22,22,7,July,2021,5,Thursday,0,0:00am-0:59am,32,32,1,This section IS ON the NHS,2,Urban,1,Interstate,1,State Highway Agency,1,Interstate,I-35E RAMP,,1034,1034,44.91049167,44.91049167,-93.144180560,-93.144180560,0,No Special Jurisdiction,1,Rollover/Overturn,0,The First Harmful Event was Not a Collision with a Motor Vehicle in Transport,1,Yes,19,Other location within Interchange Area,1,Not an Intersection,0,None,,,4,On Roadside,3,Dark - Lighted,,,,,1,Clear,0,No,0000000,Not Applicable,0,0:00am-0:59am,34,34,0,0:00am-0:59am,42,42,99,Unknown,99,Unknown EMS Hospital Arrival Time,,,,,,,1,
2021,27,270209,Minnesota,1,1,0,0,0,3,3,53,HENNEPIN (53),5423,ORONO,24,24,7,July,2021,7,Saturday,23,11:00pm-11:59pm,23,23,0,This section IS NOT on the NHS,2,Urban,5,Major Collector,2,County Highway Agency,4,County Road,CR-51 NORTH SHORE DR,,21,21,44.95339722,44.95339722,-93.601908330,-93.601908330,0,No Special Jurisdiction,42,Tree (Standing Only),0,The First Harmful Event was Not a Collision with a Motor Vehicle in Transport,0,No,1,Non-Junction,1,Not an Intersection,0,None,,,4,On Roadside,2,Dark - Not Lighted,,,,,1,Clear,0,No,0000000,Not Applicable,23,11:00pm-11:59pm,23,23,23,11:00pm-11:59pm,35,35,0,0:00am-0:59am,0,0,,,,,,,2,
2021,27,270210,Minnesota,2,2,0,0,0,3,3,41,DOUGLAS (41),0,NOT APPLICABLE,26,26,7,July,2021,2,Monday,14,2:00pm-2:59pm,2,2,0,This section IS NOT on the NHS,1,Rural,5,Major Collector,2,County Highway Agency,4,County Road,CR-41,,7,7,45.99876944,45.99876944,-95.712838890,-95.712838890,0,No Special Jurisdiction,12,Motor Vehicle In-Transport,2,Front-to-Front,0,No,1,Non-Junction,1,Not an Intersection,0,None,,,1,On Roadway,1,Daylight,,,,,1,Clear,0,No,0000000,Not Applicable,14,2:00pm-2:59pm,4,4,14,2:00pm-2:59pm,8,8,15,3:00pm-3:59pm,4,4,,,,,,,1,
2021,27,270211,Minnesota,2,2,0,0,0,3,3,63,JACKSON (63),0,NOT APPLICABLE,26,26,7,July,2021,2,Monday,13,1:00pm-1:59pm,37,37,0,This section IS NOT on the NHS,1,Rural,5,Major Collector,2,County Highway Agency,4,County Road,CR-29 600TH AVE,CR-34 800TH ST,107,107,43.64581667,43.64581667,-94.874902780,-94.874902780,0,No Special Jurisdiction,12,Motor Vehicle In-Transport,6,Angle,0,No,2,Intersection,2,Four-Way Intersection,0,None,,,1,On Roadway,1,Daylight,,,,,1,Clear,0,No,0000000,Not Applicable,13,1:00pm-1:59pm,44,44,13,1:00pm-1:59pm,44,44,88,"Not Applicable (Not Transported) ",88,Not Applicable (Not Transported),,,,,,,2,
2021,27,270212,Minnesota,2,2,0,0,0,2,2,145,STEARNS (145),2550,FREEPORT,18,18,7,July,2021,1,Sunday,21,9:00pm-9:59pm,18,18,1,This section IS ON the NHS,1,Rural,1,Interstate,1,State Highway Agency,1,Interstate,I-94,,1408,1408,45.66109444,45.66109444,-94.692036110,-94.692036110,0,No Special Jurisdiction,12,Motor Vehicle In-Transport,1,Front-to-Rear,0,No,1,Non-Junction,1,Not an Intersection,0,None,,,1,On Roadway,5,Dusk,,,,,1,Clear,0,No,0000000,Not Applicable,21,9:00pm-9:59pm,18,18,21,9:00pm-9:59pm,20,20,21,9:00pm-9:59pm,43,43,,,,,,,1,
2021,27,270213,Minnesota,2,2,0,0,0,2,2,37,DAKOTA (37),3990,LAKEVILLE,1,1,7,July,2021,5,Thursday,11,11:00am-11:59am,16,16,1,This section IS ON the NHS,2,Urban,1,Interstate,1,State Highway Agency,1,Interstate,I-35,,818,818,44.64552778,44.64552778,-93.295880560,-93.295880560,0,No Special Jurisdiction,12,Motor Vehicle In-Transport,6,Angle,1,Yes,5,Entrance/Exit Ramp Related,1,Not an Intersection,0,None,,,1,On Roadway,1,Daylight,,,,,1,Clear,0,No,0000000,Not Applicable,11,11:00am-11:59am,16,16,99,Unknown EMS Scene Arrival Hour,99,Unknown EMS Scene Arrival Minutes,99,Unknown,99,Unknown EMS Hospital Arrival Time,,,,,,,1,
2021,27,270214,Minnesota,1,1,0,0,0,1,1,141,SHERBURNE (141),0,NOT APPLICABLE,25,25,7,July,2021,1,Sunday,0,0:00am-0:59am,30,30,0,This section IS NOT on the NHS,1,Rural,5,Major Collector,2,County Highway Agency,4,County Road,CR-5,,98,98,45.46563333,45.46563333,-93.736344440,-93.736344440,0,No Special Jurisdiction,35,Embankment,0,The First Harmful Event was Not a Collision with a Motor Vehicle in Transport,0,No,1,Non-Junction,1,Not an Intersection,0,None,,,4,On Roadside,2,Dark - Not Lighted,,,,,1,Clear,0,No,0000000,Not Applicable,0,0:00am-0:59am,35,35,0,0:00am-0:59am,45,45,88,"Not Applicable (Not Transported) ",88,Not Applicable (Not Transported),,,,,,,1,
2021,27,270215,Minnesota,2,2,0,0,0,2,2,49,GOODHUE (49),0,NOT APPLICABLE,28,28,7,July,2021,4,Wednesday,14,2:00pm-2:59pm,3,3,0,This section IS NOT on the NHS,1,Rural,7,Local,3,Town or Township Highway Agency,5,Local Street - Township,490TH ST,150TH AVE,30,30,44.23925000,44.23925000,-92.731127780,-92.731127780,0,No Special Jurisdiction,12,Motor Vehicle In-Transport,6,Angle,0,No,2,Intersection,2,Four-Way Intersection,0,None,,,1,On Roadway,1,Daylight,,,,,10,Cloudy,0,No,0000000,Not Applicable,14,2:00pm-2:59pm,3,3,14,2:00pm-2:59pm,15,15,88,"Not Applicable (Not Transported) ",88,Not Applicable (Not Transported),,,,,,,1,