caseyear,state,st_case,statename,ve_total,ve_forms,pvh_invl,peds,pernotmvit,permvit,persons,county,countyname,city,cityname,day,dayname,month,monthname,year,day_week,day_weekname,hour,hourname,minute,minutename,nhs,nhsname,rur_urb,rur_urbname,func_sys,func_sysname,rd_owner,rd_ownername,route,routename,tway_id,tway_id2,milept,mileptname,latitude,latitudename,longitud,longitudname,sp_jur,sp_jurname,harm_ev,harm_evname,man_coll,man_collname,reljct1,reljct1name,reljct2,reljct2name,typ_int,typ_intname,wrk_zone,wrk_zonename,road_fnc,road_fncname,rel_road,rel_roadname,lgt_cond,lgt_condname,weather1,weather1name,weather2,weather2name,weather,weathername,sch_bus,sch_busname,rail,railname,not_hour,not_hourname,not_min,not_minname,arr_hour,arr_hourname,arr_min,arr_minname,hosp_hr,hosp_hrname,hosp_mn,hosp_mnname,cf1,cf1name,cf2,cf2name,cf3,cf3name,fatals,drunk_dr
2021,27,270331,Minnesota,1,1,0,0,0,1,1,53,HENNEPIN (53),2886,GREENFIELD,10,10,10,October,2021,1,Sunday,18,6:00pm-6:59pm,35,35,0,This section IS NOT on the NHS,1,Rural,7,Local,4,City or Municipal Highway Agency,6,Local Street - Municipality,PIONEER TR,,1,1,45.10877500,45.10877500,-93.665341670,-93.665341670,0,No Special Jurisdiction,1,Rollover/Overturn,0,The First Harmful Event was Not a Collision with a Motor Vehicle in Transport,0,No,1,Non-Junction,1,Not an Intersection,0,None,,,4,On Roadside,5,Dusk,,,,,10,Cloudy,0,No,0000000,Not Applicable,18,6:00pm-6:59pm,35,35,18,6:00pm-6:59pm,44,44,88,"Not Applicable (Not Transported) ",88,Not Applicable (Not Transported),,,,,,,1,
2021,27,270332,Minnesota,1,1,0,0,0,4,4,163,WASHINGTON (163),2450,FOREST LAKE,10,10,10,October,2021,1,Sunday,18,6:00pm-6:59pm,44,44,0,This section IS NOT on the NHS,2,Urban,6,Minor Collector,4,City or Municipal Highway Agency,6,Local Street - Municipality,N SHORE TR,,32,32,45.28255000,45.28255000,-92.948922220,-92.948922220,0,No Special Jurisdiction,30,Utility Pole/Light Support,0,The First Harmful Event was Not a Collision with a Motor Vehicle in Transport,0,No,1,Non-Junction,1,Not an Intersection,0,None,,,4,On Roadside,5,Dusk,,,,,1,Clear,0,No,0000000,Not Applicable,18,6:00pm-6:59pm,45,45,18,6:00pm-6:59pm,56,56,88,"Not Applicable (Not Transported) ",88,Not Applicable (Not Transported),,,,,,,1,
2021,27,270333,Minnesota,1,1,0,0,0,1,1,171,WRIGHT (171),0,NOT APPLICABLE,7,7,10,October,2021,5,Thursday,19,7:00pm-7:59pm,28,28,0,This section IS NOT on the NHS,1,Rural,6,Minor Collector,2,County Highway Agency,4,County Road,CR-107,,27,27,45.09454444,45.09454444,-94.018844440,-94.018844440,0,No Special Jurisdiction,35,Embankment,0,The First Harmful Event was Not a Collision with a Motor Vehicle in Transport,0,No,1,Non-Junction,1,Not an Intersection,0,None,,,4,On Roadside,2,Dark - Not Lighted,,,,,10,Cloudy,0,No,0000000,Not Applicable,19,7:00pm-7:59pm,30,30,19,7:00pm-7:59pm,34,34,88,"Not Applicable (Not Transported) ",88,Not Applicable (Not Transported),,,,,,,1,
2021,27,270334,Minnesota,2,2,0,0,0,4,4,19,CARVER (19),0,NOT APPLICABLE,12,12,10,October,2021,3,Tuesday,19,7:00pm-7:59pm,51,51,1,This section IS ON the NHS,1,Rural,3,Principal Arterial - Other,1,State Highway Agency,2,U.S. Highway,US-212,CR-31,1294,1294,44.76861944,44.76861944,-93.958252780,-93.958252780,0,No Special Jurisdiction,12,Motor Vehicle In-Transport,6,Angle,0,No,2,Intersection,3,T-Intersection,0,None,,,1,On Roadway,2,Dark - Not Lighted,,,,,1,Clear,1,Yes,0000000,Not Applicable,19,7:00pm-7:59pm,51,51,19,7:00pm-7:59pm,51,51,99,Unknown,99,Unknown EMS Hospital Arrival Time,,,,,,,1,
2021,27,270335,Minnesota,1,1,0,1,1,5,5,41,DOUGLAS (41),130,ALEXANDRIA,14,14,10,October,2021,5,Thursday,7,7:00am-7:59am,19,19,0,This section IS NOT on the NHS,2,Urban,4,Minor Arterial,1,State Highway Agency,3,State Highway,SR-29 3RD AVE E,HAWTHORNE ST,803,803,45.88943333,45.88943333,-95.375941670,-95.375941670,0,No Special Jurisdiction,8,Pedestrian,0,The First Harmful Event was Not a Collision with a Motor Vehicle in Transport,0,No,3,Intersection-Related,2,Four-Way Intersection,0,None,,,1,On Roadway,3,Dark - Lighted,,,,,10,Cloudy,0,No,0000000,Not Applicable,7,7:00am-7:59am,22,22,7,7:00am-7:59am,24,24,7,7:00am-7:59am,32,32,,,,,,,1,
2021,27,270336,Minnesota,2,2,0,0,0,2,2,137,ST LOUIS (137),1900,DULUTH,16,16,9,September,2021,5,Thursday,13,1:00pm-1:59pm,35,35,0,This section IS NOT on the NHS,2,Urban,4,Minor Arterial,1,State Highway Agency,3,State Highway,SR-23,,3339,3339,46.65935278,46.65935278,-92.255841670,-92.255841670,0,No Special Jurisdiction,12,Motor Vehicle In-Transport,1,Front-to-Rear,0,No,1,Non-Junction,1,Not an Intersection,0,None,,,1,On Roadway,1,Daylight,,,,,1,Clear,0,No,0000000,Not Applicable,15,3:00pm-3:59pm,37,37,15,3:00pm-3:59pm,42,42,88,"Not Applicable (Not Transported) ",88,Not Applicable (Not Transported),,,,,,,1,
2021,27,270337,Minnesota,1,1,0,0,0,1,1,7,BELTRAMI (7),530,BEMIDJI,8,8,10,October,2021,6,Friday,23,11:00pm-11:59pm,9,9,1,This section IS ON the NHS,2,Urban,3,Principal Arterial - Other,1,State Highway Agency,3,State Highway,SR-197,2ND ST NW,30,30,47.46965000,47.46965000,-94.879383330,-94.879383330,0,No Special Jurisdiction,46,Traffic Signal Support,0,The First Harmful Event was Not a Collision with a Motor Vehicle in Transport,0,No,3,Intersection-Related,2,Four-Way Intersection,0,None,,,4,On Roadside,3,Dark - Lighted,,,,,2,Rain,0,No,0000000,Not Applicable,23,11:00pm-11:59pm,10,10,23,11:00pm-11:59pm,18,18,23,11:00pm-11:59pm,37,37,,,,,,,1,
2021,27,270338,Minnesota,1,1,0,0,0,1,1,171,WRIGHT (171),0,NOT APPLICABLE,14,14,10,October,2021,5,Thursday,21,9:00pm-9:59pm,44,44,0,This section IS NOT on the NHS,1,Rural,4,Minor Arterial,2,County Highway Agency,4,County Road,CR-6,,127,127,45.14485556,45.14485556,-94.073455560,-94.073455560,0,No Special Jurisdiction,35,Embankment,0,The First Harmful Event was Not a Collision with a Motor Vehicle in Transport,0,No,1,Non-Junction,1,Not an Intersection,0,None,,,4,On Roadside,2,Dark - Not Lighted,,,,,1,Clear,0,No,0000000,Not Applicable,21,9:00pm-9:59pm,46,46,21,9:00pm-9:59pm,55,55,22,10:00pm-10:59pm,20,20,,,,,,,1,
2021,27,270339,Minnesota,1,1,0,0,0,1,1,171,WRIGHT (171),6320,ST. MICHAEL,15,15,10,October,2021,6,Friday,11,11:00am-11:59am,39,39,1,This section IS ON the NHS,2,Urban,3,Principal Arterial - Other,1,State Highway Agency,3,State Highway,SR-101,,383,383,45.22958056,45.22958056,-93.552708330,-93.552708330,0,No Special Jurisdiction,39,Wall,0,The First Harmful Event was Not a Collision with a Motor Vehicle in Transport,1,Yes,19,Other location within Interchange Area,1,Not an Intersection,0,None,,,4,On Roadside,1,Daylight,,,,,10,Cloudy,0,No,0000000,Not Applicable,11,11:00am-11:59am,39,39,11,11:00am-11:59am,46,46,88,"Not Applicable (Not Transported) ",88,Not Applicable (Not Transported),,,,,,,1,
2021,27,270340,Minnesota,1,1,0,0,0,1,1,53,HENNEPIN (53),4760,MINNEAPOLIS,16,16,10,October,2021,7,Saturday,19,7:00pm-7:59pm,41,41,1,This section IS ON the NHS,2,Urban,1,Interstate,1,State Highway Agency,1,Interstate,I-35W,,159,159,44.94901111,44.94901111,-93.274708330,-93.274708330,0,No Special Jurisdiction,19,Building,0,The First Harmful Event was Not a Collision with a Motor Vehicle in Transport,0,No,1,Non-Junction,1,Not an Intersection,0,None,,,4,On Roadside,3,Dark - Lighted,,,,,1,Clear,0,No,0000000,Not Applicable,19,7:00pm-7:59pm,43,43,19,7:00pm-7:59pm,45,45,88,"Not Applicable (Not Transported) ",88,Not Applicable (Not Transported),,,,,,,1,
2021,27,270341,Minnesota,2,1,1,0,0,1,1,3,ANOKA (3),2560,FRIDLEY,16,16,10,October,2021,7,Saturday,2,2:00am-2:59am,42,42,0,This section IS NOT on the NHS,2,Urban,4,Minor Arterial,1,State Highway Agency,3,State Highway,SR-47 UNIVERSITY AVE NE,,81,81,45.07502222,45.07502222,-93.263372220,-93.263372220,0,No Special Jurisdiction,14,Parked Motor Vehicle,0,The First Harmful Event was Not a Collision with a Motor Vehicle in Transport,0,No,1,Non-Junction,1,Not an Intersection,0,None,,,2,On Shoulder,3,Dark - Lighted,,,,,1,Clear,0,No,0000000,Not Applicable,3,3:00am-3:59am,14,14,3,3:00am-3:59am,39,39,88,"Not Applicable (Not Transported) ",88,Not Applicable (Not Transported),,,,,,,1,
2021,27,270342,Minnesota,1,1,0,0,0,2,2,171,WRIGHT (171),0,NOT APPLICABLE,9,9,10,October,2021,7,Saturday,15,3:00pm-3:59pm,13,13,0,This section IS NOT on the NHS,1,Rural,7,Local,2,County Highway Agency,4,County Road,CR-113,,19,19,45.22319444,45.22319444,-93.850208330,-93.850208330,0,No Special Jurisdiction,5,Fell/Jumped from Vehicle,0,The First Harmful Event was Not a Collision with a Motor Vehicle in Transport,0,No,1,Non-Junction,1,Not an Intersection,0,None,,,1,On Roadway,1,Daylight,,,,,1,Clear,0,No,0000000,Not Applicable,15,3:00pm-3:59pm,15,15,15,3:00pm-3:59pm,22,22,15,3:00pm-3:59pm,26,26,,,,,,,1,
2021,27,270344,Minnesota,1,1,0,1,1,1,1,53,HENNEPIN (53),4760,MINNEAPOLIS,11,11,10,October,2021,2,Monday,14,2:00pm-2:59pm,25,25,0,This section IS NOT on the NHS,2,Urban,4,Minor Arterial,2,County Highway Agency,4,County Road,CR-81 W BROADWAY AVE,N ALDRICH AVE,4,4,44.99918611,44.99918611,-93.289375000,-93.289375000,0,No Special Jurisdiction,15,Non-Motorist on Personal Conveyance,0,The First Harmful Event was Not a Collision with a Motor Vehicle in Transport,0,No,3,Intersection-Related,2,Four-Way Intersection,0,None,,,1,On Roadway,1,Daylight,,,,,1,Clear,0,No,0000000,Not Applicable,14,2:00pm-2:59pm,27,27,14,2:00pm-2:59pm,36,36,15,3:00pm-3:59pm,6,6,,,,,,,1,
2021,27,270345,Minnesota,1,1,0,0,0,1,1,3,ANOKA (3),3007,HAM LAKE,18,18,10,October,2021,2,Monday,16,4:00pm-4:59pm,32,32,0,This section IS NOT on the NHS,2,Urban,4,Minor Arterial,2,County Highway Agency,4,County Road,CR-116 BUNKER LAKE BLVD,,152,152,45.22549167,45.22549167,-93.181855560,-93.181855560,0,No Special Jurisdiction,1,Rollover/Overturn,0,The First Harmful Event was Not a Collision with a Motor Vehicle in Transport,0,No,1,Non-Junction,1,Not an Intersection,0,None,,,4,On Roadside,1,Daylight,,,,,1,Clear,0,No,0000000,Not Applicable,16,4:00pm-4:59pm,34,34,16,4:00pm-4:59pm,35,35,88,"Not Applicable (Not Transported) ",88,Not Applicable (Not Transported),,,,,,,1,
2021,27,270346,Minnesota,2,1,1,0,0,2,2,53,HENNEPIN (53),4810,MINNETONKA MILLS,5,5,9,September,2021,1,Sunday,1,1:00am-1:59am,52,52,0,This section IS NOT on the NHS,2,Urban,4,Minor Arterial,2,County Highway Agency,4,County Road,CR-60 BAKER RD,,34,34,44.90706389,44.90706389,-93.447525000,-93.447525000,0,No Special Jurisdiction,30,Utility Pole/Light Support,0,The First Harmful Event was Not a Collision with a Motor Vehicle in Transport,0,No,1,Non-Junction,1,Not an Intersection,0,None,,,4,On Roadside,3,Dark - Lighted,,,,,1,Clear,0,No,0000000,Not Applicable,1,1:00am-1:59am,54,54,1,1:00am-1:59am,58,58,2,2:00am-2:59am,31,31,,,,,,,2,
2021,27,270347,Minnesota,1,1,0,0,0,1,1,17,CARLTON (17),0,NOT APPLICABLE,15,15,10,October,2021,6,Friday,5,5:00am-5:59am,5,5,1,This section IS ON the NHS,1,Rural,3,Principal Arterial - Other,1,State Highway Agency,3,State Highway,SR-210,,2043,2043,46.67153889,46.67153889,-92.724161110,-92.724161110,3,Indian Reservation,1,Rollover/Overturn,0,The First Harmful Event was Not a Collision with a Motor Vehicle in Transport,0,No,1,Non-Junction,1,Not an Intersection,0,None,,,4,On Roadside,2,Dark - Not Lighted,,,,,1,Clear,0,No,0000000,Not Applicable,5,5:00am-5:59am,5,5,5,5:00am-5:59am,20,20,88,"Not Applicable (Not Transported) ",88,Not Applicable (Not Transported),,,,,,,1,
2021,27,270348,Minnesota,1,1,0,0,0,1,1,79,LE SUEUR (79),0,NOT APPLICABLE,16,16,10,October,2021,7,Saturday,21,9:00pm-9:59pm,0,0,0,This section IS NOT on the NHS,1,Rural,6,Minor Collector,2,County Highway Agency,4,County Road,CR-31,,37,37,44.53925278,44.53925278,-93.667097220,-93.667097220,0,No Special Jurisdiction,1,Rollover/Overturn,0,The First Harmful Event was Not a Collision with a Motor Vehicle in Transport,0,No,1,Non-Junction,1,Not an Intersection,0,None,,,4,On Roadside,2,Dark - Not Lighted,,,,,1,Clear,0,No,0000000,Not Applicable,21,9:00pm-9:59pm,0,0,21,9:00pm-9:59pm,0,0,88,"Not Applicable (Not Transported) ",88,Not Applicable (Not Transported),,,,,,,1,
2021,27,270349,Minnesota,1,1,0,0,0,1,1,19,CARVER (19),0,NOT APPLICABLE,19,19,10,October,2021,3,Tuesday,12,12:00pm-12:59pm,47,47,0,This section IS NOT on the NHS,1,Rural,4,Minor Arterial,2,County Highway Agency,4,County Road,CR-40,,5,5,44.64564444,44.64564444,-93.757391670,-93.757391670,0,No Special Jurisdiction,5,Fell/Jumped from Vehicle,0,The First Harmful Event was Not a Collision with a Motor Vehicle in Transport,0,No,1,Non-Junction,1,Not an Intersection,0,None,,,2,On Shoulder,1,Daylight,,,,,1,Clear,0,No,0000000,Not Applicable,12,12:00pm-12:59pm,48,48,12,12:00pm-12:59pm,52,52,13,1:00pm-1:59pm,14,14,,,,,,,1,
2021,27,270350,Minnesota,2,2,0,0,0,2,2,49,GOODHUE (49),0,NOT APPLICABLE,17,17,10,October,2021,1,Sunday,6,6:00am-6:59am,16,16,1,This section IS ON the NHS,1,Rural,3,Principal Arterial - Other,1,State Highway Agency,2,U.S. Highway,"US-61 ",,978,978,44.59331111,44.59331111,-92.673636110,-92.673636110,0,No Special Jurisdiction,12,Motor Vehicle In-Transport,2,Front-to-Front,0,No,1,Non-Junction,1,Not an Intersection,0,None,,,1,On Roadway,3,Dark - Lighted,,,,,1,Clear,0,No,0000000,Not Applicable,6,6:00am-6:59am,16,16,6,6:00am-6:59am,22,22,6,6:00am-6:59am,54,54,,,,,,,2,
2021,27,270351,Minnesota,3,3,0,0,0,5,5,53,HENNEPIN (53),4810,MINNETONKA MILLS,19,19,10,October,2021,3,Tuesday,14,2:00pm-2:59pm,16,16,0,This section IS NOT on the NHS,2,Urban,4,Minor Arterial,2,County Highway Agency,4,County Road,CR-3 EXCELSIOR BLVD,CR-61 SHADY OAK RD,44,44,44.92089444,44.92089444,-93.427066670,-93.427066670,0,No Special Jurisdiction,12,Motor Vehicle In-Transport,6,Angle,0,No,2,Intersection,2,Four-Way Intersection,0,None,,,1,On Roadway,1,Daylight,,,,,1,Clear,0,No,0000000,Not Applicable,14,2:00pm-2:59pm,24,24,14,2:00pm-2:59pm,28,28,15,3:00pm-3:59pm,2,2,,,,,,,2,
2021,27,270352,Minnesota,1,1,0,0,0,2,2,47,FREEBORN (47),0,NOT APPLICABLE,23,23,10,October,2021,7,Saturday,23,11:00pm-11:59pm,0,0,0,This section IS NOT on the NHS,1,Rural,6,Minor Collector,2,County Highway Agency,4,County Road,CR-19 S SHORE DR,,34,34,43.61140556,43.61140556,-93.304361110,-93.304361110,0,No Special Jurisdiction,1,Rollover/Overturn,0,The First Harmful Event was Not a Collision with a Motor Vehicle in Transport,0,No,1,Non-Junction,1,Not an Intersection,0,None,,,4,On Roadside,2,Dark - Not Lighted,,,,,1,Clear,0,No,0000000,Not Applicable,23,11:00pm-11:59pm,10,10,23,11:00pm-11:59pm,40,40,0,0:00am-0:59am,15,15,,,,,,,1,
2021,27,270353,Minnesota,1,1,0,0,0,1,1,53,HENNEPIN (53),820,BROOKLYN CENTER,23,23,10,October,2021,7,Saturday,21,9:00pm-9:59pm,24,24,1,This section IS ON the NHS,2,Urban,2,Principal Arterial - Other Freeways and Expressways,1,State Highway Agency,3,State Highway,SR-100 RAMP,,99998,Not Reported,45.06650556,45.06650556,-93.298983330,-93.298983330,0,No Special Jurisdiction,1,Rollover/Overturn,0,The First Harmful Event was Not a Collision with a Motor Vehicle in Transport,1,Yes,5,Entrance/Exit Ramp Related,1,Not an Intersection,0,None,,,4,On Roadside,3,Dark - Lighted,,,,,1,Clear,0,No,0000000,Not Applicable,99,Unknown,99,Unknown,99,Unknown EMS Scene Arrival Hour,99,Unknown EMS Scene Arrival Minutes,88,"Not Applicable (Not Transported) ",88,Not Applicable (Not Transported),,,,,,,1,
2021,27,270354,Minnesota,1,1,0,0,0,2,2,53,HENNEPIN (53),4760,MINNEAPOLIS,6,6,10,October,2021,4,Wednesday,12,12:00pm-12:59pm,32,32,1,This section IS ON the NHS,2,Urban,1,Interstate,1,State Highway Agency,1,Interstate,I-94,,2311,2311,44.98860833,44.98860833,-93.288752780,-93.288752780,0,No Special Jurisdiction,25,Concrete Traffic Barrier,0,The First Harmful Event was Not a Collision with a Motor Vehicle in Transport,0,No,1,Non-Junction,1,Not an Intersection,0,None,,,3,On Median,1,Daylight,,,,,1,Clear,0,No,0000000,Not Applicable,12,12:00pm-12:59pm,34,34,12,12:00pm-12:59pm,40,40,12,12:00pm-12:59pm,55,55,,,,,,,1,
2021,27,270355,Minnesota,1,1,0,1,1,1,1,3,ANOKA (3),671,BLAINE,25,25,10,October,2021,2,Monday,12,12:00pm-12:59pm,34,34,0,This section IS NOT on the NHS,2,Urban,4,Minor Arterial,2,County Highway Agency,4,County Road,CR- 12 109TH AVE NE,,42,42,45.16776944,45.16776944,-93.195633330,-93.195633330,0,No Special Jurisdiction,8,Pedestrian,0,The First Harmful Event was Not a Collision with a Motor Vehicle in Transport,0,No,1,Non-Junction,1,Not an Intersection,0,None,,,2,On Shoulder,1,Daylight,,,,,1,Clear,0,No,0000000,Not Applicable,12,12:00pm-12:59pm,34,34,12,12:00pm-12:59pm,43,43,13,1:00pm-1:59pm,16,16,,,,,,,1,
2021,27,270356,Minnesota,1,1,0,0,0,1,1,103,NICOLLET (103),0,NOT APPLICABLE,26,26,9,September,2021,1,Sunday,20,8:00pm-8:59pm,55,55,0,This section IS NOT on the NHS,1,Rural,6,Minor Collector,2,County Highway Agency,4,County Road,CR-3,,45,45,44.40648056,44.40648056,-94.129783330,-94.129783330,0,No Special Jurisdiction,11,Live Animal,0,The First Harmful Event was Not a Collision with a Motor Vehicle in Transport,0,No,1,Non-Junction,1,Not an Intersection,0,None,,,1,On Roadway,2,Dark - Not Lighted,,,,,1,Clear,0,No,0000000,Not Applicable,20,8:00pm-8:59pm,55,55,21,9:00pm-9:59pm,10,10,21,9:00pm-9:59pm,40,40,,,,,,,1,
2021,27,270357,Minnesota,1,1,0,1,1,3,3,37,DAKOTA (37),6060,ROSEMOUNT,25,25,10,October,2021,2,Monday,15,3:00pm-3:59pm,23,23,1,This section IS ON the NHS,2,Urban,3,Principal Arterial - Other,2,County Highway Agency,4,County Road,CR-42 145TH ST W,,114,114,44.73939444,44.73939444,-93.106566670,-93.106566670,0,No Special Jurisdiction,9,Pedalcyclist,0,The First Harmful Event was Not a Collision with a Motor Vehicle in Transport,0,No,1,Non-Junction,1,Not an Intersection,0,None,,,2,On Shoulder,1,Daylight,,,,,1,Clear,0,No,0000000,Not Applicable,15,3:00pm-3:59pm,23,23,15,3:00pm-3:59pm,34,34,88,"Not Applicable (Not Transported) ",88,Not Applicable (Not Transported),,,,,,,1,
2021,27,270358,Minnesota,2,2,0,0,0,3,3,159,WADENA (159),0,NOT APPLICABLE,26,26,10,October,2021,3,Tuesday,16,4:00pm-4:59pm,51,51,1,This section IS ON the NHS,1,Rural,3,Principal Arterial - Other,1,State Highway Agency,2,U.S. Highway,US-71,,2307,2307,46.50461389,46.50461389,-95.093280560,-95.093280560,0,No Special Jurisdiction,12,Motor Vehicle In-Transport,2,Front-to-Front,0,No,1,Non-Junction,1,Not an Intersection,0,None,,,1,On Roadway,1,Daylight,,,,,1,Clear,0,No,0000000,Not Applicable,16,4:00pm-4:59pm,51,51,17,5:00pm-5:59pm,2,2,17,5:00pm-5:59pm,40,40,,,,,,,2,
2021,27,270359,Minnesota,2,2,0,0,0,2,2,3,ANOKA (3),671,BLAINE,11,11,9,September,2021,7,Saturday,12,12:00pm-12:59pm,33,33,0,This section IS NOT on the NHS,2,Urban,4,Minor Arterial,2,County Highway Agency,4,County Road,CR-52," 35W SERVICE DR",12,12,45.14260833,45.14260833,-93.188805560,-93.188805560,0,No Special Jurisdiction,12,Motor Vehicle In-Transport,1,Front-to-Rear,0,No,3,Intersection-Related,3,T-Intersection,0,None,,,1,On Roadway,1,Daylight,,,,,1,Clear,0,No,0000000,Not Applicable,12,12:00pm-12:59pm,33,33,12,12:00pm-12:59pm,40,40,13,1:00pm-1:59pm,15,15,,,,,,,1,
2021,27,270360,Minnesota,1,1,0,1,1,1,1,137,ST LOUIS (137),3280,HIBBING,28,28,10,October,2021,5,Thursday,18,6:00pm-6:59pm,36,36,1,This section IS ON the NHS,2,Urban,3,Principal Arterial - Other,1,State Highway Agency,2,U.S. Highway,US-169,E HOWARD ST,3365,3365,47.42884167,47.42884167,-92.921997220,-92.921997220,0,No Special Jurisdiction,8,Pedestrian,0,The First Harmful Event was Not a Collision with a Motor Vehicle in Transport,0,No,3,Intersection-Related,2,Four-Way Intersection,0,None,,,1,On Roadway,3,Dark - Lighted,,,,,10,Cloudy,0,No,0000000,Not Applicable,18,6:00pm-6:59pm,36,36,18,6:00pm-6:59pm,40,40,18,6:00pm-6:59pm,55,55,,,,,,,1,
2021,27,270361,Minnesota,1,1,0,1,1,1,1,25,CHISAGO (25),1200,CHISAGO CITY,28,28,10,October,2021,5,Thursday,12,12:00pm-12:59pm,33,33,1,This section IS ON the NHS,2,Urban,3,Principal Arterial - Other,1,State Highway Agency,2,U.S. Highway,US-8 LAKE BLVD N,CR-23,44,44,45.31874167,45.31874167,-92.931238890,-92.931238890,0,No Special Jurisdiction,9,Pedalcyclist,0,The First Harmful Event was Not a Collision with a Motor Vehicle in Transport,0,No,2,Intersection,2,Four-Way Intersection,0,None,,,1,On Roadway,1,Daylight,,,,,2,Rain,0,No,0000000,Not Applicable,12,12:00pm-12:59pm,33,33,99,Unknown EMS Scene Arrival Hour,99,Unknown EMS Scene Arrival Minutes,99,Unknown,99,Unknown EMS Hospital Arrival Time,,,,,,,1,
2021,27,270362,Minnesota,2,2,0,0,0,2,2,171,WRIGHT (171),6320,ST. MICHAEL,19,19,10,October,2021,3,Tuesday,12,12:00pm-12:59pm,49,49,1,This section IS ON the NHS,2,Urban,1,Interstate,1,State Highway Agency,1,Interstate,I-94,,2059,2059,45.21759444,45.21759444,-93.594755560,-93.594755560,0,No Special Jurisdiction,12,Motor Vehicle In-Transport,1,Front-to-Rear,1,Yes,18,Through Roadway,1,Not an Intersection,1,Construction,,,1,On Roadway,1,Daylight,,,,,1,Clear,0,No,0000000,Not Applicable,12,12:00pm-12:59pm,52,52,12,12:00pm-12:59pm,57,57,88,"Not Applicable (Not Transported) ",88,Not Applicable (Not Transported),,,,,,,1,
2021,27,270363,Minnesota,2,2,0,0,0,2,2,7,BELTRAMI (7),0,NOT APPLICABLE,29,29,10,October,2021,6,Friday,15,3:00pm-3:59pm,15,15,1,This section IS ON the NHS,1,Rural,3,Principal Arterial - Other,1,State Highway Agency,2,U.S. Highway,US-71 WASHINGTON AVE S,,2307,2307,47.41640833,47.41640833,-94.863444440,-94.863444440,0,No Special Jurisdiction,12,Motor Vehicle In-Transport,1,Front-to-Rear,0,No,1,Non-Junction,1,Not an Intersection,0,None,,,1,On Roadway,1,Daylight,,,,,1,Clear,0,No,0000000,Not Applicable,15,3:00pm-3:59pm,16,16,15,3:00pm-3:59pm,21,21,88,"Not Applicable (Not Transported) ",88,Not Applicable (Not Transported),,,,,,,1,
2021,27,270364,Minnesota,2,2,0,0,0,3,3,53,HENNEPIN (53),820,BROOKLYN CENTER,31,31,10,October,2021,1,Sunday,11,11:00am-11:59am,30,30,0,This section IS NOT on the NHS,2,Urban,4,Minor Arterial,2,County Highway Agency,4,County Road,CR-152 BROOKLYN BLVD,70TH AVE N,26,26,45.08158333,45.08158333,-93.338216670,-93.338216670,0,No Special Jurisdiction,12,Motor Vehicle In-Transport,6,Angle,0,No,2,Intersection,3,T-Intersection,0,None,,,1,On Roadway,1,Daylight,,,,,1,Clear,0,No,0000000,Not Applicable,11,11:00am-11:59am,32,32,11,11:00am-11:59am,40,40,12,12:00pm-12:59pm,0,0,,,,,,,1,
2021,27,270365,Minnesota,1,1,0,0,0,1,1,141,SHERBURNE (141),7815,ZIMMERMAN,30,30,10,October,2021,7,Saturday,1,1:00am-1:59am,2,2,0,This section IS NOT on the NHS,2,Urban,5,Major Collector,2,County Highway Agency,4,County Road,CR-45 4TH ST W,7TH AVE N,26,26,45.44867222,45.44867222,-93.593700000,-93.593700000,0,No Special Jurisdiction,43,Other Fixed Object,0,The First Harmful Event was Not a Collision with a Motor Vehicle in Transport,0,No,3,Intersection-Related,3,T-Intersection,0,None,,,5,Outside Trafficway,3,Dark - Lighted,,,,,1,Clear,0,No,0000000,Not Applicable,1,1:00am-1:59am,2,2,1,1:00am-1:59am,27,27,88,"Not Applicable (Not Transported) ",88,Not Applicable (Not Transported),,,,,,,1,
2021,27,270366,Minnesota,1,1,0,1,1,1,1,109,OLMSTED (109),5960,ROCHESTER,15,15,5,May,2021,7,Saturday,22,10:00pm-10:59pm,25,25,0,This section IS NOT on the NHS,2,Urban,5,Major Collector,4,City or Municipal Highway Agency,6,Local Street - Municipality,MSAS-125 20TH ST SE,,17,17,43.99322778,43.99322778,-92.429044440,-92.429044440,0,No Special Jurisdiction,8,Pedestrian,0,The First Harmful Event was Not a Collision with a Motor Vehicle in Transport,0,No,1,Non-Junction,1,Not an Intersection,0,None,,,1,On Roadway,2,Dark - Not Lighted,,,,,1,Clear,0,No,0000000,Not Applicable,22,10:00pm-10:59pm,25,25,22,10:00pm-10:59pm,27,27,88,"Not Applicable (Not Transported) ",88,Not Applicable (Not Transported),,,,,,,1,
2021,27,270367,Minnesota,2,2,0,0,0,3,3,35,CROW WING (35),770,BRAINERD,3,3,11,November,2021,4,Wednesday,15,3:00pm-3:59pm,29,29,1,This section IS ON the NHS,2,Urban,3,Principal Arterial - Other,1,State Highway Agency,3,State Highway,SR-210,10TH AVE NE,1242,1242,46.36388611,46.36388611,-94.174472220,-94.174472220,0,No Special Jurisdiction,12,Motor Vehicle In-Transport,6,Angle,0,No,2,Intersection,2,Four-Way Intersection,0,None,,,1,On Roadway,1,Daylight,,,,,1,Clear,0,No,0000000,Not Applicable,15,3:00pm-3:59pm,30,30,15,3:00pm-3:59pm,35,35,88,"Not Applicable (Not Transported) ",88,Not Applicable (Not Transported),,,,,,,1,