caseyear,state,st_case,statename,ve_total,ve_forms,pvh_invl,peds,pernotmvit,permvit,persons,county,countyname,city,cityname,day,dayname,month,monthname,year,day_week,day_weekname,hour,hourname,minute,minutename,nhs,nhsname,rur_urb,rur_urbname,func_sys,func_sysname,rd_owner,rd_ownername,route,routename,tway_id,tway_id2,milept,mileptname,latitude,latitudename,longitud,longitudname,sp_jur,sp_jurname,harm_ev,harm_evname,man_coll,man_collname,reljct1,reljct1name,reljct2,reljct2name,typ_int,typ_intname,wrk_zone,wrk_zonename,road_fnc,road_fncname,rel_road,rel_roadname,lgt_cond,lgt_condname,weather1,weather1name,weather2,weather2name,weather,weathername,sch_bus,sch_busname,rail,railname,not_hour,not_hourname,not_min,not_minname,arr_hour,arr_hourname,arr_min,arr_minname,hosp_hr,hosp_hrname,hosp_mn,hosp_mnname,cf1,cf1name,cf2,cf2name,cf3,cf3name,fatals,drunk_dr
2021,27,270368,Minnesota,2,2,0,0,0,2,2,3,ANOKA (3),2560,FRIDLEY,6,6,11,November,2021,7,Saturday,12,12:00pm-12:59pm,35,35,0,This section IS NOT on the NHS,2,Urban,4,Minor Arterial,1,State Highway Agency,3,State Highway,SR-47,,75,75,45.06580000,45.06580000,-93.263008330,-93.263008330,0,No Special Jurisdiction,12,Motor Vehicle In-Transport,7,Sideswipe - Same Direction,0,No,1,Non-Junction,1,Not an Intersection,0,None,,,1,On Roadway,1,Daylight,,,,,1,Clear,0,No,0000000,Not Applicable,12,12:00pm-12:59pm,35,35,12,12:00pm-12:59pm,38,38,88,"Not Applicable (Not Transported) ",88,Not Applicable (Not Transported),,,,,,,1,
2021,27,270370,Minnesota,1,1,0,1,1,3,3,3,ANOKA (3),3314,HILLTOP,7,7,11,November,2021,1,Sunday,17,5:00pm-5:59pm,20,20,0,This section IS NOT on the NHS,2,Urban,4,Minor Arterial,1,State Highway Agency,3,State Highway,SR-65 CENTRAL AVE NE,,69,69,45.05167500,45.05167500,-93.247669440,-93.247669440,0,No Special Jurisdiction,8,Pedestrian,0,The First Harmful Event was Not a Collision with a Motor Vehicle in Transport,0,No,1,Non-Junction,1,Not an Intersection,0,None,,,1,On Roadway,5,Dusk,,,,,1,Clear,0,No,0000000,Not Applicable,17,5:00pm-5:59pm,20,20,17,5:00pm-5:59pm,22,22,17,5:00pm-5:59pm,48,48,,,,,,,1,
2021,27,270371,Minnesota,1,1,0,0,0,1,1,131,RICE (131),0,NOT APPLICABLE,28,28,10,October,2021,5,Thursday,21,9:00pm-9:59pm,25,25,0,This section IS NOT on the NHS,1,Rural,5,Major Collector,2,County Highway Agency,4,County Road,CR-39 230TH ST W,CR-17 DALTON AVE,1,1,44.25474444,44.25474444,-93.343652780,-93.343652780,0,No Special Jurisdiction,19,Building,0,The First Harmful Event was Not a Collision with a Motor Vehicle in Transport,0,No,3,Intersection-Related,3,T-Intersection,0,None,,,5,Outside Trafficway,2,Dark - Not Lighted,,,,,2,Rain,0,No,0000000,Not Applicable,21,9:00pm-9:59pm,26,26,21,9:00pm-9:59pm,36,36,88,"Not Applicable (Not Transported) ",88,Not Applicable (Not Transported),,,,,,,1,
2021,27,270373,Minnesota,1,1,0,0,0,1,1,111,OTTER TAIL (111),0,NOT APPLICABLE,4,4,10,October,2021,2,Monday,18,6:00pm-6:59pm,36,36,1,This section IS ON the NHS,1,Rural,1,Interstate,1,State Highway Agency,1,Interstate,I-94,,495,495,46.35019722,46.35019722,-96.149397220,-96.149397220,0,No Special Jurisdiction,57,Cable Barrier,0,The First Harmful Event was Not a Collision with a Motor Vehicle in Transport,0,No,1,Non-Junction,1,Not an Intersection,0,None,,,3,On Median,1,Daylight,,,,,1,Clear,0,No,0000000,Not Applicable,18,6:00pm-6:59pm,36,36,18,6:00pm-6:59pm,43,43,88,"Not Applicable (Not Transported) ",88,Not Applicable (Not Transported),,,,,,,1,
2021,27,270375,Minnesota,2,2,0,0,0,2,2,53,HENNEPIN (53),820,BROOKLYN CENTER,9,9,11,November,2021,3,Tuesday,10,10:00am-10:59am,26,26,1,This section IS ON the NHS,2,Urban,3,Principal Arterial - Other,1,State Highway Agency,3,State Highway,SR-252,66TH AVENUE,6,6,45.07450556,45.07450556,-93.286922220,-93.286922220,0,No Special Jurisdiction,12,Motor Vehicle In-Transport,11,"Other ",0,No,2,Intersection,2,Four-Way Intersection,0,None,,,1,On Roadway,1,Daylight,,,,,1,Clear,0,No,0000000,Not Applicable,10,10:00am-10:59am,26,26,10,10:00am-10:59am,30,30,88,"Not Applicable (Not Transported) ",88,Not Applicable (Not Transported),,,,,,,1,
2021,27,270376,Minnesota,2,2,0,0,0,2,2,123,RAMSEY (123),215,ARDEN HILLS,9,9,11,November,2021,3,Tuesday,20,8:00pm-8:59pm,40,40,0,This section IS NOT on the NHS,2,Urban,4,Minor Arterial,2,County Highway Agency,4,County Road,CR-96,CR-50 HAMLINE  AVE N,15,15,45.07934167,45.07934167,-93.157500000,-93.157500000,0,No Special Jurisdiction,12,Motor Vehicle In-Transport,6,Angle,0,No,2,Intersection,2,Four-Way Intersection,0,None,,,1,On Roadway,3,Dark - Lighted,,,,,1,Clear,0,No,0000000,Not Applicable,20,8:00pm-8:59pm,42,42,20,8:00pm-8:59pm,45,45,21,9:00pm-9:59pm,10,10,,,,,,,1,
2021,27,270377,Minnesota,2,2,0,0,0,2,2,117,PIPESTONE (117),0,NOT APPLICABLE,4,4,11,November,2021,5,Thursday,10,10:00am-10:59am,27,27,1,This section IS ON the NHS,1,Rural,3,Principal Arterial - Other,1,State Highway Agency,3,State Highway,SR-23,81ST STREET,252,252,43.93624444,43.93624444,-96.352825000,-96.352825000,0,No Special Jurisdiction,12,Motor Vehicle In-Transport,6,Angle,0,No,2,Intersection,2,Four-Way Intersection,0,None,,,1,On Roadway,1,Daylight,,,,,5,"Fog, Smog, Smoke",0,No,0000000,Not Applicable,10,10:00am-10:59am,27,27,10,10:00am-10:59am,30,30,88,"Not Applicable (Not Transported) ",88,Not Applicable (Not Transported),,,,,,,1,
2021,27,270378,Minnesota,2,2,0,0,0,2,2,85,MCLEOD (85),0,NOT APPLICABLE,8,8,11,November,2021,2,Monday,11,11:00am-11:59am,9,9,1,This section IS ON the NHS,1,Rural,3,Principal Arterial - Other,1,State Highway Agency,3,State Highway,SR-7,CR-1,1579,1579,44.90618333,44.90618333,-94.053244440,-94.053244440,0,No Special Jurisdiction,12,Motor Vehicle In-Transport,6,Angle,0,No,2,Intersection,2,Four-Way Intersection,0,None,,,1,On Roadway,1,Daylight,,,,,1,Clear,0,No,0000000,Not Applicable,11,11:00am-11:59am,10,10,11,11:00am-11:59am,25,25,11,11:00am-11:59am,49,49,,,,,,,1,
2021,27,270379,Minnesota,1,1,0,0,0,1,1,99,MOWER (99),0,NOT APPLICABLE,3,3,11,November,2021,4,Wednesday,11,11:00am-11:59am,56,56,1,This section IS ON the NHS,1,Rural,1,Interstate,1,State Highway Agency,1,Interstate,I-90,,1863,1863,43.67340000,43.67340000,-92.815097220,-92.815097220,0,No Special Jurisdiction,1,Rollover/Overturn,0,The First Harmful Event was Not a Collision with a Motor Vehicle in Transport,0,No,1,Non-Junction,1,Not an Intersection,0,None,,,4,On Roadside,1,Daylight,,,,,1,Clear,0,No,0000000,Not Applicable,11,11:00am-11:59am,56,56,12,12:00pm-12:59pm,5,5,12,12:00pm-12:59pm,15,15,,,,,,,1,
2021,27,270380,Minnesota,1,1,0,0,0,1,1,145,STEARNS (145),0,NOT APPLICABLE,11,11,11,November,2021,5,Thursday,6,6:00am-6:59am,49,49,0,This section IS NOT on the NHS,1,Rural,7,Local,2,County Highway Agency,4,County Road,CR-195,,4,4,45.49054167,45.49054167,-94.670766670,-94.670766670,0,No Special Jurisdiction,35,Embankment,0,The First Harmful Event was Not a Collision with a Motor Vehicle in Transport,0,No,1,Non-Junction,1,Not an Intersection,0,None,,,4,On Roadside,2,Dark - Not Lighted,,,,,10,Cloudy,0,No,0000000,Not Applicable,6,6:00am-6:59am,49,49,6,6:00am-6:59am,56,56,88,"Not Applicable (Not Transported) ",88,Not Applicable (Not Transported),,,,,,,1,
2021,27,270381,Minnesota,1,1,0,0,0,1,1,63,JACKSON (63),0,NOT APPLICABLE,10,10,11,November,2021,4,Wednesday,12,12:00pm-12:59pm,56,56,0,This section IS NOT on the NHS,1,Rural,5,Major Collector,2,County Highway Agency,4,County Road,CR-4,,124,124,43.53621389,43.53621389,-95.215533330,-95.215533330,0,No Special Jurisdiction,32,Culvert,0,The First Harmful Event was Not a Collision with a Motor Vehicle in Transport,0,No,1,Non-Junction,1,Not an Intersection,0,None,,,4,On Roadside,1,Daylight,,,,,2,Rain,0,No,0000000,Not Applicable,12,12:00pm-12:59pm,59,59,13,1:00pm-1:59pm,14,14,88,"Not Applicable (Not Transported) ",88,Not Applicable (Not Transported),,,,,,,1,
2021,27,270382,Minnesota,2,2,0,0,0,3,3,129,RENVILLE (129),0,NOT APPLICABLE,3,3,11,November,2021,4,Wednesday,18,6:00pm-6:59pm,35,35,1,This section IS ON the NHS,1,Rural,3,Principal Arterial - Other,1,State Highway Agency,2,U.S. Highway,US-71 320TH  ST,CR-11,1033,1033,44.83271389,44.83271389,-95.036727780,-95.036727780,0,No Special Jurisdiction,12,Motor Vehicle In-Transport,6,Angle,0,No,2,Intersection,2,Four-Way Intersection,0,None,,,1,On Roadway,2,Dark - Not Lighted,,,,,1,Clear,0,No,0000000,Not Applicable,18,6:00pm-6:59pm,35,35,18,6:00pm-6:59pm,45,45,19,7:00pm-7:59pm,5,5,,,,,,,1,
2021,27,270383,Minnesota,2,2,0,0,0,4,4,21,CASS (21),0,NOT APPLICABLE,4,4,11,November,2021,5,Thursday,23,11:00pm-11:59pm,11,11,1,This section IS ON the NHS,1,Rural,3,Principal Arterial - Other,1,State Highway Agency,3,State Highway,SR-371,16TH ST NW,683,683,46.86377500,46.86377500,-94.502036110,-94.502036110,0,No Special Jurisdiction,12,Motor Vehicle In-Transport,6,Angle,0,No,2,Intersection,2,Four-Way Intersection,0,None,,,1,On Roadway,2,Dark - Not Lighted,,,,,1,Clear,0,No,0000000,Not Applicable,99,Unknown,99,Unknown,99,Unknown EMS Scene Arrival Hour,99,Unknown EMS Scene Arrival Minutes,99,Unknown,99,Unknown EMS Hospital Arrival Time,,,,,,,3,
2021,27,270384,Minnesota,4,4,0,0,0,7,7,137,ST LOUIS (137),2700,GILBERT,11,11,11,November,2021,5,Thursday,15,3:00pm-3:59pm,55,55,0,This section IS NOT on the NHS,2,Urban,4,Minor Arterial,1,State Highway Agency,3,State Highway,SR-135,,19,19,47.49378611,47.49378611,-92.481927780,-92.481927780,0,No Special Jurisdiction,12,Motor Vehicle In-Transport,6,Angle,0,No,1,Non-Junction,1,Not an Intersection,0,None,,,1,On Roadway,1,Daylight,,,,,4,Snow,0,No,0000000,Not Applicable,15,3:00pm-3:59pm,56,56,16,4:00pm-4:59pm,3,3,16,4:00pm-4:59pm,39,39,,,,,,,2,
2021,27,270385,Minnesota,1,1,0,0,0,2,2,131,RICE (131),0,NOT APPLICABLE,12,12,11,November,2021,6,Friday,12,12:00pm-12:59pm,22,22,0,This section IS NOT on the NHS,1,Rural,4,Minor Arterial,2,County Highway Agency,4,County Road,CR-86 280TH STREET ST E,BEARD AVE,19,19,44.54375833,44.54375833,-93.324708330,-93.324708330,0,No Special Jurisdiction,1,Rollover/Overturn,0,The First Harmful Event was Not a Collision with a Motor Vehicle in Transport,0,No,3,Intersection-Related,3,T-Intersection,0,None,,,1,On Roadway,1,Daylight,,,,,2,Rain,0,No,0000000,Not Applicable,12,12:00pm-12:59pm,23,23,12,12:00pm-12:59pm,27,27,13,1:00pm-1:59pm,27,27,,,,,,,1,
2021,27,270386,Minnesota,1,1,0,0,0,1,1,25,CHISAGO (25),0,NOT APPLICABLE,13,13,11,November,2021,7,Saturday,15,3:00pm-3:59pm,10,10,0,This section IS NOT on the NHS,1,Rural,5,Major Collector,2,County Highway Agency,4,County Road,CR-20 FURUBY RD,,84,84,45.42658611,45.42658611,-92.729050000,-92.729050000,0,No Special Jurisdiction,53,Mail Box,0,The First Harmful Event was Not a Collision with a Motor Vehicle in Transport,0,No,1,Non-Junction,1,Not an Intersection,0,None,,,4,On Roadside,1,Daylight,,,,,1,Clear,0,No,0000000,Not Applicable,15,3:00pm-3:59pm,10,10,15,3:00pm-3:59pm,25,25,88,"Not Applicable (Not Transported) ",88,Not Applicable (Not Transported),,,,,,,1,
2021,27,270388,Minnesota,2,2,0,0,0,2,2,3,ANOKA (3),9997,Other,10,10,11,November,2021,4,Wednesday,13,1:00pm-1:59pm,24,24,0,This section IS NOT on the NHS,1,Rural,4,Minor Arterial,1,State Highway Agency,3,State Highway,SR-47 SAINT FRANCIS BLVD NW,,301,301,45.33176667,45.33176667,-93.401350000,-93.401350000,0,No Special Jurisdiction,12,Motor Vehicle In-Transport,2,Front-to-Front,0,No,1,Non-Junction,1,Not an Intersection,0,None,,,4,On Roadside,1,Daylight,,,,,10,Cloudy,0,No,0000000,Not Applicable,13,1:00pm-1:59pm,24,24,13,1:00pm-1:59pm,40,40,88,"Not Applicable (Not Transported) ",88,Not Applicable (Not Transported),,,,,,,1,
2021,27,270389,Minnesota,1,1,0,0,0,1,1,59,ISANTI (59),0,NOT APPLICABLE,5,5,11,November,2021,6,Friday,17,5:00pm-5:59pm,17,17,0,This section IS NOT on the NHS,1,Rural,7,Local,2,County Highway Agency,4,County Road,CR-22 JIVARO ST NW,,44,44,45.72353889,45.72353889,-93.387991670,-93.387991670,0,No Special Jurisdiction,42,Tree (Standing Only),0,The First Harmful Event was Not a Collision with a Motor Vehicle in Transport,0,No,1,Non-Junction,1,Not an Intersection,0,None,,,4,On Roadside,1,Daylight,,,,,1,Clear,0,No,0000000,Not Applicable,17,5:00pm-5:59pm,21,21,17,5:00pm-5:59pm,33,33,88,"Not Applicable (Not Transported) ",88,Not Applicable (Not Transported),,,,,,,1,
2021,27,270390,Minnesota,2,2,0,0,0,2,2,13,BLUE EARTH (13),4480,MANKATO,6,6,11,November,2021,7,Saturday,15,3:00pm-3:59pm,56,56,0,This section IS NOT on the NHS,2,Urban,4,Minor Arterial,2,County Highway Agency,4,County Road,CR-3RD AVE,US-14 RAMP,1308,1308,44.19043611,44.19043611,-93.995969440,-93.995969440,0,No Special Jurisdiction,12,Motor Vehicle In-Transport,6,Angle,1,Yes,2,Intersection,2,Four-Way Intersection,0,None,,,1,On Roadway,1,Daylight,,,,,1,Clear,0,No,0000000,Not Applicable,15,3:00pm-3:59pm,56,56,15,3:00pm-3:59pm,59,59,88,"Not Applicable (Not Transported) ",88,Not Applicable (Not Transported),,,,,,,1,
2021,27,270391,Minnesota,4,1,3,0,0,1,1,53,HENNEPIN (53),2886,GREENFIELD,10,10,11,November,2021,4,Wednesday,19,7:00pm-7:59pm,4,4,0,This section IS NOT on the NHS,1,Rural,5,Major Collector,2,County Highway Agency,4,County Road,CR-10 WOODLAND TR,,49,49,45.12327778,45.12327778,-93.665819440,-93.665819440,0,No Special Jurisdiction,42,Tree (Standing Only),0,The First Harmful Event was Not a Collision with a Motor Vehicle in Transport,0,No,1,Non-Junction,1,Not an Intersection,0,None,,,5,Outside Trafficway,3,Dark - Lighted,,,,,2,Rain,0,No,0000000,Not Applicable,19,7:00pm-7:59pm,5,5,19,7:00pm-7:59pm,33,33,88,"Not Applicable (Not Transported) ",88,Not Applicable (Not Transported),,,,,,,1,
2021,27,270392,Minnesota,2,2,0,0,0,2,2,35,CROW WING (35),0,NOT APPLICABLE,21,21,11,November,2021,1,Sunday,9,9:00am-9:59am,25,25,0,This section IS NOT on the NHS,1,Rural,4,Minor Arterial,2,County Highway Agency,4,County Road,CR-CSAH 3,CR-CR 127,77,77,46.47087778,46.47087778,-94.172447220,-94.172447220,0,No Special Jurisdiction,12,Motor Vehicle In-Transport,6,Angle,0,No,2,Intersection,2,Four-Way Intersection,0,None,,,1,On Roadway,1,Daylight,,,,,1,Clear,0,No,0000000,Not Applicable,9,9:00am-9:59am,25,25,9,9:00am-9:59am,40,40,99,Unknown,99,Unknown EMS Hospital Arrival Time,,,,,,,1,
2021,27,270393,Minnesota,1,1,0,0,0,1,1,145,STEARNS (145),0,NOT APPLICABLE,20,20,11,November,2021,7,Saturday,1,1:00am-1:59am,23,23,0,This section IS NOT on the NHS,1,Rural,5,Major Collector,1,State Highway Agency,3,State Highway,SR-4,,1533,1533,45.50956944,45.50956944,-94.808888890,-94.808888890,0,No Special Jurisdiction,35,Embankment,0,The First Harmful Event was Not a Collision with a Motor Vehicle in Transport,0,No,1,Non-Junction,1,Not an Intersection,0,None,,,4,On Roadside,2,Dark - Not Lighted,,,,,1,Clear,0,No,0000000,Not Applicable,1,1:00am-1:59am,25,25,1,1:00am-1:59am,39,39,88,"Not Applicable (Not Transported) ",88,Not Applicable (Not Transported),,,,,,,1,
2021,27,270394,Minnesota,1,1,0,0,0,1,1,115,PINE (115),0,NOT APPLICABLE,22,22,11,November,2021,2,Monday,6,6:00am-6:59am,2,2,0,This section IS NOT on the NHS,1,Rural,7,Local,2,County Highway Agency,4,County Road,CR-164 COUNTY LINE RD,,25,25,46.41796667,46.41796667,-92.542775000,-92.542775000,0,No Special Jurisdiction,1,Rollover/Overturn,0,The First Harmful Event was Not a Collision with a Motor Vehicle in Transport,0,No,1,Non-Junction,1,Not an Intersection,0,None,,,4,On Roadside,2,Dark - Not Lighted,,,,,1,Clear,0,No,0000000,Not Applicable,6,6:00am-6:59am,3,3,6,6:00am-6:59am,15,15,88,"Not Applicable (Not Transported) ",88,Not Applicable (Not Transported),,,,,,,1,
2021,27,270395,Minnesota,1,1,0,0,0,3,3,43,FARIBAULT (43),0,NOT APPLICABLE,17,17,11,November,2021,4,Wednesday,15,3:00pm-3:59pm,57,57,0,This section IS NOT on the NHS,1,Rural,7,Local,3,Town or Township Highway Agency,5,Local Street - Township,310TH AVE,,11,11,43.63839167,43.63839167,-94.247850000,-94.247850000,0,No Special Jurisdiction,1,Rollover/Overturn,0,The First Harmful Event was Not a Collision with a Motor Vehicle in Transport,0,No,1,Non-Junction,1,Not an Intersection,0,None,,,4,On Roadside,1,Daylight,,,,,1,Clear,0,No,0000000,Not Applicable,15,3:00pm-3:59pm,57,57,16,4:00pm-4:59pm,8,8,88,"Not Applicable (Not Transported) ",88,Not Applicable (Not Transported),,,,,,,1,
2021,27,270396,Minnesota,1,1,0,1,1,1,1,3,ANOKA (3),2560,FRIDLEY,23,23,11,November,2021,3,Tuesday,17,5:00pm-5:59pm,26,26,0,This section IS NOT on the NHS,2,Urban,7,Local,4,City or Municipal Highway Agency,6,Local Street - Municipality,72ND AVE NE,,3,3,45.09868056,45.09868056,-93.238666670,-93.238666670,0,No Special Jurisdiction,8,Pedestrian,0,The First Harmful Event was Not a Collision with a Motor Vehicle in Transport,0,No,1,Non-Junction,1,Not an Intersection,0,None,,,1,On Roadway,3,Dark - Lighted,,,,,10,Cloudy,0,No,0000000,Not Applicable,17,5:00pm-5:59pm,29,29,17,5:00pm-5:59pm,33,33,88,"Not Applicable (Not Transported) ",88,Not Applicable (Not Transported),,,,,,,1,
2021,27,270397,Minnesota,1,1,0,0,0,2,2,119,POLK (119),0,NOT APPLICABLE,17,17,11,November,2021,4,Wednesday,2,2:00am-2:59am,30,30,0,This section IS NOT on the NHS,1,Rural,4,Minor Arterial,1,State Highway Agency,2,U.S. Highway,US-75,,3071,3071,47.66560556,47.66560556,-96.813761110,-96.813761110,0,No Special Jurisdiction,35,Embankment,0,The First Harmful Event was Not a Collision with a Motor Vehicle in Transport,0,No,1,Non-Junction,1,Not an Intersection,0,None,,,4,On Roadside,2,Dark - Not Lighted,,,,,1,Clear,0,No,0000000,Not Applicable,2,2:00am-2:59am,33,33,2,2:00am-2:59am,45,45,3,3:00am-3:59am,30,30,,,,,,,1,
2021,27,270398,Minnesota,1,1,0,1,1,1,1,53,HENNEPIN (53),3410,HOPKINS,9,9,11,November,2021,3,Tuesday,15,3:00pm-3:59pm,5,5,0,This section IS NOT on the NHS,2,Urban,5,Major Collector,4,City or Municipal Highway Agency,6,Local Street - Municipality,11TH AVE S," MAIN STREET",13,13,44.92432222,44.92432222,-93.414041670,-93.414041670,0,No Special Jurisdiction,8,Pedestrian,0,The First Harmful Event was Not a Collision with a Motor Vehicle in Transport,0,No,3,Intersection-Related,2,Four-Way Intersection,0,None,,,1,On Roadway,1,Daylight,,,,,1,Clear,0,No,0000000,Not Applicable,99,Unknown,99,Unknown,99,Unknown EMS Scene Arrival Hour,99,Unknown EMS Scene Arrival Minutes,99,Unknown,99,Unknown EMS Hospital Arrival Time,,,,,,,1,
2021,27,270399,Minnesota,2,1,1,0,0,1,1,169,WINONA (169),0,NOT APPLICABLE,23,23,11,November,2021,3,Tuesday,23,11:00pm-11:59pm,8,8,1,This section IS ON the NHS,1,Rural,3,Principal Arterial - Other,1,State Highway Agency,2,U.S. Highway,US-61,,359,359,44.12141667,44.12141667,-91.771408330,-91.771408330,0,No Special Jurisdiction,14,Parked Motor Vehicle,0,The First Harmful Event was Not a Collision with a Motor Vehicle in Transport,0,No,1,Non-Junction,1,Not an Intersection,0,None,,,2,On Shoulder,2,Dark - Not Lighted,,,,,1,Clear,0,No,0000000,Not Applicable,23,11:00pm-11:59pm,15,15,23,11:00pm-11:59pm,20,20,88,"Not Applicable (Not Transported) ",88,Not Applicable (Not Transported),,,,,,,1,
2021,27,270400,Minnesota,2,2,0,0,0,3,3,113,PENNINGTON (113),0,NOT APPLICABLE,22,22,11,November,2021,2,Monday,0,0:00am-0:59am,33,33,0,This section IS NOT on the NHS,1,Rural,4,Minor Arterial,2,County Highway Agency,4,County Road,CR-3 CENTER ST E,,197,197,48.01968611,48.01968611,-96.065058330,-96.065058330,0,No Special Jurisdiction,12,Motor Vehicle In-Transport,2,Front-to-Front,0,No,1,Non-Junction,1,Not an Intersection,0,None,,,1,On Roadway,2,Dark - Not Lighted,,,,,1,Clear,0,No,0000000,Not Applicable,0,0:00am-0:59am,33,33,0,0:00am-0:59am,45,45,0,0:00am-0:59am,55,55,,,,,,,1,
2021,27,270401,Minnesota,2,2,0,0,0,2,2,163,WASHINGTON (163),1517,COTTAGE GROVE,25,25,11,November,2021,5,Thursday,18,6:00pm-6:59pm,58,58,1,This section IS ON the NHS,2,Urban,3,Principal Arterial - Other,1,State Highway Agency,2,U.S. Highway,US-61,120TH ST S,1194,1194,44.77561389,44.77561389,-92.863272220,-92.863272220,0,No Special Jurisdiction,12,Motor Vehicle In-Transport,6,Angle,0,No,2,Intersection,2,Four-Way Intersection,0,None,,,1,On Roadway,2,Dark - Not Lighted,,,,,1,Clear,0,No,0000000,Not Applicable,18,6:00pm-6:59pm,59,59,19,7:00pm-7:59pm,4,4,19,7:00pm-7:59pm,21,21,,,,,,,1,
2021,27,270402,Minnesota,1,1,0,0,0,1,1,111,OTTER TAIL (111),0,NOT APPLICABLE,27,27,11,November,2021,7,Saturday,22,10:00pm-10:59pm,15,15,0,This section IS NOT on the NHS,1,Rural,5,Major Collector,2,County Highway Agency,4,County Road,CR-88,,59,59,46.34154722,46.34154722,-96.168583330,-96.168583330,0,No Special Jurisdiction,1,Rollover/Overturn,0,The First Harmful Event was Not a Collision with a Motor Vehicle in Transport,0,No,1,Non-Junction,1,Not an Intersection,0,None,,,4,On Roadside,2,Dark - Not Lighted,,,,,1,Clear,0,No,0000000,Not Applicable,22,10:00pm-10:59pm,20,20,22,10:00pm-10:59pm,30,30,88,"Not Applicable (Not Transported) ",88,Not Applicable (Not Transported),,,,,,,1,
2021,27,270403,Minnesota,1,1,0,0,0,1,1,53,HENNEPIN (53),4760,MINNEAPOLIS,27,27,11,November,2021,7,Saturday,21,9:00pm-9:59pm,25,25,0,This section IS NOT on the NHS,2,Urban,5,Major Collector,4,City or Municipal Highway Agency,6,Local Street - Municipality,W 36TH ST,"COLFAX AVE S ",6,6,44.93778611,44.93778611,-93.291938890,-93.291938890,0,No Special Jurisdiction,30,Utility Pole/Light Support,0,The First Harmful Event was Not a Collision with a Motor Vehicle in Transport,0,No,3,Intersection-Related,2,Four-Way Intersection,0,None,,,4,On Roadside,3,Dark - Lighted,,,,,1,Clear,0,No,0000000,Not Applicable,21,9:00pm-9:59pm,28,28,21,9:00pm-9:59pm,34,34,22,10:00pm-10:59pm,10,10,,,,,,,1,
2021,27,270404,Minnesota,1,1,0,0,0,1,1,5,BECKER (5),0,NOT APPLICABLE,27,27,11,November,2021,7,Saturday,5,5:00am-5:59am,49,49,1,This section IS ON the NHS,1,Rural,3,Principal Arterial - Other,1,State Highway Agency,3,State Highway,SR-34,,628,628,46.91526111,46.91526111,-95.313527780,-95.313527780,0,No Special Jurisdiction,1,Rollover/Overturn,0,The First Harmful Event was Not a Collision with a Motor Vehicle in Transport,0,No,1,Non-Junction,1,Not an Intersection,0,None,,,4,On Roadside,2,Dark - Not Lighted,,,,,1,Clear,0,No,0000000,Not Applicable,5,5:00am-5:59am,49,49,5,5:00am-5:59am,49,49,88,"Not Applicable (Not Transported) ",88,Not Applicable (Not Transported),,,,,,,1,
2021,27,270405,Minnesota,2,2,0,0,0,4,4,35,CROW WING (35),0,NOT APPLICABLE,25,25,11,November,2021,5,Thursday,18,6:00pm-6:59pm,21,21,1,This section IS ON the NHS,2,Urban,3,Principal Arterial - Other,1,State Highway Agency,3,State Highway,SR-210,,1242,1242,46.40133611,46.40133611,-94.110619440,-94.110619440,0,No Special Jurisdiction,12,Motor Vehicle In-Transport,6,Angle,0,No,1,Non-Junction,1,Not an Intersection,0,None,,,1,On Roadway,2,Dark - Not Lighted,,,,,1,Clear,0,No,0000000,Not Applicable,18,6:00pm-6:59pm,21,21,18,6:00pm-6:59pm,35,35,19,7:00pm-7:59pm,0,0,,,,,,,2,
2021,27,270406,Minnesota,2,2,0,0,0,2,2,53,HENNEPIN (53),4760,MINNEAPOLIS,29,29,11,November,2021,2,Monday,20,8:00pm-8:59pm,55,55,0,This section IS NOT on the NHS,2,Urban,4,Minor Arterial,2,County Highway Agency,4,County Road,CR-3 E LAKE ST,CR-152 CEDAR AVE S,139,139,44.94834444,44.94834444,-93.247488890,-93.247488890,0,No Special Jurisdiction,12,Motor Vehicle In-Transport,6,Angle,0,No,2,Intersection,2,Four-Way Intersection,0,None,,,1,On Roadway,3,Dark - Lighted,,,,,10,Cloudy,0,No,0000000,Not Applicable,20,8:00pm-8:59pm,56,56,20,8:00pm-8:59pm,57,57,21,9:00pm-9:59pm,13,13,,,,,,,1,