caseyear,state,st_case,statename,ve_total,ve_forms,pvh_invl,peds,pernotmvit,permvit,persons,county,countyname,city,cityname,day,dayname,month,monthname,year,day_week,day_weekname,hour,hourname,minute,minutename,nhs,nhsname,rur_urb,rur_urbname,func_sys,func_sysname,rd_owner,rd_ownername,route,routename,tway_id,tway_id2,milept,mileptname,latitude,latitudename,longitud,longitudname,sp_jur,sp_jurname,harm_ev,harm_evname,man_coll,man_collname,reljct1,reljct1name,reljct2,reljct2name,typ_int,typ_intname,wrk_zone,wrk_zonename,road_fnc,road_fncname,rel_road,rel_roadname,lgt_cond,lgt_condname,weather1,weather1name,weather2,weather2name,weather,weathername,sch_bus,sch_busname,rail,railname,not_hour,not_hourname,not_min,not_minname,arr_hour,arr_hourname,arr_min,arr_minname,hosp_hr,hosp_hrname,hosp_mn,hosp_mnname,cf1,cf1name,cf2,cf2name,cf3,cf3name,fatals,drunk_dr
2022,27,270013,Minnesota,2,2,0,0,0,2,2,9,BENTON (9),5900,RICE,26,26,1,January,2022,4,Wednesday,3,3:00am-3:59am,37,37,1,This section IS ON the NHS,1,Rural,3,Principal Arterial - Other,1,State Highway Agency,2,U.S. Highway,US-10,N GATEWAY DR,1647,1647,45.76255556,45.76255556,-94.227333330,-94.22733333,2,Military,12,Motor Vehicle In-Transport,6,Angle,0,No,2,Intersection,2,Four-Way Intersection,0,None,,,1,On Roadway,2,Dark - Not Lighted,,,,,1,Clear,0,No,0000000,Not Applicable,3,3:00am-3:59am,40,40,3,3:00am-3:59am,52,52,88,"Not Applicable (Not Transported) ",88,Not Applicable (Not Transported),,,,,,,1,
2022,27,270014,Minnesota,3,3,0,0,0,6,6,85,MCLEOD (85),0,NOT APPLICABLE,29,29,1,January,2022,7,Saturday,15,3:00pm-3:59pm,41,41,1,This section IS ON the NHS,1,Rural,3,Principal Arterial - Other,1,State Highway Agency,3,State Highway,SR-15,,829,829,44.63455278,44.63455278,-94.376113890,-94.37611389,0,No Special Jurisdiction,12,Motor Vehicle In-Transport,6,Angle,0,No,1,Non-Junction,1,Not an Intersection,0,None,,,1,On Roadway,1,Daylight,,,,,1,Clear,0,No,0000000,Not Applicable,15,3:00pm-3:59pm,43,43,16,4:00pm-4:59pm,0,0,16,4:00pm-4:59pm,45,45,,,,,,,1,
2022,27,270015,Minnesota,1,1,0,1,1,1,1,123,RAMSEY (123),4536,MAPLEWOOD,6,6,2,February,2022,1,Sunday,19,7:00pm-7:59pm,41,41,0,This section IS NOT on the NHS,2,Urban,4,Minor Arterial,1,State Highway Agency,3,State Highway,SR-120,,30,30,44.95928611,44.95928611,-92.984863890,-92.98486389,0,No Special Jurisdiction,8,Pedestrian,0,The First Harmful Event was Not a Collision with a Motor Vehicle in Transport,0,No,1,Non-Junction,1,Not an Intersection,0,None,,,1,On Roadway,2,Dark - Not Lighted,,,,,10,Cloudy,0,No,0000000,Not Applicable,19,7:00pm-7:59pm,41,41,19,7:00pm-7:59pm,45,45,20,8:00pm-8:59pm,20,20,,,,,,,1,
2022,27,270017,Minnesota,1,1,0,1,1,1,1,131,RICE (131),0,NOT APPLICABLE,29,29,1,January,2022,7,Saturday,2,2:00am-2:59am,3,3,0,This section IS NOT on the NHS,1,Rural,4,Minor Arterial,1,State Highway Agency,3,State Highway,SR-60,,1411,1411,44.23712500,44.23712500,-93.432244440,-93.43224444,0,No Special Jurisdiction,8,Pedestrian,0,The First Harmful Event was Not a Collision with a Motor Vehicle in Transport,0,No,1,Non-Junction,1,Not an Intersection,0,None,,,1,On Roadway,2,Dark - Not Lighted,,,,,1,Clear,0,No,0000000,Not Applicable,2,2:00am-2:59am,5,5,2,2:00am-2:59am,6,6,88,"Not Applicable (Not Transported) ",88,Not Applicable (Not Transported),,,,,,,1,
2022,27,270018,Minnesota,3,3,0,1,1,3,3,37,DAKOTA (37),956,BURNSVILLE,12,12,2,February,2022,7,Saturday,2,2:00am-2:59am,48,48,1,This section IS ON the NHS,2,Urban,1,Interstate,1,State Highway Agency,1,Interstate,I-35,,874,874,44.72414167,44.72414167,-93.281977780,-93.28197778,0,No Special Jurisdiction,8,Pedestrian,0,The First Harmful Event was Not a Collision with a Motor Vehicle in Transport,0,No,1,Non-Junction,1,Not an Intersection,0,None,,,1,On Roadway,2,Dark - Not Lighted,,,,,1,Clear,0,No,0000000,Not Applicable,2,2:00am-2:59am,48,48,2,2:00am-2:59am,55,55,88,"Not Applicable (Not Transported) ",88,Not Applicable (Not Transported),,,,,,,1,
2022,27,270019,Minnesota,1,1,0,0,0,1,1,37,DAKOTA (37),1945,EAGAN,10,10,2,February,2022,5,Thursday,19,7:00pm-7:59pm,32,32,1,This section IS ON the NHS,2,Urban,2,Principal Arterial - Other Freeways and Expressways,1,State Highway Agency,3,State Highway,SR-77,,58,58,44.82000556,44.82000556,-93.224183330,-93.22418333,0,No Special Jurisdiction,35,Embankment,0,The First Harmful Event was Not a Collision with a Motor Vehicle in Transport,0,No,1,Non-Junction,1,Not an Intersection,0,None,,,4,On Roadside,3,Dark - Lighted,,,,,10,Cloudy,0,No,0000000,Not Applicable,19,7:00pm-7:59pm,32,32,19,7:00pm-7:59pm,35,35,20,8:00pm-8:59pm,28,28,,,,,,,1,
2022,27,270020,Minnesota,2,2,0,0,0,2,2,93,MEEKER (93),0,NOT APPLICABLE,16,16,2,February,2022,4,Wednesday,4,4:00am-4:59am,52,52,0,This section IS NOT on the NHS,2,Urban,4,Minor Arterial,1,State Highway Agency,3,State Highway,SR-22,,1409,1409,45.09478056,45.09478056,-94.515172220,-94.51517222,0,No Special Jurisdiction,12,Motor Vehicle In-Transport,8,Sideswipe - Opposite Direction,0,No,1,Non-Junction,1,Not an Intersection,0,None,,,1,On Roadway,2,Dark - Not Lighted,,,,,10,Cloudy,0,No,0000000,Not Applicable,4,4:00am-4:59am,52,52,5,5:00am-5:59am,0,0,5,5:00am-5:59am,30,30,,,,,,,1,
2022,27,270021,Minnesota,2,2,0,0,0,3,3,137,ST LOUIS (137),0,NOT APPLICABLE,12,12,2,February,2022,7,Saturday,15,3:00pm-3:59pm,35,35,0,This section IS NOT on the NHS,1,Rural,5,Major Collector,2,County Highway Agency,4,County Road,CR-129,,6,6,48.39012778,48.39012778,-92.983644440,-92.98364444,0,No Special Jurisdiction,12,Motor Vehicle In-Transport,6,Angle,0,No,1,Non-Junction,1,Not an Intersection,0,None,,,1,On Roadway,1,Daylight,,,,,1,Clear,0,No,0000000,Not Applicable,15,3:00pm-3:59pm,38,38,15,3:00pm-3:59pm,38,38,88,"Not Applicable (Not Transported) ",88,Not Applicable (Not Transported),,,,,,,1,
2022,27,270022,Minnesota,2,2,0,0,0,3,3,53,HENNEPIN (53),4810,MINNETONKA MILLS,18,18,2,February,2022,6,Friday,3,3:00am-3:59am,58,58,1,This section IS ON the NHS,2,Urban,1,Interstate,1,State Highway Agency,1,Interstate,I-394,,11,11,44.97091667,44.97091667,-93.437508330,-93.43750833,0,No Special Jurisdiction,12,Motor Vehicle In-Transport,2,Front-to-Front,0,No,1,Non-Junction,1,Not an Intersection,0,None,,,1,On Roadway,3,Dark - Lighted,,,,,1,Clear,0,No,0000000,Not Applicable,4,4:00am-4:59am,4,4,4,4:00am-4:59am,11,11,4,4:00am-4:59am,38,38,,,,,,,1,
2022,27,270023,Minnesota,2,2,0,0,0,6,6,139,SCOTT (139),0,NOT APPLICABLE,20,20,2,February,2022,1,Sunday,12,12:00pm-12:59pm,41,41,0,This section IS NOT on the NHS,1,Rural,4,Minor Arterial,1,State Highway Agency,3,State Highway,SR-13,CR-8,780,780,44.63047500,44.63047500,-93.501713890,-93.50171389,0,No Special Jurisdiction,12,Motor Vehicle In-Transport,6,Angle,0,No,2,Intersection,2,Four-Way Intersection,0,None,,,1,On Roadway,1,Daylight,,,,,1,Clear,0,No,0000000,Not Applicable,12,12:00pm-12:59pm,41,41,12,12:00pm-12:59pm,45,45,13,1:00pm-1:59pm,10,10,,,,,,,1,
2022,27,270024,Minnesota,1,1,0,0,0,3,3,13,BLUE EARTH (13),0,NOT APPLICABLE,13,13,2,February,2022,1,Sunday,13,1:00pm-1:59pm,40,40,0,This section IS NOT on the NHS,1,Rural,4,Minor Arterial,1,State Highway Agency,3,State Highway,SR-22,,329,329,43.90189722,43.90189722,-93.920138890,-93.92013889,0,No Special Jurisdiction,32,Culvert,0,The First Harmful Event was Not a Collision with a Motor Vehicle in Transport,0,No,1,Non-Junction,1,Not an Intersection,0,None,,,4,On Roadside,1,Daylight,,,,,1,Clear,0,No,0000000,Not Applicable,13,1:00pm-1:59pm,41,41,13,1:00pm-1:59pm,46,46,15,3:00pm-3:59pm,10,10,,,,,,,1,
2022,27,270025,Minnesota,1,1,0,0,0,1,1,53,HENNEPIN (53),6300,ST. LOUIS PARK,21,21,2,February,2022,2,Monday,12,12:00pm-12:59pm,22,22,1,This section IS ON the NHS,2,Urban,2,Principal Arterial - Other Freeways and Expressways,1,State Highway Agency,2,U.S. Highway,US-169,,1272,1272,44.96692778,44.96692778,-93.400688890,-93.40068889,0,No Special Jurisdiction,25,Concrete Traffic Barrier,0,The First Harmful Event was Not a Collision with a Motor Vehicle in Transport,0,No,1,Non-Junction,1,Not an Intersection,0,None,,,3,On Median,1,Daylight,,,,,1,Clear,0,No,0000000,Not Applicable,12,12:00pm-12:59pm,24,24,12,12:00pm-12:59pm,30,30,88,"Not Applicable (Not Transported) ",88,Not Applicable (Not Transported),,,,,,,1,
2022,27,270027,Minnesota,2,2,0,0,0,2,2,67,KANDIYOHI (67),5120,NEW LONDON,23,23,2,February,2022,4,Wednesday,16,4:00pm-4:59pm,1,1,1,This section IS ON the NHS,1,Rural,3,Principal Arterial - Other,1,State Highway Agency,3,State Highway,SR-23,SR-9,1565,1565,45.29200556,45.29200556,-94.939136110,-94.93913611,0,No Special Jurisdiction,12,Motor Vehicle In-Transport,6,Angle,0,No,2,Intersection,3,T-Intersection,0,None,,,1,On Roadway,1,Daylight,,,,,1,Clear,0,No,0000000,Not Applicable,16,4:00pm-4:59pm,1,1,16,4:00pm-4:59pm,7,7,88,"Not Applicable (Not Transported) ",88,Not Applicable (Not Transported),,,,,,,1,
2022,27,270028,Minnesota,1,1,0,0,0,2,2,27,CLAY (27),0,NOT APPLICABLE,19,19,2,February,2022,7,Saturday,6,6:00am-6:59am,35,35,0,This section IS NOT on the NHS,1,Rural,6,Minor Collector,2,County Highway Agency,4,County Road,CR-17,,58,58,46.84528889,46.84528889,-96.588938890,-96.58893889,0,No Special Jurisdiction,1,Rollover/Overturn,0,The First Harmful Event was Not a Collision with a Motor Vehicle in Transport,0,No,1,Non-Junction,1,Not an Intersection,0,None,,,4,On Roadside,2,Dark - Not Lighted,,,,,1,Clear,0,No,0000000,Not Applicable,6,6:00am-6:59am,35,35,6,6:00am-6:59am,45,45,7,7:00am-7:59am,25,25,,,,,,,1,
2022,27,270029,Minnesota,1,1,0,0,0,1,1,21,CASS (21),0,NOT APPLICABLE,20,20,2,February,2022,1,Sunday,3,3:00am-3:59am,39,39,0,This section IS NOT on the NHS,1,Rural,4,Minor Arterial,1,State Highway Agency,3,State Highway,SR-64,,289,289,46.73409167,46.73409167,-94.702294440,-94.70229444,0,No Special Jurisdiction,42,Tree (Standing Only),0,The First Harmful Event was Not a Collision with a Motor Vehicle in Transport,0,No,1,Non-Junction,1,Not an Intersection,0,None,,,4,On Roadside,2,Dark - Not Lighted,,,,,1,Clear,0,No,0000000,Not Applicable,3,3:00am-3:59am,44,44,4,4:00am-4:59am,7,7,88,"Not Applicable (Not Transported) ",88,Not Applicable (Not Transported),,,,,,,1,
2022,27,270030,Minnesota,2,1,1,0,0,1,1,169,WINONA (169),7660,WINONA,23,23,2,February,2022,4,Wednesday,13,1:00pm-1:59pm,11,11,1,This section IS ON the NHS,2,Urban,3,Principal Arterial - Other,1,State Highway Agency,2,U.S. Highway,US-61,,251,251,44.02735833,44.02735833,-91.613977780,-91.61397778,0,No Special Jurisdiction,14,Parked Motor Vehicle,0,The First Harmful Event was Not a Collision with a Motor Vehicle in Transport,0,No,1,Non-Junction,1,Not an Intersection,0,None,,,2,On Shoulder,1,Daylight,,,,,1,Clear,0,No,0000000,Not Applicable,13,1:00pm-1:59pm,13,13,13,1:00pm-1:59pm,15,15,13,1:00pm-1:59pm,26,26,,,,,,,1,
2022,27,270031,Minnesota,2,2,0,0,0,2,2,123,RAMSEY (123),6330,ST. PAUL,26,26,2,February,2022,7,Saturday,2,2:00am-2:59am,19,19,0,This section IS NOT on the NHS,2,Urban,4,Minor Arterial,2,County Highway Agency,4,County Road,CR-35,"N CRETIN AVE ",5,5,44.94844722,44.94844722,-93.192497220,-93.19249722,0,No Special Jurisdiction,12,Motor Vehicle In-Transport,6,Angle,0,No,2,Intersection,2,Four-Way Intersection,0,None,,,1,On Roadway,3,Dark - Lighted,,,,,1,Clear,0,No,0000000,Not Applicable,2,2:00am-2:59am,19,19,2,2:00am-2:59am,19,19,2,2:00am-2:59am,30,30,,,,,,,1,
2022,27,270032,Minnesota,2,2,0,0,0,3,3,141,SHERBURNE (141),0,NOT APPLICABLE,26,26,2,February,2022,7,Saturday,16,4:00pm-4:59pm,13,13,0,This section IS NOT on the NHS,1,Rural,4,Minor Arterial,2,County Highway Agency,4,County Road,CR-4,CR-19,182,182,45.44356111,45.44356111,-93.531377780,-93.53137778,0,No Special Jurisdiction,12,Motor Vehicle In-Transport,6,Angle,0,No,2,Intersection,2,Four-Way Intersection,0,None,,,1,On Roadway,1,Daylight,,,,,1,Clear,0,No,0000000,Not Applicable,16,4:00pm-4:59pm,13,13,16,4:00pm-4:59pm,18,18,17,5:00pm-5:59pm,10,10,,,,,,,1,
2022,27,270033,Minnesota,1,1,0,0,0,1,1,145,STEARNS (145),0,NOT APPLICABLE,1,1,3,March,2022,3,Tuesday,10,10:00am-10:59am,35,35,1,This section IS ON the NHS,1,Rural,1,Interstate,1,State Highway Agency,1,Interstate,I-94,,1627,1627,45.53215556,45.53215556,-94.312527780,-94.31252778,0,No Special Jurisdiction,24,Guardrail Face,0,The First Harmful Event was Not a Collision with a Motor Vehicle in Transport,0,No,1,Non-Junction,1,Not an Intersection,0,None,,,3,On Median,1,Daylight,,,,,1,Clear,0,No,0000000,Not Applicable,10,10:00am-10:59am,35,35,10,10:00am-10:59am,39,39,88,"Not Applicable (Not Transported) ",88,Not Applicable (Not Transported),,,,,,,1,
2022,27,270034,Minnesota,2,2,0,0,0,3,3,47,FREEBORN (47),0,NOT APPLICABLE,21,21,2,February,2022,2,Monday,17,5:00pm-5:59pm,56,56,1,This section IS ON the NHS,1,Rural,1,Interstate,1,State Highway Agency,1,Interstate,I-35,,161,161,43.72411944,43.72411944,-93.320713890,-93.32071389,0,No Special Jurisdiction,57,Cable Barrier,0,The First Harmful Event was Not a Collision with a Motor Vehicle in Transport,0,No,1,Non-Junction,1,Not an Intersection,0,None,,,3,On Median,2,Dark - Not Lighted,,,,,12,Freezing Rain or Drizzle,0,No,0000000,Not Applicable,18,6:00pm-6:59pm,5,5,18,6:00pm-6:59pm,14,14,18,6:00pm-6:59pm,30,30,,,,,,,1,
2022,27,270035,Minnesota,2,2,0,0,0,7,7,9,BENTON (9),2430,FOLEY,27,27,2,February,2022,1,Sunday,13,1:00pm-1:59pm,50,50,1,This section IS ON the NHS,1,Rural,3,Principal Arterial - Other,1,State Highway Agency,3,State Highway,SR-23,,2194,2194,45.66986111,45.66986111,-93.896327780,-93.89632778,0,No Special Jurisdiction,12,Motor Vehicle In-Transport,2,Front-to-Front,0,No,1,Non-Junction,1,Not an Intersection,0,None,,,1,On Roadway,1,Daylight,,,,,1,Clear,0,No,0000000,Not Applicable,13,1:00pm-1:59pm,50,50,14,2:00pm-2:59pm,0,0,15,3:00pm-3:59pm,30,30,,,,,,,2,
2022,27,270036,Minnesota,2,2,0,0,0,2,2,111,OTTER TAIL (111),0,NOT APPLICABLE,24,24,2,February,2022,5,Thursday,19,7:00pm-7:59pm,24,24,1,This section IS ON the NHS,1,Rural,1,Interstate,1,State Highway Agency,1,Interstate,I-94,,701,701,46.11879444,46.11879444,-95.907672220,-95.90767222,0,No Special Jurisdiction,12,Motor Vehicle In-Transport,1,Front-to-Rear,0,No,1,Non-Junction,1,Not an Intersection,0,None,,,1,On Roadway,2,Dark - Not Lighted,,,,,1,Clear,0,No,0000000,Not Applicable,19,7:00pm-7:59pm,20,20,19,7:00pm-7:59pm,38,38,88,"Not Applicable (Not Transported) ",88,Not Applicable (Not Transported),,,,,,,1,
2022,27,270037,Minnesota,2,2,0,0,0,11,11,111,OTTER TAIL (111),0,NOT APPLICABLE,27,27,2,February,2022,1,Sunday,0,0:00am-0:59am,40,40,1,This section IS ON the NHS,1,Rural,3,Principal Arterial - Other,1,State Highway Agency,3,State Highway,SR-210,,400,400,46.27025278,46.27025278,-95.836652780,-95.83665278,0,No Special Jurisdiction,12,Motor Vehicle In-Transport,6,Angle,0,No,1,Non-Junction,1,Not an Intersection,0,None,,,1,On Roadway,2,Dark - Not Lighted,,,,,1,Clear,0,No,0000000,Not Applicable,0,0:00am-0:59am,42,42,0,0:00am-0:59am,55,55,3,3:00am-3:59am,6,6,,,,,,,1,
2022,27,270038,Minnesota,1,1,0,0,0,1,1,53,HENNEPIN (53),4495,MAPLE GROVE,2,2,3,March,2022,4,Wednesday,16,4:00pm-4:59pm,40,40,0,This section IS NOT on the NHS,2,Urban,4,Minor Arterial,4,City or Municipal Highway Agency,6,Local Street - Municipality,NOTTINGHAM PKWY,,7,7,45.08505278,45.08505278,-93.487041670,-93.48704167,0,No Special Jurisdiction,38,Fence,0,The First Harmful Event was Not a Collision with a Motor Vehicle in Transport,0,No,1,Non-Junction,1,Not an Intersection,0,None,,,4,On Roadside,1,Daylight,,,,,10,Cloudy,0,No,0000000,Not Applicable,16,4:00pm-4:59pm,40,40,16,4:00pm-4:59pm,43,43,88,"Not Applicable (Not Transported) ",88,Not Applicable (Not Transported),,,,,,,1,
2022,27,270039,Minnesota,2,2,0,0,0,2,2,37,DAKOTA (37),0,NOT APPLICABLE,26,26,2,February,2022,7,Saturday,22,10:00pm-10:59pm,38,38,0,This section IS NOT on the NHS,1,Rural,5,Major Collector,2,County Highway Agency,4,County Road,CR-54,,32,32,44.71118611,44.71118611,-92.772863890,-92.77286389,0,No Special Jurisdiction,12,Motor Vehicle In-Transport,2,Front-to-Front,0,No,1,Non-Junction,1,Not an Intersection,0,None,,,1,On Roadway,2,Dark - Not Lighted,,,,,1,Clear,0,No,0000000,Not Applicable,22,10:00pm-10:59pm,39,39,22,10:00pm-10:59pm,50,50,23,11:00pm-11:59pm,45,45,,,,,,,1,
2022,27,270040,Minnesota,2,2,0,0,0,2,2,37,DAKOTA (37),0,NOT APPLICABLE,1,1,3,March,2022,3,Tuesday,17,5:00pm-5:59pm,26,26,0,This section IS NOT on the NHS,1,Rural,4,Minor Arterial,1,State Highway Agency,3,State Highway,SR-3,CR-86,192,192,44.54363889,44.54363889,-93.136672220,-93.13667222,0,No Special Jurisdiction,12,Motor Vehicle In-Transport,6,Angle,0,No,2,Intersection,2,Four-Way Intersection,0,None,,,1,On Roadway,1,Daylight,,,,,10,Cloudy,0,No,0000000,Not Applicable,17,5:00pm-5:59pm,26,26,17,5:00pm-5:59pm,39,39,18,6:00pm-6:59pm,50,50,,,,,,,1,
2022,27,270041,Minnesota,1,1,0,1,1,1,1,37,DAKOTA (37),202,APPLE VALLEY,3,3,3,March,2022,5,Thursday,12,12:00pm-12:59pm,6,6,1,This section IS ON the NHS,2,Urban,1,Interstate,1,State Highway Agency,1,Interstate,I-35E,,911,911,44.76289444,44.76289444,-93.241683330,-93.24168333,0,No Special Jurisdiction,8,Pedestrian,0,The First Harmful Event was Not a Collision with a Motor Vehicle in Transport,0,No,1,Non-Junction,1,Not an Intersection,0,None,,,1,On Roadway,1,Daylight,,,,,10,Cloudy,0,No,0000000,Not Applicable,12,12:00pm-12:59pm,2,2,12,12:00pm-12:59pm,14,14,88,"Not Applicable (Not Transported) ",88,Not Applicable (Not Transported),,,,,,,1,
2022,27,270042,Minnesota,2,2,0,0,0,2,2,169,WINONA (169),0,NOT APPLICABLE,5,5,3,March,2022,7,Saturday,8,8:00am-8:59am,49,49,1,This section IS ON the NHS,1,Rural,3,Principal Arterial - Other,1,State Highway Agency,2,U.S. Highway,US-61,,113,113,43.94286667,43.94286667,-91.381255560,-91.38125556,0,No Special Jurisdiction,24,Guardrail Face,0,The First Harmful Event was Not a Collision with a Motor Vehicle in Transport,0,No,1,Non-Junction,1,Not an Intersection,0,None,,,4,On Roadside,1,Daylight,,,,,10,Cloudy,0,No,0000000,Not Applicable,8,8:00am-8:59am,53,53,8,8:00am-8:59am,59,59,88,"Not Applicable (Not Transported) ",88,Not Applicable (Not Transported),,,,,,,1,
2022,27,270043,Minnesota,2,2,0,0,0,4,4,53,HENNEPIN (53),675,BLOOMINGTON,10,10,2,February,2022,5,Thursday,16,4:00pm-4:59pm,51,51,0,This section IS NOT on the NHS,2,Urban,7,Local,4,City or Municipal Highway Agency,6,Local Street - Municipality,12TH AVE S,E AMERICAN BLVD,20,20,44.85987500,44.85987500,-93.258013890,-93.25801389,0,No Special Jurisdiction,12,Motor Vehicle In-Transport,2,Front-to-Front,0,No,2,Intersection,2,Four-Way Intersection,0,None,,,1,On Roadway,5,Dusk,,,,,4,Snow,0,No,0000000,Not Applicable,16,4:00pm-4:59pm,54,54,16,4:00pm-4:59pm,56,56,17,5:00pm-5:59pm,20,20,,,,,,,1,
2022,27,270044,Minnesota,1,1,0,2,2,1,1,115,PINE (115),0,NOT APPLICABLE,3,3,3,March,2022,5,Thursday,18,6:00pm-6:59pm,54,54,0,This section IS NOT on the NHS,1,Rural,5,Major Collector,2,County Highway Agency,4,County Road,CR-7,,25,25,45.81357778,45.81357778,-93.114733330,-93.11473333,0,No Special Jurisdiction,8,Pedestrian,0,The First Harmful Event was Not a Collision with a Motor Vehicle in Transport,0,No,1,Non-Junction,1,Not an Intersection,0,None,,,1,On Roadway,6,Dark - Unknown Lighting,,,,,1,Clear,0,No,0000000,Not Applicable,18,6:00pm-6:59pm,54,54,19,7:00pm-7:59pm,10,10,88,"Not Applicable (Not Transported) ",88,Not Applicable (Not Transported),,,,,,,1,
2022,27,270045,Minnesota,2,2,0,0,0,5,5,169,WINONA (169),7660,WINONA,19,19,2,February,2022,7,Saturday,0,0:00am-0:59am,45,45,1,This section IS ON the NHS,2,Urban,3,Principal Arterial - Other,1,State Highway Agency,2,U.S. Highway,US-61,SR-43,255,255,44.02951667,44.02951667,-91.622247220,-91.62224722,0,No Special Jurisdiction,12,Motor Vehicle In-Transport,6,Angle,0,No,2,Intersection,2,Four-Way Intersection,0,None,,,1,On Roadway,3,Dark - Lighted,,,,,1,Clear,0,No,0000000,Not Applicable,0,0:00am-0:59am,45,45,0,0:00am-0:59am,50,50,1,1:00am-1:59am,20,20,,,,,,,1,
2022,27,270047,Minnesota,4,2,2,0,0,3,3,91,MARTIN (91),2290,FAIRMONT,25,25,2,February,2022,6,Friday,18,6:00pm-6:59pm,30,30,0,This section IS NOT on the NHS,2,Urban,5,Major Collector,4,City or Municipal Highway Agency,6,Local Street - Municipality,PRAIRIE AVE,,13,13,43.64523611,43.64523611,-94.457341670,-94.45734167,0,No Special Jurisdiction,12,Motor Vehicle In-Transport,2,Front-to-Front,0,No,1,Non-Junction,1,Not an Intersection,0,None,,,1,On Roadway,3,Dark - Lighted,,,,,1,Clear,0,No,0000000,Not Applicable,18,6:00pm-6:59pm,34,34,18,6:00pm-6:59pm,37,37,19,7:00pm-7:59pm,0,0,,,,,,,1,
2022,27,270048,Minnesota,2,2,0,0,0,5,5,171,WRIGHT (171),6320,ST. MICHAEL,6,6,3,March,2022,1,Sunday,10,10:00am-10:59am,11,11,0,This section IS NOT on the NHS,2,Urban,4,Minor Arterial,2,County Highway Agency,4,County Road,CR-35,,302,302,45.19570000,45.19570000,-93.686205560,-93.68620556,0,No Special Jurisdiction,12,Motor Vehicle In-Transport,2,Front-to-Front,0,No,1,Non-Junction,1,Not an Intersection,0,None,,,1,On Roadway,1,Daylight,,,,,1,Clear,0,No,0000000,Not Applicable,10,10:00am-10:59am,12,12,10,10:00am-10:59am,20,20,10,10:00am-10:59am,40,40,,,,,,,1,
2022,27,270049,Minnesota,2,2,0,0,0,2,2,163,WASHINGTON (163),5334,OAKDALE,12,12,3,March,2022,7,Saturday,3,3:00am-3:59am,50,50,0,This section IS NOT on the NHS,2,Urban,5,Major Collector,2,County Highway Agency,4,County Road,CR-13,,136,136,45.02118056,45.02118056,-92.966127780,-92.96612778,0,No Special Jurisdiction,12,Motor Vehicle In-Transport,2,Front-to-Front,0,No,1,Non-Junction,1,Not an Intersection,0,None,,,1,On Roadway,3,Dark - Lighted,,,,,1,Clear,0,No,0000000,Not Applicable,4,4:00am-4:59am,0,0,4,4:00am-4:59am,10,10,4,4:00am-4:59am,35,35,,,,,,,1,
2022,27,270050,Minnesota,1,1,0,0,0,1,1,147,STEELE (147),0,NOT APPLICABLE,12,12,3,March,2022,7,Saturday,5,5:00am-5:59am,18,18,0,This section IS NOT on the NHS,1,Rural,5,Major Collector,2,County Highway Agency,4,County Road,CR-7,,133,133,44.03873889,44.03873889,-93.276536110,-93.27653611,0,No Special Jurisdiction,42,Tree (Standing Only),0,The First Harmful Event was Not a Collision with a Motor Vehicle in Transport,0,No,1,Non-Junction,1,Not an Intersection,0,None,,,6,Off Roadway-Location Unknown,2,Dark - Not Lighted,,,,,1,Clear,0,No,0000000,Not Applicable,5,5:00am-5:59am,18,18,5,5:00am-5:59am,30,30,88,"Not Applicable (Not Transported) ",88,Not Applicable (Not Transported),,,,,,,1,
2022,27,270051,Minnesota,2,2,0,0,0,2,2,171,WRIGHT (171),0,NOT APPLICABLE,14,14,3,March,2022,2,Monday,5,5:00am-5:59am,58,58,0,This section IS NOT on the NHS,1,Rural,5,Major Collector,2,County Highway Agency,4,County Road,CR-37,CR-117,244,244,45.25216667,45.25216667,-93.801063890,-93.80106389,0,No Special Jurisdiction,12,Motor Vehicle In-Transport,6,Angle,0,No,2,Intersection,2,Four-Way Intersection,0,None,,,1,On Roadway,3,Dark - Lighted,,,,,4,Snow,0,No,0000000,Not Applicable,6,6:00am-6:59am,1,1,6,6:00am-6:59am,15,15,88,"Not Applicable (Not Transported) ",88,Not Applicable (Not Transported),,,,,,,1,
2022,27,270052,Minnesota,2,2,0,0,0,2,2,9,BENTON (9),0,NOT APPLICABLE,10,10,2,February,2022,5,Thursday,17,5:00pm-5:59pm,5,5,1,This section IS ON the NHS,1,Rural,3,Principal Arterial - Other,1,State Highway Agency,3,State Highway,SR-23,CR-6,2212,2212,45.68106389,45.68106389,-93.864608330,-93.86460833,0,No Special Jurisdiction,12,Motor Vehicle In-Transport,2,Front-to-Front,0,No,2,Intersection,2,Four-Way Intersection,0,None,,,1,On Roadway,5,Dusk,,,,,4,Snow,0,No,0000000,Not Applicable,17,5:00pm-5:59pm,5,5,17,5:00pm-5:59pm,99,Unknown EMS Scene Arrival Minutes,99,Unknown,99,Unknown EMS Hospital Arrival Time,,,,,,,1,
2022,27,270053,Minnesota,2,2,0,0,0,2,2,53,HENNEPIN (53),4760,MINNEAPOLIS,21,21,3,March,2022,2,Monday,9,9:00am-9:59am,49,49,1,This section IS ON the NHS,2,Urban,3,Principal Arterial - Other,1,State Highway Agency,3,State Highway,SR-55,,1926,1926,44.95632500,44.95632500,-93.243413890,-93.24341389,0,No Special Jurisdiction,12,Motor Vehicle In-Transport,2,Front-to-Front,0,No,1,Non-Junction,1,Not an Intersection,0,None,,,1,On Roadway,1,Daylight,,,,,1,Clear,0,No,0000000,Not Applicable,9,9:00am-9:59am,49,49,9,9:00am-9:59am,54,54,10,10:00am-10:59am,0,0,,,,,,,1,