caseyear,state,st_case,statename,ve_total,ve_forms,pvh_invl,peds,pernotmvit,permvit,persons,county,countyname,city,cityname,day,dayname,month,monthname,year,day_week,day_weekname,hour,hourname,minute,minutename,nhs,nhsname,rur_urb,rur_urbname,func_sys,func_sysname,rd_owner,rd_ownername,route,routename,tway_id,tway_id2,milept,mileptname,latitude,latitudename,longitud,longitudname,sp_jur,sp_jurname,harm_ev,harm_evname,man_coll,man_collname,reljct1,reljct1name,reljct2,reljct2name,typ_int,typ_intname,wrk_zone,wrk_zonename,road_fnc,road_fncname,rel_road,rel_roadname,lgt_cond,lgt_condname,weather1,weather1name,weather2,weather2name,weather,weathername,sch_bus,sch_busname,rail,railname,not_hour,not_hourname,not_min,not_minname,arr_hour,arr_hourname,arr_min,arr_minname,hosp_hr,hosp_hrname,hosp_mn,hosp_mnname,cf1,cf1name,cf2,cf2name,cf3,cf3name,fatals,drunk_dr
2022,27,270094,Minnesota,1,1,0,0,0,1,1,87,MAHNOMEN (87),0,NOT APPLICABLE,12,12,5,May,2022,5,Thursday,11,11:00am-11:59am,38,38,0,This section IS NOT on the NHS,1,Rural,5,Major Collector,1,State Highway Agency,3,State Highway,SR-113,,168,168,47.17981944,47.17981944,-95.900533330,-95.90053333,3,Indian Reservation,53,Mail Box,0,The First Harmful Event was Not a Collision with a Motor Vehicle in Transport,0,No,1,Non-Junction,1,Not an Intersection,0,None,,,4,On Roadside,1,Daylight,,,,,10,Cloudy,0,No,0000000,Not Applicable,11,11:00am-11:59am,46,46,11,11:00am-11:59am,54,54,88,"Not Applicable (Not Transported) ",88,Not Applicable (Not Transported),,,,,,,1,
2022,27,270095,Minnesota,1,1,0,0,0,1,1,3,ANOKA (3),671,BLAINE,15,15,2,February,2022,3,Tuesday,17,5:00pm-5:59pm,42,42,0,This section IS NOT on the NHS,2,Urban,5,Major Collector,4,City or Municipal Highway Agency,6,Local Street - Municipality,87TH LA NE,89TH AVE NE,10,10,45.13190278,45.13190278,-93.260277780,-93.26027778,0,No Special Jurisdiction,38,Fence,0,The First Harmful Event was Not a Collision with a Motor Vehicle in Transport,0,No,3,Intersection-Related,3,T-Intersection,0,None,,,4,On Roadside,5,Dusk,,,,,1,Clear,0,No,0000000,Not Applicable,17,5:00pm-5:59pm,44,44,17,5:00pm-5:59pm,50,50,18,6:00pm-6:59pm,23,23,,,,,,,1,
2022,27,270096,Minnesota,2,2,0,0,0,3,3,3,ANOKA (3),190,ANOKA,17,17,5,May,2022,3,Tuesday,23,11:00pm-11:59pm,41,41,0,This section IS NOT on the NHS,2,Urban,4,Minor Arterial,4,City or Municipal Highway Agency,6,Local Street - Municipality,E MAIN ST,,8,8,45.19816389,45.19816389,-93.391200000,-93.39120000,0,No Special Jurisdiction,12,Motor Vehicle In-Transport,6,Angle,0,No,1,Non-Junction,1,Not an Intersection,0,None,,,1,On Roadway,3,Dark - Lighted,,,,,1,Clear,0,No,0000000,Not Applicable,23,11:00pm-11:59pm,47,47,23,11:00pm-11:59pm,47,47,0,0:00am-0:59am,24,24,,,,,,,1,
2022,27,270098,Minnesota,1,1,0,0,0,2,2,117,PIPESTONE (117),0,NOT APPLICABLE,17,17,5,May,2022,3,Tuesday,20,8:00pm-8:59pm,54,54,0,This section IS NOT on the NHS,1,Rural,4,Minor Arterial,1,State Highway Agency,3,State Highway,SR-30,,9,9,43.99590000,43.99590000,-96.447519440,-96.44751944,0,No Special Jurisdiction,1,Rollover/Overturn,0,The First Harmful Event was Not a Collision with a Motor Vehicle in Transport,0,No,1,Non-Junction,1,Not an Intersection,0,None,,,4,On Roadside,5,Dusk,,,,,10,Cloudy,0,No,0000000,Not Applicable,20,8:00pm-8:59pm,51,51,21,9:00pm-9:59pm,2,2,21,9:00pm-9:59pm,24,24,,,,,,,1,
2022,27,270099,Minnesota,1,1,0,0,0,1,1,145,STEARNS (145),0,NOT APPLICABLE,20,20,5,May,2022,6,Friday,13,1:00pm-1:59pm,55,55,0,This section IS NOT on the NHS,1,Rural,7,Local,2,County Highway Agency,4,County Road,CR-162,,10,10,45.36810000,45.36810000,-94.566536110,-94.56653611,0,No Special Jurisdiction,1,Rollover/Overturn,0,The First Harmful Event was Not a Collision with a Motor Vehicle in Transport,0,No,1,Non-Junction,1,Not an Intersection,0,None,,,4,On Roadside,1,Daylight,,,,,1,Clear,0,No,0000000,Not Applicable,13,1:00pm-1:59pm,55,55,14,2:00pm-2:59pm,5,5,88,"Not Applicable (Not Transported) ",88,Not Applicable (Not Transported),,,,,,,1,
2022,27,270100,Minnesota,1,1,0,0,0,1,1,123,RAMSEY (123),6070,ROSEVILLE,17,17,5,May,2022,3,Tuesday,2,2:00am-2:59am,48,48,1,This section IS ON the NHS,2,Urban,2,Principal Arterial - Other Freeways and Expressways,1,State Highway Agency,3,State Highway,SR-36 RAMP,,30,30,45.01000000,45.01000000,-93.127433330,-93.12743333,0,No Special Jurisdiction,1,Rollover/Overturn,0,The First Harmful Event was Not a Collision with a Motor Vehicle in Transport,1,Yes,5,Entrance/Exit Ramp Related,1,Not an Intersection,0,None,,,8,Gore,3,Dark - Lighted,,,,,1,Clear,0,No,0000000,Not Applicable,2,2:00am-2:59am,48,48,2,2:00am-2:59am,55,55,88,"Not Applicable (Not Transported) ",88,Not Applicable (Not Transported),,,,,,,1,
2022,27,270101,Minnesota,2,2,0,0,0,4,4,65,KANABEC (65),0,NOT APPLICABLE,21,21,5,May,2022,7,Saturday,14,2:00pm-2:59pm,0,0,0,This section IS NOT on the NHS,1,Rural,5,Major Collector,2,County Highway Agency,4,County Road,CR-8,CR-19,55,55,45.96211944,45.96211944,-93.329105560,-93.32910556,0,No Special Jurisdiction,12,Motor Vehicle In-Transport,2,Front-to-Front,0,No,2,Intersection,2,Four-Way Intersection,0,None,,,1,On Roadway,1,Daylight,,,,,1,Clear,0,No,0000000,Not Applicable,14,2:00pm-2:59pm,1,1,14,2:00pm-2:59pm,22,22,15,3:00pm-3:59pm,42,42,,,,,,,1,
2022,27,270102,Minnesota,1,1,0,0,0,1,1,115,PINE (115),0,NOT APPLICABLE,20,20,5,May,2022,6,Friday,9,9:00am-9:59am,21,21,1,This section IS ON the NHS,1,Rural,1,Interstate,1,State Highway Agency,1,Interstate,I-35,,1900,1900,46.10301944,46.10301944,-92.888755560,-92.88875556,0,No Special Jurisdiction,42,Tree (Standing Only),0,The First Harmful Event was Not a Collision with a Motor Vehicle in Transport,0,No,1,Non-Junction,1,Not an Intersection,0,None,,,3,On Median,1,Daylight,,,,,10,Cloudy,0,No,0000000,Not Applicable,9,9:00am-9:59am,22,22,9,9:00am-9:59am,28,28,9,9:00am-9:59am,41,41,,,,,,,1,
2022,27,270103,Minnesota,2,2,0,0,0,4,4,27,CLAY (27),0,NOT APPLICABLE,9,9,5,May,2022,2,Monday,17,5:00pm-5:59pm,54,54,1,This section IS ON the NHS,1,Rural,3,Principal Arterial - Other,1,State Highway Agency,2,U.S. Highway,US-USTH 10,CR-86 170TH ST N,160,160,46.87620556,46.87620556,-96.441827780,-96.44182778,0,No Special Jurisdiction,12,Motor Vehicle In-Transport,6,Angle,0,No,2,Intersection,3,T-Intersection,0,None,,,1,On Roadway,1,Daylight,,,,,1,Clear,0,No,0000000,Not Applicable,17,5:00pm-5:59pm,54,54,18,6:00pm-6:59pm,5,5,88,"Not Applicable (Not Transported) ",88,Not Applicable (Not Transported),,,,,,,1,
2022,27,270104,Minnesota,1,1,0,0,0,2,2,107,NORMAN (107),0,NOT APPLICABLE,9,9,5,May,2022,2,Monday,19,7:00pm-7:59pm,28,28,0,This section IS NOT on the NHS,1,Rural,4,Minor Arterial,1,State Highway Agency,2,U.S. Highway,US-USTH 75,,2837,2837,47.32793056,47.32793056,-96.821819440,-96.82181944,0,No Special Jurisdiction,34,Ditch,0,The First Harmful Event was Not a Collision with a Motor Vehicle in Transport,0,No,1,Non-Junction,1,Not an Intersection,0,None,,,4,On Roadside,5,Dusk,,,,,10,Cloudy,0,No,0000000,Not Applicable,20,8:00pm-8:59pm,1,1,20,8:00pm-8:59pm,19,19,99,Unknown,99,Unknown EMS Hospital Arrival Time,,,,,,,1,
2022,27,270105,Minnesota,2,2,0,0,0,4,4,91,MARTIN (91),0,NOT APPLICABLE,18,18,5,May,2022,4,Wednesday,15,3:00pm-3:59pm,40,40,0,This section IS NOT on the NHS,1,Rural,7,Local,2,County Highway Agency,4,County Road,CR-107,,55,55,43.63943889,43.63943889,-94.794069440,-94.79406944,0,No Special Jurisdiction,12,Motor Vehicle In-Transport,6,Angle,0,No,1,Non-Junction,1,Not an Intersection,0,None,,,1,On Roadway,1,Daylight,,,,,1,Clear,0,No,0000000,Not Applicable,15,3:00pm-3:59pm,40,40,15,3:00pm-3:59pm,50,50,16,4:00pm-4:59pm,25,25,,,,,,,1,
2022,27,270106,Minnesota,2,2,0,0,0,4,4,79,LE SUEUR (79),0,NOT APPLICABLE,18,18,5,May,2022,4,Wednesday,7,7:00am-7:59am,22,22,0,This section IS NOT on the NHS,1,Rural,4,Minor Arterial,1,State Highway Agency,3,State Highway,SR-60,,1241,1241,44.20328611,44.20328611,-93.754008330,-93.75400833,0,No Special Jurisdiction,12,Motor Vehicle In-Transport,2,Front-to-Front,0,No,1,Non-Junction,1,Not an Intersection,0,None,,,1,On Roadway,1,Daylight,,,,,1,Clear,0,No,0000000,Not Applicable,7,7:00am-7:59am,22,22,7,7:00am-7:59am,25,25,8,8:00am-8:59am,20,20,,,,,,,1,
2022,27,270107,Minnesota,2,2,0,0,0,4,4,139,SCOTT (139),0,NOT APPLICABLE,22,22,5,May,2022,1,Sunday,3,3:00am-3:59am,20,20,1,This section IS ON the NHS,1,Rural,3,Principal Arterial - Other,1,State Highway Agency,2,U.S. Highway,US-169,,959,959,44.65672222,44.65672222,-93.676219440,-93.67621944,0,No Special Jurisdiction,12,Motor Vehicle In-Transport,2,Front-to-Front,0,No,1,Non-Junction,1,Not an Intersection,0,None,,,1,On Roadway,2,Dark - Not Lighted,,,,,1,Clear,0,No,0000000,Not Applicable,3,3:00am-3:59am,22,22,3,3:00am-3:59am,36,36,4,4:00am-4:59am,43,43,,,,,,,1,
2022,27,270108,Minnesota,1,1,0,0,0,1,1,129,RENVILLE (129),0,NOT APPLICABLE,23,23,5,May,2022,2,Monday,12,12:00pm-12:59pm,45,45,0,This section IS NOT on the NHS,1,Rural,5,Major Collector,2,County Highway Agency,4,County Road,CR-11,,67,67,44.83504722,44.83504722,-95.361266670,-95.36126667,0,No Special Jurisdiction,35,Embankment,0,The First Harmful Event was Not a Collision with a Motor Vehicle in Transport,0,No,1,Non-Junction,1,Not an Intersection,0,None,,,4,On Roadside,1,Daylight,,,,,1,Clear,0,No,0000000,Not Applicable,12,12:00pm-12:59pm,50,50,13,1:00pm-1:59pm,2,2,88,"Not Applicable (Not Transported) ",88,Not Applicable (Not Transported),,,,,,,1,
2022,27,270109,Minnesota,2,2,0,0,0,4,4,83,LYON (83),0,NOT APPLICABLE,29,29,4,April,2022,6,Friday,20,8:00pm-8:59pm,11,11,1,This section IS ON the NHS,1,Rural,3,Principal Arterial - Other,1,State Highway Agency,3,State Highway,SR-23,CR-67,775,775,44.48680556,44.48680556,-95.756008330,-95.75600833,0,No Special Jurisdiction,12,Motor Vehicle In-Transport,2,Front-to-Front,0,No,2,Intersection,2,Four-Way Intersection,0,None,,,1,On Roadway,5,Dusk,,,,,2,Rain,0,No,0000000,Not Applicable,20,8:00pm-8:59pm,11,11,20,8:00pm-8:59pm,18,18,20,8:00pm-8:59pm,37,37,,,,,,,1,
2022,27,270110,Minnesota,2,2,0,0,0,5,5,105,NOBLES (105),0,NOT APPLICABLE,11,11,5,May,2022,4,Wednesday,17,5:00pm-5:59pm,58,58,1,This section IS ON the NHS,1,Rural,1,Interstate,1,State Highway Agency,1,Interstate,I-90,,458,458,43.63754444,43.63754444,-95.552877780,-95.55287778,0,No Special Jurisdiction,18,Other Object (not fixed),0,The First Harmful Event was Not a Collision with a Motor Vehicle in Transport,0,No,1,Non-Junction,1,Not an Intersection,0,None,,,1,On Roadway,5,Dusk,,,,,2,Rain,0,No,0000000,Not Applicable,18,6:00pm-6:59pm,0,0,18,6:00pm-6:59pm,23,23,19,7:00pm-7:59pm,2,2,,,,,,,1,
2022,27,270111,Minnesota,2,2,0,0,0,2,2,157,WABASHA (157),0,NOT APPLICABLE,20,20,5,May,2022,6,Friday,15,3:00pm-3:59pm,8,8,1,This section IS ON the NHS,1,Rural,3,Principal Arterial - Other,1,State Highway Agency,2,U.S. Highway,US-61,SR-42,536,536,44.30011111,44.30011111,-92.000027780,-92.00002778,0,No Special Jurisdiction,12,Motor Vehicle In-Transport,6,Angle,0,No,2,Intersection,2,Four-Way Intersection,1,Construction,,,1,On Roadway,1,Daylight,,,,,1,Clear,0,No,0000000,Not Applicable,15,3:00pm-3:59pm,9,9,15,3:00pm-3:59pm,17,17,15,3:00pm-3:59pm,28,28,,,,,,,1,
2022,27,270112,Minnesota,2,2,0,0,0,3,3,109,OLMSTED (109),2270,EYOTA,12,12,5,May,2022,5,Thursday,18,6:00pm-6:59pm,26,26,0,This section IS NOT on the NHS,1,Rural,4,Minor Arterial,1,State Highway Agency,3,State Highway,SR-42,,25,25,43.99100278,43.99100278,-92.239108330,-92.23910833,0,No Special Jurisdiction,12,Motor Vehicle In-Transport,1,Front-to-Rear,0,No,1,Non-Junction,1,Not an Intersection,0,None,,,1,On Roadway,1,Daylight,,,,,1,Clear,0,No,193264C,193264C,18,6:00pm-6:59pm,26,26,18,6:00pm-6:59pm,33,33,19,7:00pm-7:59pm,10,10,,,,,,,1,
2022,27,270113,Minnesota,2,2,0,0,0,2,2,97,MORRISON (97),0,NOT APPLICABLE,13,13,5,May,2022,6,Friday,10,10:00am-10:59am,48,48,0,This section IS NOT on the NHS,1,Rural,4,Minor Arterial,1,State Highway Agency,3,State Highway,SR-27,,1285,1285,45.97703333,45.97703333,-94.523475000,-94.52347500,0,No Special Jurisdiction,12,Motor Vehicle In-Transport,6,Angle,0,No,1,Non-Junction,1,Not an Intersection,0,None,,,2,On Shoulder,1,Daylight,,,,,1,Clear,0,No,0000000,Not Applicable,10,10:00am-10:59am,48,48,11,11:00am-11:59am,7,7,88,"Not Applicable (Not Transported) ",88,Not Applicable (Not Transported),,,,,,,1,
2022,27,270114,Minnesota,2,2,0,0,0,2,2,171,WRIGHT (171),0,NOT APPLICABLE,24,24,5,May,2022,3,Tuesday,14,2:00pm-2:59pm,55,55,0,This section IS NOT on the NHS,1,Rural,4,Minor Arterial,2,County Highway Agency,4,County Road,CR-6,,102,102,45.10992778,45.10992778,-94.073663890,-94.07366389,0,No Special Jurisdiction,12,Motor Vehicle In-Transport,2,Front-to-Front,0,No,1,Non-Junction,1,Not an Intersection,0,None,,,1,On Roadway,1,Daylight,,,,,1,Clear,0,No,0000000,Not Applicable,14,2:00pm-2:59pm,57,57,15,3:00pm-3:59pm,1,1,88,"Not Applicable (Not Transported) ",88,Not Applicable (Not Transported),,,,,,,1,
2022,27,270115,Minnesota,2,2,0,0,0,3,3,3,ANOKA (3),3007,HAM LAKE,26,26,5,May,2022,5,Thursday,17,5:00pm-5:59pm,25,25,0,This section IS NOT on the NHS,2,Urban,4,Minor Arterial,2,County Highway Agency,4,County Road,CR-17,143RD AVE NE,73,73,45.22932778,45.22932778,-93.162952780,-93.16295278,0,No Special Jurisdiction,12,Motor Vehicle In-Transport,6,Angle,0,No,2,Intersection,3,T-Intersection,0,None,,,1,On Roadway,1,Daylight,,,,,1,Clear,0,No,0000000,Not Applicable,17,5:00pm-5:59pm,25,25,17,5:00pm-5:59pm,40,40,88,"Not Applicable (Not Transported) ",88,Not Applicable (Not Transported),,,,,,,1,
2022,27,270116,Minnesota,1,1,0,1,1,2,2,123,RAMSEY (123),6330,ST. PAUL,28,28,5,May,2022,7,Saturday,2,2:00am-2:59am,21,21,0,This section IS NOT on the NHS,2,Urban,4,Minor Arterial,2,County Highway Agency,4,County Road,CR-35 W MARSHALL AVE,,1,1,44.94837500,44.94837500,-93.200275000,-93.20027500,0,No Special Jurisdiction,8,Pedestrian,0,The First Harmful Event was Not a Collision with a Motor Vehicle in Transport,0,No,1,Non-Junction,1,Not an Intersection,0,None,,,1,On Roadway,3,Dark - Lighted,,,,,1,Clear,0,No,0000000,Not Applicable,2,2:00am-2:59am,21,21,2,2:00am-2:59am,25,25,99,Unknown,99,Unknown EMS Hospital Arrival Time,,,,,,,1,
2022,27,270117,Minnesota,1,1,0,0,0,1,1,39,DODGE (39),0,NOT APPLICABLE,27,27,5,May,2022,6,Friday,19,7:00pm-7:59pm,11,11,0,This section IS NOT on the NHS,1,Rural,5,Major Collector,2,County Highway Agency,4,County Road,CR-16 595TH ST,,10,10,44.08809444,44.08809444,-92.880213890,-92.88021389,0,No Special Jurisdiction,1,Rollover/Overturn,0,The First Harmful Event was Not a Collision with a Motor Vehicle in Transport,0,No,1,Non-Junction,1,Not an Intersection,0,None,,,4,On Roadside,1,Daylight,,,,,1,Clear,0,No,0000000,Not Applicable,19,7:00pm-7:59pm,10,10,19,7:00pm-7:59pm,19,19,88,"Not Applicable (Not Transported) ",88,Not Applicable (Not Transported),,,,,,,1,
2022,27,270118,Minnesota,2,2,0,0,0,3,3,11,BIG STONE (11),0,NOT APPLICABLE,28,28,5,May,2022,7,Saturday,17,5:00pm-5:59pm,9,9,0,This section IS NOT on the NHS,1,Rural,4,Minor Arterial,1,State Highway Agency,2,U.S. Highway,US-12,CR-21,66,66,45.29818889,45.29818889,-96.323555560,-96.32355556,0,No Special Jurisdiction,12,Motor Vehicle In-Transport,6,Angle,0,No,2,Intersection,2,Four-Way Intersection,0,None,,,1,On Roadway,1,Daylight,,,,,10,Cloudy,0,No,0000000,Not Applicable,17,5:00pm-5:59pm,9,9,17,5:00pm-5:59pm,16,16,17,5:00pm-5:59pm,40,40,,,,,,,1,
2022,27,270119,Minnesota,2,2,0,0,0,3,3,59,ISANTI (59),0,NOT APPLICABLE,29,29,5,May,2022,1,Sunday,14,2:00pm-2:59pm,42,42,1,This section IS ON the NHS,1,Rural,3,Principal Arterial - Other,1,State Highway Agency,3,State Highway,SR-65,N RYAN LAKE RD,349,349,45.47857778,45.47857778,-93.237855560,-93.23785556,0,No Special Jurisdiction,12,Motor Vehicle In-Transport,6,Angle,0,No,2,Intersection,2,Four-Way Intersection,0,None,,,1,On Roadway,1,Daylight,,,,,1,Clear,0,No,0000000,Not Applicable,14,2:00pm-2:59pm,42,42,14,2:00pm-2:59pm,52,52,15,3:00pm-3:59pm,23,23,,,,,,,1,
2022,27,270120,Minnesota,1,1,0,0,0,1,1,145,STEARNS (145),6250,ST. CLOUD,27,27,5,May,2022,6,Friday,16,4:00pm-4:59pm,48,48,1,This section IS ON the NHS,2,Urban,3,Principal Arterial - Other,1,State Highway Agency,3,State Highway,SR-15,,1514,1514,45.58482222,45.58482222,-94.201272220,-94.20127222,0,No Special Jurisdiction,42,Tree (Standing Only),0,The First Harmful Event was Not a Collision with a Motor Vehicle in Transport,0,No,1,Non-Junction,1,Not an Intersection,0,None,,,5,Outside Trafficway,1,Daylight,,,,,1,Clear,0,No,0000000,Not Applicable,16,4:00pm-4:59pm,48,48,16,4:00pm-4:59pm,58,58,17,5:00pm-5:59pm,10,10,,,,,,,1,
2022,27,270121,Minnesota,2,2,0,0,0,2,2,3,ANOKA (3),3007,HAM LAKE,1,1,6,June,2022,4,Wednesday,14,2:00pm-2:59pm,35,35,0,This section IS NOT on the NHS,2,Urban,4,Minor Arterial,2,County Highway Agency,4,County Road,CR-18,,92,92,45.28516667,45.28516667,-93.258000000,-93.25800000,0,No Special Jurisdiction,12,Motor Vehicle In-Transport,6,Angle,0,No,1,Non-Junction,1,Not an Intersection,0,None,,,1,On Roadway,1,Daylight,,,,,1,Clear,0,No,0000000,Not Applicable,14,2:00pm-2:59pm,36,36,14,2:00pm-2:59pm,40,40,15,3:00pm-3:59pm,16,16,,,,,,,1,
2022,27,270122,Minnesota,1,1,0,0,0,1,1,19,CARVER (19),1180,CHASKA,28,28,5,May,2022,7,Saturday,13,1:00pm-1:59pm,48,48,1,This section IS ON the NHS,2,Urban,2,Principal Arterial - Other Freeways and Expressways,1,State Highway Agency,2,U.S. Highway,US-212,,1468,1468,44.79439444,44.79439444,-93.631708330,-93.63170833,0,No Special Jurisdiction,1,Rollover/Overturn,0,The First Harmful Event was Not a Collision with a Motor Vehicle in Transport,0,No,1,Non-Junction,1,Not an Intersection,0,None,,,4,On Roadside,1,Daylight,,,,,1,Clear,0,No,0000000,Not Applicable,99,Unknown,99,Unknown,99,Unknown EMS Scene Arrival Hour,99,Unknown EMS Scene Arrival Minutes,99,Unknown,99,Unknown EMS Hospital Arrival Time,,,,,,,1,
2022,27,270123,Minnesota,2,2,0,0,0,2,2,79,LE SUEUR (79),0,NOT APPLICABLE,2,2,6,June,2022,5,Thursday,9,9:00am-9:59am,44,44,0,This section IS NOT on the NHS,1,Rural,4,Minor Arterial,1,State Highway Agency,3,State Highway,SR-13,,591,591,44.41929722,44.41929722,-93.588811110,-93.58881111,0,No Special Jurisdiction,12,Motor Vehicle In-Transport,2,Front-to-Front,0,No,1,Non-Junction,1,Not an Intersection,0,None,,,1,On Roadway,1,Daylight,,,,,1,Clear,0,No,0000000,Not Applicable,9,9:00am-9:59am,45,45,10,10:00am-10:59am,0,0,88,"Not Applicable (Not Transported) ",88,Not Applicable (Not Transported),,,,,,,1,
2022,27,270124,Minnesota,2,2,0,0,0,2,2,3,ANOKA (3),671,BLAINE,6,6,6,June,2022,2,Monday,4,4:00am-4:59am,28,28,1,This section IS ON the NHS,2,Urban,3,Principal Arterial - Other,1,State Highway Agency,3,State Highway,SR-65,CR-12,134,134,45.16818333,45.16818333,-93.235219440,-93.23521944,0,No Special Jurisdiction,12,Motor Vehicle In-Transport,6,Angle,0,No,2,Intersection,2,Four-Way Intersection,0,None,,,1,On Roadway,3,Dark - Lighted,,,,,10,Cloudy,0,No,0000000,Not Applicable,4,4:00am-4:59am,29,29,4,4:00am-4:59am,35,35,6,6:00am-6:59am,35,35,,,,,,,1,
2022,27,270125,Minnesota,2,2,0,0,0,2,2,3,ANOKA (3),1492,COON RAPIDS,7,7,6,June,2022,3,Tuesday,20,8:00pm-8:59pm,42,42,0,This section IS NOT on the NHS,2,Urban,4,Minor Arterial,2,County Highway Agency,4,County Road,CR-78 HANSON BLVD NW,129TH LA NW,32,32,45.20603333,45.20603333,-93.306394440,-93.30639444,0,No Special Jurisdiction,12,Motor Vehicle In-Transport,6,Angle,0,No,2,Intersection,3,T-Intersection,0,None,,,1,On Roadway,1,Daylight,,,,,1,Clear,0,No,0000000,Not Applicable,20,8:00pm-8:59pm,43,43,20,8:00pm-8:59pm,51,51,21,9:00pm-9:59pm,14,14,,,,,,,2,
2022,27,270126,Minnesota,1,1,0,0,0,1,1,13,BLUE EARTH (13),1960,EAGLE LAKE,8,8,6,June,2022,4,Wednesday,21,9:00pm-9:59pm,20,20,0,This section IS NOT on the NHS,2,Urban,7,Local,4,City or Municipal Highway Agency,6,Local Street - Municipality,211TH ST,,1,1,44.15240000,44.15240000,-93.887580560,-93.88758056,0,No Special Jurisdiction,1,Rollover/Overturn,0,The First Harmful Event was Not a Collision with a Motor Vehicle in Transport,0,No,1,Non-Junction,1,Not an Intersection,0,None,,,1,On Roadway,5,Dusk,,,,,1,Clear,0,No,0000000,Not Applicable,21,9:00pm-9:59pm,20,20,21,9:00pm-9:59pm,35,35,88,"Not Applicable (Not Transported) ",88,Not Applicable (Not Transported),,,,,,,1,
2022,27,270127,Minnesota,2,2,0,0,0,2,2,87,MAHNOMEN (87),0,NOT APPLICABLE,7,7,6,June,2022,3,Tuesday,7,7:00am-7:59am,33,33,1,This section IS ON the NHS,1,Rural,3,Principal Arterial - Other,1,State Highway Agency,2,U.S. Highway,US-59,,2913,2913,47.22358333,47.22358333,-95.933233330,-95.93323333,3,Indian Reservation,12,Motor Vehicle In-Transport,8,Sideswipe - Opposite Direction,0,No,1,Non-Junction,1,Not an Intersection,0,None,,,2,On Shoulder,1,Daylight,,,,,1,Clear,0,No,0000000,Not Applicable,7,7:00am-7:59am,33,33,7,7:00am-7:59am,41,41,88,"Not Applicable (Not Transported) ",88,Not Applicable (Not Transported),,,,,,,1,
2022,27,270128,Minnesota,2,2,0,0,0,2,2,139,SCOTT (139),6450,SAVAGE,8,8,6,June,2022,4,Wednesday,13,1:00pm-1:59pm,32,32,0,This section IS NOT on the NHS,2,Urban,4,Minor Arterial,1,State Highway Agency,3,State Highway,SR-13,128TH ST,915,915,44.77171389,44.77171389,-93.378802780,-93.37880278,0,No Special Jurisdiction,12,Motor Vehicle In-Transport,6,Angle,0,No,2,Intersection,2,Four-Way Intersection,0,None,,,1,On Roadway,1,Daylight,,,,,1,Clear,0,No,0000000,Not Applicable,13,1:00pm-1:59pm,32,32,13,1:00pm-1:59pm,40,40,14,2:00pm-2:59pm,22,22,,,,,,,1,
2022,27,270129,Minnesota,2,2,0,0,0,2,2,25,CHISAGO (25),0,NOT APPLICABLE,9,9,6,June,2022,5,Thursday,6,6:00am-6:59am,43,43,0,This section IS NOT on the NHS,1,Rural,4,Minor Arterial,1,State Highway Agency,3,State Highway,SR-95 SAINT CROIX TR,CR-9 SUNRISE RD,610,610,45.51317500,45.51317500,-92.845319440,-92.84531944,0,No Special Jurisdiction,12,Motor Vehicle In-Transport,6,Angle,0,No,2,Intersection,2,Four-Way Intersection,0,None,,,1,On Roadway,1,Daylight,,,,,1,Clear,0,No,0000000,Not Applicable,6,6:00am-6:59am,41,41,7,7:00am-7:59am,0,0,88,"Not Applicable (Not Transported) ",88,Not Applicable (Not Transported),,,,,,,1,
2022,27,270130,Minnesota,2,2,0,0,0,2,2,111,OTTER TAIL (111),0,NOT APPLICABLE,10,10,6,June,2022,6,Friday,11,11:00am-11:59am,10,10,0,This section IS NOT on the NHS,1,Rural,5,Major Collector,2,County Highway Agency,4,County Road,CR-67,340TH ST,113,113,46.45584167,46.45584167,-95.407616670,-95.40761667,0,No Special Jurisdiction,12,Motor Vehicle In-Transport,6,Angle,0,No,2,Intersection,2,Four-Way Intersection,0,None,,,1,On Roadway,1,Daylight,,,,,1,Clear,0,No,0000000,Not Applicable,11,11:00am-11:59am,10,10,11,11:00am-11:59am,20,20,99,Unknown,99,Unknown EMS Hospital Arrival Time,,,,,,,1,
2022,27,270131,Minnesota,2,2,0,0,0,5,5,137,ST LOUIS (137),0,NOT APPLICABLE,11,11,6,June,2022,7,Saturday,13,1:00pm-1:59pm,42,42,0,This section IS NOT on the NHS,1,Rural,4,Minor Arterial,1,State Highway Agency,3,State Highway,SR-37,CR-5,71,71,47.39823333,47.39823333,-92.796716670,-92.79671667,0,No Special Jurisdiction,12,Motor Vehicle In-Transport,2,Front-to-Front,0,No,2,Intersection,3,T-Intersection,0,None,,,1,On Roadway,1,Daylight,,,,,1,Clear,0,No,0000000,Not Applicable,13,1:00pm-1:59pm,42,42,13,1:00pm-1:59pm,48,48,15,3:00pm-3:59pm,5,5,,,,,,,1,
2022,27,270132,Minnesota,2,2,0,0,0,5,5,13,BLUE EARTH (13),0,NOT APPLICABLE,14,14,6,June,2022,3,Tuesday,16,4:00pm-4:59pm,16,16,0,This section IS NOT on the NHS,1,Rural,6,Minor Collector,2,County Highway Agency,4,County Road,CR-39,148 ST,35,35,43.97840000,43.97840000,-94.008480560,-94.00848056,0,No Special Jurisdiction,12,Motor Vehicle In-Transport,6,Angle,0,No,2,Intersection,2,Four-Way Intersection,0,None,,,1,On Roadway,1,Daylight,,,,,10,Cloudy,0,No,0000000,Not Applicable,16,4:00pm-4:59pm,17,17,16,4:00pm-4:59pm,21,21,17,5:00pm-5:59pm,0,0,,,,,,,1,