caseyear,state,st_case,statename,ve_total,ve_forms,pvh_invl,peds,pernotmvit,permvit,persons,county,countyname,city,cityname,day,dayname,month,monthname,year,day_week,day_weekname,hour,hourname,minute,minutename,nhs,nhsname,rur_urb,rur_urbname,func_sys,func_sysname,rd_owner,rd_ownername,route,routename,tway_id,tway_id2,milept,mileptname,latitude,latitudename,longitud,longitudname,sp_jur,sp_jurname,harm_ev,harm_evname,man_coll,man_collname,reljct1,reljct1name,reljct2,reljct2name,typ_int,typ_intname,wrk_zone,wrk_zonename,road_fnc,road_fncname,rel_road,rel_roadname,lgt_cond,lgt_condname,weather1,weather1name,weather2,weather2name,weather,weathername,sch_bus,sch_busname,rail,railname,not_hour,not_hourname,not_min,not_minname,arr_hour,arr_hourname,arr_min,arr_minname,hosp_hr,hosp_hrname,hosp_mn,hosp_mnname,cf1,cf1name,cf2,cf2name,cf3,cf3name,fatals,drunk_dr
2022,27,270170,Minnesota,1,1,0,0,0,1,1,39,DODGE (39),0,NOT APPLICABLE,13,13,7,July,2022,4,Wednesday,10,10:00am-10:59am,21,21,0,This section IS NOT on the NHS,1,Rural,4,Minor Arterial,1,State Highway Agency,3,State Highway,SR-30,,1943,1943,43.87160278,43.87160278,-93.005533330,-93.00553333,0,No Special Jurisdiction,34,Ditch,0,The First Harmful Event was Not a Collision with a Motor Vehicle in Transport,0,No,1,Non-Junction,1,Not an Intersection,0,None,,,4,On Roadside,1,Daylight,,,,,1,Clear,0,No,0000000,Not Applicable,0,0:00am-0:59am,0,0,0,0:00am-0:59am,0,0,88,"Not Applicable (Not Transported) ",88,Not Applicable (Not Transported),,,,,,,1,
2022,27,270171,Minnesota,2,2,0,0,0,5,5,35,CROW WING (35),5600,PEQUOT LAKES,9,9,7,July,2022,7,Saturday,9,9:00am-9:59am,21,21,1,This section IS ON the NHS,1,Rural,3,Principal Arterial - Other,1,State Highway Agency,3,State Highway,SR-371,CR-107,427,427,46.54475278,46.54475278,-94.308922220,-94.30892222,0,No Special Jurisdiction,12,Motor Vehicle In-Transport,6,Angle,0,No,2,Intersection,2,Four-Way Intersection,0,None,,,1,On Roadway,1,Daylight,,,,,1,Clear,0,No,0000000,Not Applicable,9,9:00am-9:59am,30,30,9,9:00am-9:59am,30,30,10,10:00am-10:59am,34,34,,,,,,,1,
2022,27,270172,Minnesota,2,2,0,0,0,2,2,97,MORRISON (97),0,NOT APPLICABLE,12,12,7,July,2022,3,Tuesday,12,12:00pm-12:59pm,8,8,0,This section IS NOT on the NHS,1,Rural,4,Minor Arterial,1,State Highway Agency,3,State Highway,SR-27,,1337,1337,45.97688056,45.97688056,-94.414305560,-94.41430556,0,No Special Jurisdiction,12,Motor Vehicle In-Transport,2,Front-to-Front,0,No,1,Non-Junction,1,Not an Intersection,0,None,,,1,On Roadway,1,Daylight,,,,,1,Clear,0,No,0000000,Not Applicable,12,12:00pm-12:59pm,8,8,12,12:00pm-12:59pm,12,12,12,12:00pm-12:59pm,25,25,,,,,,,1,
2022,27,270173,Minnesota,2,2,0,0,0,2,2,91,MARTIN (91),0,NOT APPLICABLE,1,1,7,July,2022,6,Friday,21,9:00pm-9:59pm,53,53,1,This section IS ON the NHS,1,Rural,1,Interstate,1,State Highway Agency,1,Interstate,I-90,,1061,1061,43.67019444,43.67019444,-94.368780560,-94.36878056,0,No Special Jurisdiction,12,Motor Vehicle In-Transport,1,Front-to-Rear,0,No,1,Non-Junction,1,Not an Intersection,0,None,,,1,On Roadway,2,Dark - Not Lighted,,,,,1,Clear,0,No,0000000,Not Applicable,21,9:00pm-9:59pm,53,53,22,10:00pm-10:59pm,2,2,23,11:00pm-11:59pm,40,40,,,,,,,1,
2022,27,270174,Minnesota,1,1,0,0,0,5,5,121,POPE (121),0,NOT APPLICABLE,7,7,7,July,2022,5,Thursday,12,12:00pm-12:59pm,31,31,0,This section IS NOT on the NHS,1,Rural,7,Local,3,Town or Township Highway Agency,5,Local Street - Township,260TH AVE,,5,5,45.69330278,45.69330278,-95.469186110,-95.46918611,0,No Special Jurisdiction,1,Rollover/Overturn,0,The First Harmful Event was Not a Collision with a Motor Vehicle in Transport,0,No,1,Non-Junction,1,Not an Intersection,0,None,,,4,On Roadside,1,Daylight,,,,,1,Clear,0,No,0000000,Not Applicable,12,12:00pm-12:59pm,41,41,13,1:00pm-1:59pm,1,1,13,1:00pm-1:59pm,52,52,,,,,,,1,
2022,27,270175,Minnesota,2,2,0,0,0,3,3,123,RAMSEY (123),6330,ST. PAUL,17,17,7,July,2022,1,Sunday,22,10:00pm-10:59pm,5,5,0,This section IS NOT on the NHS,2,Urban,5,Major Collector,4,City or Municipal Highway Agency,6,Local Street - Municipality,N FOREST ST,NONE,15,15,44.97345833,44.97345833,-93.060855560,-93.06085556,0,No Special Jurisdiction,12,Motor Vehicle In-Transport,6,Angle,0,No,2,Intersection,3,T-Intersection,0,None,,,1,On Roadway,3,Dark - Lighted,,,,,1,Clear,0,No,0000000,Not Applicable,22,10:00pm-10:59pm,5,5,22,10:00pm-10:59pm,12,12,88,"Not Applicable (Not Transported) ",88,Not Applicable (Not Transported),,,,,,,1,
2022,27,270176,Minnesota,1,1,0,1,1,2,2,137,ST LOUIS (137),1900,DULUTH,10,10,7,July,2022,1,Sunday,23,11:00pm-11:59pm,15,15,0,This section IS NOT on the NHS,2,Urban,4,Minor Arterial,4,City or Municipal Highway Agency,6,Local Street - Municipality,GLENWOOD ST,,21,21,46.83666944,46.83666944,-92.052402780,-92.05240278,0,No Special Jurisdiction,8,Pedestrian,0,The First Harmful Event was Not a Collision with a Motor Vehicle in Transport,0,No,1,Non-Junction,1,Not an Intersection,0,None,,,99,Reported as Unknown,2,Dark - Not Lighted,,,,,10,Cloudy,0,No,0000000,Not Applicable,23,11:00pm-11:59pm,16,16,23,11:00pm-11:59pm,24,24,88,"Not Applicable (Not Transported) ",88,Not Applicable (Not Transported),,,,,,,1,
2022,27,270177,Minnesota,3,3,0,0,0,5,5,27,CLAY (27),4880,MOORHEAD,15,15,7,July,2022,6,Friday,14,2:00pm-2:59pm,2,2,1,This section IS ON the NHS,2,Urban,1,Interstate,1,State Highway Agency,1,Interstate,I-94,,18,18,46.84735278,46.84735278,-96.741883330,-96.74188333,0,No Special Jurisdiction,12,Motor Vehicle In-Transport,1,Front-to-Rear,0,No,1,Non-Junction,1,Not an Intersection,1,Construction,,,1,On Roadway,1,Daylight,,,,,1,Clear,0,No,0000000,Not Applicable,14,2:00pm-2:59pm,7,7,14,2:00pm-2:59pm,99,Unknown EMS Scene Arrival Minutes,88,"Not Applicable (Not Transported) ",88,Not Applicable (Not Transported),,,,,,,3,
2022,27,270178,Minnesota,1,1,0,0,0,2,2,157,WABASHA (157),0,NOT APPLICABLE,16,16,7,July,2022,7,Saturday,19,7:00pm-7:59pm,50,50,0,This section IS NOT on the NHS,1,Rural,6,Minor Collector,2,County Highway Agency,4,County Road,CR-6,,38,38,44.23011111,44.23011111,-92.369936110,-92.36993611,0,No Special Jurisdiction,11,Live Animal,0,The First Harmful Event was Not a Collision with a Motor Vehicle in Transport,0,No,1,Non-Junction,1,Not an Intersection,0,None,,,1,On Roadway,1,Daylight,,,,,1,Clear,0,No,0000000,Not Applicable,19,7:00pm-7:59pm,45,45,19,7:00pm-7:59pm,55,55,20,8:00pm-8:59pm,55,55,,,,,,,1,
2022,27,270179,Minnesota,1,1,0,0,0,1,1,35,CROW WING (35),420,BAXTER,18,18,7,July,2022,2,Monday,4,4:00am-4:59am,40,40,1,This section IS ON the NHS,2,Urban,3,Principal Arterial - Other,1,State Highway Agency,3,State Highway,SR-371,,267,267,46.34150000,46.34150000,-94.245983330,-94.24598333,0,No Special Jurisdiction,34,Ditch,0,The First Harmful Event was Not a Collision with a Motor Vehicle in Transport,0,No,1,Non-Junction,1,Not an Intersection,0,None,,,4,On Roadside,2,Dark - Not Lighted,,,,,1,Clear,0,No,0000000,Not Applicable,88,Not Applicable (Not Notified),88,Not Applicable (Not Notified),88,Not Applicable,88,Not Applicable,88,"Not Applicable (Not Transported) ",88,Not Applicable (Not Transported),,,,,,,1,
2022,27,270180,Minnesota,2,2,0,0,0,2,2,19,CARVER (19),1180,CHASKA,14,14,7,July,2022,5,Thursday,8,8:00am-8:59am,54,54,0,This section IS NOT on the NHS,2,Urban,4,Minor Arterial,2,County Highway Agency,4,County Road,CR-10 ENGLER BLVD,CLOVER RIDGE DR,213,213,44.80580278,44.80580278,-93.630736110,-93.63073611,0,No Special Jurisdiction,12,Motor Vehicle In-Transport,6,Angle,0,No,2,Intersection,2,Four-Way Intersection,0,None,,,1,On Roadway,1,Daylight,,,,,1,Clear,0,No,0000000,Not Applicable,8,8:00am-8:59am,55,55,9,9:00am-9:59am,1,1,9,9:00am-9:59am,32,32,,,,,,,1,
2022,27,270181,Minnesota,1,1,0,0,0,2,2,171,WRIGHT (171),5487,OTSEGO,16,16,7,July,2022,7,Saturday,22,10:00pm-10:59pm,8,8,0,This section IS NOT on the NHS,2,Urban,7,Local,4,City or Municipal Highway Agency,6,Local Street - Municipality,78TH ST NE,,1,1,45.26418333,45.26418333,-93.599344440,-93.59934444,0,No Special Jurisdiction,1,Rollover/Overturn,0,The First Harmful Event was Not a Collision with a Motor Vehicle in Transport,0,No,1,Non-Junction,1,Not an Intersection,1,Construction,,,4,On Roadside,2,Dark - Not Lighted,,,,,1,Clear,0,No,0000000,Not Applicable,22,10:00pm-10:59pm,10,10,22,10:00pm-10:59pm,27,27,22,10:00pm-10:59pm,27,27,,,,,,,1,
2022,27,270182,Minnesota,4,4,0,0,0,4,4,53,HENNEPIN (53),1150,CHAMPLIN,21,21,7,July,2022,5,Thursday,12,12:00pm-12:59pm,29,29,1,This section IS ON the NHS,2,Urban,3,Principal Arterial - Other,1,State Highway Agency,2,U.S. Highway,US-169,,1410,1410,45.16321667,45.16321667,-93.391438890,-93.39143889,0,No Special Jurisdiction,12,Motor Vehicle In-Transport,7,Sideswipe - Same Direction,0,No,1,Non-Junction,1,Not an Intersection,0,None,,,1,On Roadway,1,Daylight,,,,,1,Clear,0,No,0000000,Not Applicable,12,12:00pm-12:59pm,29,29,99,Unknown EMS Scene Arrival Hour,99,Unknown EMS Scene Arrival Minutes,99,Unknown,99,Unknown EMS Hospital Arrival Time,,,,,,,1,
2022,27,270183,Minnesota,2,2,0,0,0,2,2,3,ANOKA (3),28,ANDOVER,22,22,7,July,2022,6,Friday,10,10:00am-10:59am,50,50,0,This section IS NOT on the NHS,2,Urban,5,Major Collector,2,County Highway Agency,4,County Road,CR-58 TULIP ST NW,173RD LN NW,22,22,45.28510278,45.28510278,-93.357127780,-93.35712778,0,No Special Jurisdiction,12,Motor Vehicle In-Transport,6,Angle,0,No,2,Intersection,2,Four-Way Intersection,0,None,,,1,On Roadway,1,Daylight,,,,,1,Clear,0,No,0000000,Not Applicable,10,10:00am-10:59am,50,50,11,11:00am-11:59am,5,5,88,"Not Applicable (Not Transported) ",88,Not Applicable (Not Transported),,,,,,,1,
2022,27,270184,Minnesota,1,1,0,0,0,1,1,135,ROSEAU (135),0,NOT APPLICABLE,15,15,7,July,2022,6,Friday,18,6:00pm-6:59pm,11,11,0,This section IS NOT on the NHS,1,Rural,6,Minor Collector,2,County Highway Agency,4,County Road,CR-22,,19,19,48.64651389,48.64651389,-96.129069440,-96.12906944,0,No Special Jurisdiction,1,Rollover/Overturn,0,The First Harmful Event was Not a Collision with a Motor Vehicle in Transport,0,No,1,Non-Junction,1,Not an Intersection,0,None,,,4,On Roadside,1,Daylight,,,,,1,Clear,0,No,0000000,Not Applicable,18,6:00pm-6:59pm,15,15,18,6:00pm-6:59pm,24,24,88,"Not Applicable (Not Transported) ",88,Not Applicable (Not Transported),,,,,,,1,
2022,27,270185,Minnesota,2,2,0,0,0,3,3,67,KANDIYOHI (67),0,NOT APPLICABLE,24,24,7,July,2022,1,Sunday,2,2:00am-2:59am,21,21,1,This section IS ON the NHS,1,Rural,3,Principal Arterial - Other,1,State Highway Agency,2,U.S. Highway,US-71,,1384,1384,45.32100000,45.32100000,-95.011672220,-95.01167222,0,No Special Jurisdiction,12,Motor Vehicle In-Transport,2,Front-to-Front,0,No,1,Non-Junction,1,Not an Intersection,0,None,,,1,On Roadway,2,Dark - Not Lighted,,,,,1,Clear,0,No,0000000,Not Applicable,2,2:00am-2:59am,31,31,2,2:00am-2:59am,49,49,3,3:00am-3:59am,38,38,,,,,,,1,
2022,27,270186,Minnesota,1,1,0,0,0,1,1,163,WASHINGTON (163),2450,FOREST LAKE,25,25,7,July,2022,2,Monday,17,5:00pm-5:59pm,31,31,1,This section IS ON the NHS,2,Urban,1,Interstate,1,State Highway Agency,1,Interstate,I-35,,1306,1306,45.26189722,45.26189722,-93.012463890,-93.01246389,0,No Special Jurisdiction,1,Rollover/Overturn,0,The First Harmful Event was Not a Collision with a Motor Vehicle in Transport,0,No,1,Non-Junction,1,Not an Intersection,0,None,,,4,On Roadside,1,Daylight,,,,,10,Cloudy,0,No,0000000,Not Applicable,17,5:00pm-5:59pm,31,31,17,5:00pm-5:59pm,33,33,18,6:00pm-6:59pm,0,0,,,,,,,1,
2022,27,270187,Minnesota,1,1,0,0,0,1,1,47,FREEBORN (47),0,NOT APPLICABLE,25,25,7,July,2022,2,Monday,18,6:00pm-6:59pm,9,9,0,This section IS NOT on the NHS,1,Rural,5,Major Collector,2,County Highway Agency,4,County Road,CR-13,145TH ST,168,168,43.56482500,43.56482500,-93.090497220,-93.09049722,0,No Special Jurisdiction,1,Rollover/Overturn,0,The First Harmful Event was Not a Collision with a Motor Vehicle in Transport,0,No,3,Intersection-Related,4,Y-Intersection,0,None,,,4,On Roadside,1,Daylight,,,,,1,Clear,0,No,0000000,Not Applicable,18,6:00pm-6:59pm,12,12,18,6:00pm-6:59pm,15,15,88,"Not Applicable (Not Transported) ",88,Not Applicable (Not Transported),,,,,,,1,
2022,27,270188,Minnesota,2,2,0,0,0,2,2,67,KANDIYOHI (67),0,NOT APPLICABLE,26,26,7,July,2022,3,Tuesday,9,9:00am-9:59am,44,44,0,This section IS NOT on the NHS,1,Rural,7,Local,3,Town or Township Highway Agency,5,Local Street - Township,60TH ST SW,105TH AVE SW,60,60,45.02257500,45.02257500,-95.124891670,-95.12489167,0,No Special Jurisdiction,12,Motor Vehicle In-Transport,6,Angle,0,No,2,Intersection,2,Four-Way Intersection,0,None,,,1,On Roadway,1,Daylight,,,,,10,Cloudy,0,No,0000000,Not Applicable,9,9:00am-9:59am,48,48,9,9:00am-9:59am,59,59,10,10:00am-10:59am,0,0,,,,,,,1,
2022,27,270189,Minnesota,1,1,0,0,0,1,1,131,RICE (131),0,NOT APPLICABLE,19,19,7,July,2022,3,Tuesday,17,5:00pm-5:59pm,49,49,0,This section IS NOT on the NHS,1,Rural,5,Major Collector,1,State Highway Agency,3,State Highway,SR-21 SHIELDSVILLE BLVD,,113,113,44.39124722,44.39124722,-93.443502780,-93.44350278,0,No Special Jurisdiction,1,Rollover/Overturn,0,The First Harmful Event was Not a Collision with a Motor Vehicle in Transport,0,No,1,Non-Junction,1,Not an Intersection,0,None,,,4,On Roadside,9,Reported as Unknown,,,,,99,Reported as Unknown,0,No,0000000,Not Applicable,17,5:00pm-5:59pm,46,46,99,Unknown EMS Scene Arrival Hour,98,Unknown if Arrived,88,"Not Applicable (Not Transported) ",88,Not Applicable (Not Transported),,,,,,,1,
2022,27,270190,Minnesota,2,2,0,0,0,2,2,163,WASHINGTON (163),2450,FOREST LAKE,24,24,7,July,2022,1,Sunday,14,2:00pm-2:59pm,37,37,1,This section IS ON the NHS,2,Urban,1,Interstate,1,State Highway Agency,1,Interstate,I-35,,1329,1329,45.29399722,45.29399722,-93.002888890,-93.00288889,0,No Special Jurisdiction,12,Motor Vehicle In-Transport,6,Angle,0,No,1,Non-Junction,1,Not an Intersection,0,None,,,1,On Roadway,1,Daylight,,,,,1,Clear,0,No,0000000,Not Applicable,14,2:00pm-2:59pm,37,37,14,2:00pm-2:59pm,48,48,15,3:00pm-3:59pm,41,41,,,,,,,1,
2022,27,270191,Minnesota,1,1,0,1,1,1,1,19,CARVER (19),1170,CHANHASSEN,27,27,7,July,2022,4,Wednesday,13,1:00pm-1:59pm,49,49,0,This section IS NOT on the NHS,2,Urban,4,Minor Arterial,1,State Highway Agency,3,State Highway,SR-5,CR-101,456,456,44.85825833,44.85825833,-93.536488890,-93.53648889,0,No Special Jurisdiction,9,Pedalcyclist,0,The First Harmful Event was Not a Collision with a Motor Vehicle in Transport,0,No,3,Intersection-Related,2,Four-Way Intersection,0,None,,,1,On Roadway,1,Daylight,,,,,1,Clear,0,No,0000000,Not Applicable,13,1:00pm-1:59pm,49,49,13,1:00pm-1:59pm,53,53,14,2:00pm-2:59pm,15,15,,,,,,,1,
2022,27,270192,Minnesota,1,1,0,0,0,1,1,157,WABASHA (157),0,NOT APPLICABLE,27,27,7,July,2022,4,Wednesday,5,5:00am-5:59am,30,30,0,This section IS NOT on the NHS,1,Rural,6,Minor Collector,2,County Highway Agency,4,County Road,CR-17,CR-3,0,None,44.32815000,44.32815000,-92.421422220,-92.42142222,0,No Special Jurisdiction,34,Ditch,0,The First Harmful Event was Not a Collision with a Motor Vehicle in Transport,0,No,3,Intersection-Related,3,T-Intersection,0,None,,,4,On Roadside,4,Dawn,,,,,1,Clear,0,No,0000000,Not Applicable,6,6:00am-6:59am,59,59,7,7:00am-7:59am,9,9,88,"Not Applicable (Not Transported) ",88,Not Applicable (Not Transported),,,,,,,1,
2022,27,270193,Minnesota,2,2,0,0,0,2,2,17,CARLTON (17),0,NOT APPLICABLE,15,15,7,July,2022,6,Friday,19,7:00pm-7:59pm,31,31,1,This section IS ON the NHS,1,Rural,3,Principal Arterial - Other,1,State Highway Agency,3,State Highway,SR-210,,1936,1936,46.67805000,46.67805000,-92.942047220,-92.94204722,0,No Special Jurisdiction,12,Motor Vehicle In-Transport,1,Front-to-Rear,0,No,1,Non-Junction,1,Not an Intersection,0,None,,,1,On Roadway,1,Daylight,,,,,1,Clear,0,No,0000000,Not Applicable,0,0:00am-0:59am,0,0,0,0:00am-0:59am,0,0,0,0:00am-0:59am,0,0,,,,,,,1,
2022,27,270194,Minnesota,2,2,0,0,0,3,3,111,OTTER TAIL (111),0,NOT APPLICABLE,28,28,7,July,2022,5,Thursday,15,3:00pm-3:59pm,50,50,0,This section IS NOT on the NHS,1,Rural,5,Major Collector,2,County Highway Agency,4,County Road,CR-1,,332,332,46.36919444,46.36919444,-95.762100000,-95.76210000,0,No Special Jurisdiction,12,Motor Vehicle In-Transport,2,Front-to-Front,0,No,1,Non-Junction,1,Not an Intersection,0,None,,,2,On Shoulder,1,Daylight,,,,,1,Clear,0,No,0000000,Not Applicable,15,3:00pm-3:59pm,55,55,16,4:00pm-4:59pm,20,20,16,4:00pm-4:59pm,40,40,,,,,,,1,
2022,27,270195,Minnesota,3,3,0,0,0,3,3,137,ST LOUIS (137),0,NOT APPLICABLE,27,27,7,July,2022,4,Wednesday,11,11:00am-11:59am,0,0,0,This section IS NOT on the NHS,1,Rural,4,Minor Arterial,1,State Highway Agency,3,State Highway,SR-194,CR-98,26,26,46.84395000,46.84395000,-92.364419440,-92.36441944,0,No Special Jurisdiction,12,Motor Vehicle In-Transport,9,Rear-to-Side,0,No,3,Intersection-Related,2,Four-Way Intersection,0,None,,,1,On Roadway,1,Daylight,,,,,1,Clear,0,No,0000000,Not Applicable,11,11:00am-11:59am,0,0,11,11:00am-11:59am,12,12,88,"Not Applicable (Not Transported) ",88,Not Applicable (Not Transported),,,,,,,1,
2022,27,270196,Minnesota,3,3,0,0,0,3,3,137,ST LOUIS (137),1900,DULUTH,30,30,6,June,2022,5,Thursday,21,9:00pm-9:59pm,10,10,0,This section IS NOT on the NHS,2,Urban,5,Major Collector,2,County Highway Agency,4,County Road,CR-9 CALVARY RD,,131,131,46.85417778,46.85417778,-92.089213890,-92.08921389,0,No Special Jurisdiction,12,Motor Vehicle In-Transport,2,Front-to-Front,0,No,1,Non-Junction,1,Not an Intersection,0,None,,,1,On Roadway,2,Dark - Not Lighted,,,,,1,Clear,0,No,0000000,Not Applicable,21,9:00pm-9:59pm,11,11,21,9:00pm-9:59pm,25,25,88,"Not Applicable (Not Transported) ",88,Not Applicable (Not Transported),,,,,,,2,
2022,27,270197,Minnesota,1,1,0,0,0,2,2,53,HENNEPIN (53),4760,MINNEAPOLIS,29,29,7,July,2022,6,Friday,1,1:00am-1:59am,21,21,0,This section IS NOT on the NHS,2,Urban,4,Minor Arterial,2,County Highway Agency,4,County Road,CR-5,,140,140,44.96276944,44.96276944,-93.226380560,-93.22638056,0,No Special Jurisdiction,33,Curb,0,The First Harmful Event was Not a Collision with a Motor Vehicle in Transport,0,No,1,Non-Junction,1,Not an Intersection,0,None,,,3,On Median,3,Dark - Lighted,,,,,1,Clear,0,No,0000000,Not Applicable,1,1:00am-1:59am,21,21,1,1:00am-1:59am,27,27,1,1:00am-1:59am,42,42,,,,,,,1,
2022,27,270198,Minnesota,1,1,0,0,0,1,1,111,OTTER TAIL (111),0,NOT APPLICABLE,29,29,7,July,2022,6,Friday,10,10:00am-10:59am,22,22,0,This section IS NOT on the NHS,1,Rural,5,Major Collector,2,County Highway Agency,4,County Road,CR-4,,129,129,46.64591944,46.64591944,-95.819122220,-95.81912222,0,No Special Jurisdiction,34,Ditch,0,The First Harmful Event was Not a Collision with a Motor Vehicle in Transport,0,No,1,Non-Junction,1,Not an Intersection,0,None,,,4,On Roadside,1,Daylight,,,,,1,Clear,0,No,0000000,Not Applicable,10,10:00am-10:59am,22,22,10,10:00am-10:59am,40,40,11,11:00am-11:59am,9,9,,,,,,,1,
2022,27,270199,Minnesota,1,1,0,0,0,1,1,25,CHISAGO (25),0,NOT APPLICABLE,30,30,7,July,2022,7,Saturday,10,10:00am-10:59am,0,0,0,This section IS NOT on the NHS,1,Rural,5,Major Collector,2,County Highway Agency,4,County Road,CR-91,,10,10,45.30907500,45.30907500,-92.870977780,-92.87097778,0,No Special Jurisdiction,30,Utility Pole/Light Support,0,The First Harmful Event was Not a Collision with a Motor Vehicle in Transport,0,No,1,Non-Junction,1,Not an Intersection,0,None,,,4,On Roadside,1,Daylight,,,,,1,Clear,0,No,0000000,Not Applicable,10,10:00am-10:59am,5,5,10,10:00am-10:59am,10,10,88,"Not Applicable (Not Transported) ",88,Not Applicable (Not Transported),,,,,,,1,
2022,27,270200,Minnesota,1,1,0,0,0,3,3,115,PINE (115),7600,WILLOW RIVER,22,22,7,July,2022,6,Friday,13,1:00pm-1:59pm,32,32,1,This section IS ON the NHS,1,Rural,1,Interstate,1,State Highway Agency,1,Interstate,I-35,,2052,2052,46.31134444,46.31134444,-92.827477780,-92.82747778,0,No Special Jurisdiction,42,Tree (Standing Only),0,The First Harmful Event was Not a Collision with a Motor Vehicle in Transport,0,No,1,Non-Junction,1,Not an Intersection,0,None,,,4,On Roadside,1,Daylight,,,,,1,Clear,0,No,0000000,Not Applicable,13,1:00pm-1:59pm,34,34,13,1:00pm-1:59pm,46,46,14,2:00pm-2:59pm,18,18,,,,,,,1,
2022,27,270202,Minnesota,1,1,0,1,1,2,2,159,WADENA (159),7240,WADENA,25,25,6,June,2022,7,Saturday,17,5:00pm-5:59pm,36,36,1,This section IS ON the NHS,1,Rural,3,Principal Arterial - Other,1,State Highway Agency,2,U.S. Highway,US-10,CR-50,904,904,46.44331389,46.44331389,-95.138869440,-95.13886944,0,No Special Jurisdiction,9,Pedalcyclist,0,The First Harmful Event was Not a Collision with a Motor Vehicle in Transport,0,No,3,Intersection-Related,2,Four-Way Intersection,0,None,,,1,On Roadway,1,Daylight,,,,,1,Clear,0,No,0000000,Not Applicable,19,7:00pm-7:59pm,36,36,19,7:00pm-7:59pm,40,40,19,7:00pm-7:59pm,52,52,,,,,,,1,
2022,27,270203,Minnesota,2,2,0,0,0,2,2,105,NOBLES (105),0,NOT APPLICABLE,30,30,7,July,2022,7,Saturday,20,8:00pm-8:59pm,55,55,0,This section IS NOT on the NHS,1,Rural,4,Minor Arterial,2,County Highway Agency,4,County Road,CR-25,READING AVE,107,107,43.69883056,43.69883056,-95.707275000,-95.70727500,0,No Special Jurisdiction,1,Rollover/Overturn,0,The First Harmful Event was Not a Collision with a Motor Vehicle in Transport,0,No,3,Intersection-Related,3,T-Intersection,0,None,,,1,On Roadway,5,Dusk,,,,,1,Clear,0,No,0000000,Not Applicable,20,8:00pm-8:59pm,55,55,21,9:00pm-9:59pm,7,7,21,9:00pm-9:59pm,18,18,,,,,,,1,
2022,27,270204,Minnesota,3,1,2,0,0,1,1,53,HENNEPIN (53),4760,MINNEAPOLIS,3,3,8,August,2022,4,Wednesday,0,0:00am-0:59am,30,30,0,This section IS NOT on the NHS,2,Urban,5,Major Collector,4,City or Municipal Highway Agency,6,Local Street - Municipality,31ST AVE S,,5,5,44.94586667,44.94586667,-93.227094440,-93.22709444,0,No Special Jurisdiction,18,Other Object (not fixed),0,The First Harmful Event was Not a Collision with a Motor Vehicle in Transport,0,No,1,Non-Junction,1,Not an Intersection,0,None,,,1,On Roadway,3,Dark - Lighted,,,,,2,Rain,0,No,0000000,Not Applicable,0,0:00am-0:59am,30,30,0,0:00am-0:59am,36,36,88,"Not Applicable (Not Transported) ",88,Not Applicable (Not Transported),,,,,,,1,
2022,27,270205,Minnesota,1,1,0,0,0,1,1,41,DOUGLAS (41),0,NOT APPLICABLE,27,27,7,July,2022,4,Wednesday,18,6:00pm-6:59pm,54,54,1,This section IS ON the NHS,1,Rural,1,Interstate,1,State Highway Agency,1,Interstate,I-94,,921,921,45.92902778,45.92902778,-95.573111110,-95.57311111,0,No Special Jurisdiction,1,Rollover/Overturn,0,The First Harmful Event was Not a Collision with a Motor Vehicle in Transport,0,No,1,Non-Junction,1,Not an Intersection,0,None,,,1,On Roadway,1,Daylight,,,,,1,Clear,0,No,0000000,Not Applicable,18,6:00pm-6:59pm,54,54,18,6:00pm-6:59pm,55,55,20,8:00pm-8:59pm,15,15,,,,,,,1,
2022,27,270206,Minnesota,1,1,0,0,0,1,1,139,SCOTT (139),6510,SHAKOPEE,10,10,7,July,2022,1,Sunday,19,7:00pm-7:59pm,5,5,1,This section IS ON the NHS,2,Urban,2,Principal Arterial - Other Freeways and Expressways,1,State Highway Agency,2,U.S. Highway,US-169,,1147,1147,44.78963333,44.78963333,-93.404319440,-93.40431944,0,No Special Jurisdiction,24,Guardrail Face,0,The First Harmful Event was Not a Collision with a Motor Vehicle in Transport,1,Yes,5,Entrance/Exit Ramp Related,1,Not an Intersection,0,None,,,4,On Roadside,1,Daylight,,,,,1,Clear,0,No,0000000,Not Applicable,19,7:00pm-7:59pm,5,5,19,7:00pm-7:59pm,10,10,19,7:00pm-7:59pm,44,44,,,,,,,1,
2022,27,270207,Minnesota,1,1,0,0,0,1,1,13,BLUE EARTH (13),3900,LAKE CRYSTAL,4,4,8,August,2022,5,Thursday,2,2:00am-2:59am,30,30,0,This section IS NOT on the NHS,1,Rural,5,Major Collector,2,County Highway Agency,4,County Road,CR-9,,7,7,44.10142500,44.10142500,-94.204300000,-94.20430000,0,No Special Jurisdiction,30,Utility Pole/Light Support,0,The First Harmful Event was Not a Collision with a Motor Vehicle in Transport,0,No,1,Non-Junction,1,Not an Intersection,0,None,,,4,On Roadside,2,Dark - Not Lighted,,,,,1,Clear,0,No,0000000,Not Applicable,2,2:00am-2:59am,35,35,2,2:00am-2:59am,45,45,88,"Not Applicable (Not Transported) ",88,Not Applicable (Not Transported),,,,,,,1,