caseyear,state,st_case,statename,ve_total,ve_forms,pvh_invl,peds,pernotmvit,permvit,persons,county,countyname,city,cityname,day,dayname,month,monthname,year,day_week,day_weekname,hour,hourname,minute,minutename,nhs,nhsname,rur_urb,rur_urbname,func_sys,func_sysname,rd_owner,rd_ownername,route,routename,tway_id,tway_id2,milept,mileptname,latitude,latitudename,longitud,longitudname,sp_jur,sp_jurname,harm_ev,harm_evname,man_coll,man_collname,reljct1,reljct1name,reljct2,reljct2name,typ_int,typ_intname,wrk_zone,wrk_zonename,road_fnc,road_fncname,rel_road,rel_roadname,lgt_cond,lgt_condname,weather1,weather1name,weather2,weather2name,weather,weathername,sch_bus,sch_busname,rail,railname,not_hour,not_hourname,not_min,not_minname,arr_hour,arr_hourname,arr_min,arr_minname,hosp_hr,hosp_hrname,hosp_mn,hosp_mnname,cf1,cf1name,cf2,cf2name,cf3,cf3name,fatals,drunk_dr
2022,27,270208,Minnesota,1,1,0,0,0,1,1,83,LYON (83),0,NOT APPLICABLE,30,30,7,July,2022,7,Saturday,22,10:00pm-10:59pm,13,13,1,This section IS ON the NHS,1,Rural,3,Principal Arterial - Other,1,State Highway Agency,3,State Highway,SR-23,,553,553,44.26839722,44.26839722,-96.007322220,-96.00732222,0,No Special Jurisdiction,34,Ditch,0,The First Harmful Event was Not a Collision with a Motor Vehicle in Transport,0,No,1,Non-Junction,1,Not an Intersection,0,None,,,4,On Roadside,2,Dark - Not Lighted,,,,,10,Cloudy,0,No,0000000,Not Applicable,22,10:00pm-10:59pm,52,52,22,10:00pm-10:59pm,32,32,23,11:00pm-11:59pm,13,13,,,,,,,1,
2022,27,270209,Minnesota,1,1,0,0,0,2,2,37,DAKOTA (37),4673,MENDOTA HEIGHTS,5,5,8,August,2022,6,Friday,14,2:00pm-2:59pm,47,47,0,This section IS NOT on the NHS,2,Urban,4,Minor Arterial,1,State Highway Agency,3,State Highway,SR-62,,1493,1493,44.88373889,44.88373889,-93.128113890,-93.12811389,0,No Special Jurisdiction,42,Tree (Standing Only),0,The First Harmful Event was Not a Collision with a Motor Vehicle in Transport,0,No,1,Non-Junction,1,Not an Intersection,0,None,,,4,On Roadside,1,Daylight,,,,,1,Clear,0,No,0000000,Not Applicable,14,2:00pm-2:59pm,47,47,15,3:00pm-3:59pm,5,5,15,3:00pm-3:59pm,40,40,,,,,,,1,
2022,27,270210,Minnesota,2,2,0,0,0,2,2,35,CROW WING (35),0,NOT APPLICABLE,6,6,8,August,2022,7,Saturday,9,9:00am-9:59am,36,36,1,This section IS ON the NHS,1,Rural,3,Principal Arterial - Other,1,State Highway Agency,3,State Highway,SR-210,CR-32,1451,1451,46.50915278,46.50915278,-93.832941670,-93.83294167,0,No Special Jurisdiction,12,Motor Vehicle In-Transport,2,Front-to-Front,0,No,2,Intersection,2,Four-Way Intersection,0,None,,,1,On Roadway,1,Daylight,,,,,10,Cloudy,0,No,0000000,Not Applicable,9,9:00am-9:59am,39,39,9,9:00am-9:59am,45,45,99,Unknown,99,Unknown EMS Hospital Arrival Time,,,,,,,1,
2022,27,270211,Minnesota,2,2,0,0,0,2,2,35,CROW WING (35),5240,NISSWA,6,6,8,August,2022,7,Saturday,18,6:00pm-6:59pm,48,48,1,This section IS ON the NHS,1,Rural,3,Principal Arterial - Other,1,State Highway Agency,3,State Highway,SR-371,NASHWAY RD,369,369,46.47071667,46.47071667,-94.293419440,-94.29341944,0,No Special Jurisdiction,12,Motor Vehicle In-Transport,6,Angle,0,No,2,Intersection,2,Four-Way Intersection,0,None,,,1,On Roadway,1,Daylight,,,,,1,Clear,0,No,0000000,Not Applicable,18,6:00pm-6:59pm,48,48,19,7:00pm-7:59pm,2,2,88,"Not Applicable (Not Transported) ",88,Not Applicable (Not Transported),,,,,,,1,
2022,27,270212,Minnesota,4,4,0,0,0,7,7,27,CLAY (27),0,NOT APPLICABLE,14,14,7,July,2022,5,Thursday,10,10:00am-10:59am,3,3,1,This section IS ON the NHS,2,Urban,1,Interstate,1,State Highway Agency,1,Interstate,I-94,,40,40,46.84735278,46.84735278,-96.695922220,-96.69592222,0,No Special Jurisdiction,12,Motor Vehicle In-Transport,1,Front-to-Rear,0,No,1,Non-Junction,1,Not an Intersection,0,None,,,1,On Roadway,1,Daylight,,,,,1,Clear,0,No,0000000,Not Applicable,10,10:00am-10:59am,4,4,10,10:00am-10:59am,14,14,10,10:00am-10:59am,30,30,,,,,,,1,
2022,27,270213,Minnesota,1,1,0,0,0,1,1,123,RAMSEY (123),5320,NORTH ST PAUL,10,10,8,August,2022,4,Wednesday,18,6:00pm-6:59pm,42,42,1,This section IS ON the NHS,2,Urban,2,Principal Arterial - Other Freeways and Expressways,1,State Highway Agency,3,State Highway,SR-36,,94,94,45.01227500,45.01227500,-93.003141670,-93.00314167,0,No Special Jurisdiction,24,Guardrail Face,0,The First Harmful Event was Not a Collision with a Motor Vehicle in Transport,0,No,1,Non-Junction,1,Not an Intersection,0,None,,,3,On Median,1,Daylight,,,,,1,Clear,0,No,0000000,Not Applicable,0,0:00am-0:59am,56,56,1,1:00am-1:59am,8,8,88,"Not Applicable (Not Transported) ",88,Not Applicable (Not Transported),,,,,,,1,
2022,27,270214,Minnesota,2,2,0,0,0,5,5,67,KANDIYOHI (67),0,NOT APPLICABLE,4,4,8,August,2022,5,Thursday,17,5:00pm-5:59pm,50,50,0,This section IS NOT on the NHS,1,Rural,4,Minor Arterial,1,State Highway Agency,3,State Highway,SR-40 15TH AVE SW,CR-7,657,657,45.10924722,45.10924722,-95.227066670,-95.22706667,0,No Special Jurisdiction,12,Motor Vehicle In-Transport,6,Angle,0,No,2,Intersection,2,Four-Way Intersection,0,None,,,1,On Roadway,1,Daylight,,,,,1,Clear,0,No,0000000,Not Applicable,17,5:00pm-5:59pm,52,52,18,6:00pm-6:59pm,5,5,18,6:00pm-6:59pm,38,38,,,,,,,3,
2022,27,270215,Minnesota,2,2,0,0,0,6,6,53,HENNEPIN (53),4760,MINNEAPOLIS,15,15,7,July,2022,6,Friday,16,4:00pm-4:59pm,34,34,0,This section IS NOT on the NHS,2,Urban,5,Major Collector,2,County Highway Agency,4,County Road,CR-57 HUMBOLDT AVE N,53RD AVE N,11,11,45.05112500,45.05112500,-93.299172220,-93.29917222,0,No Special Jurisdiction,12,Motor Vehicle In-Transport,6,Angle,0,No,2,Intersection,2,Four-Way Intersection,0,None,,,1,On Roadway,1,Daylight,,,,,1,Clear,0,No,0000000,Not Applicable,16,4:00pm-4:59pm,38,38,16,4:00pm-4:59pm,41,41,17,5:00pm-5:59pm,2,2,,,,,,,1,
2022,27,270216,Minnesota,2,2,0,0,0,2,2,49,GOODHUE (49),0,NOT APPLICABLE,10,10,8,August,2022,4,Wednesday,8,8:00am-8:59am,48,48,0,This section IS NOT on the NHS,1,Rural,4,Minor Arterial,1,State Highway Agency,3,State Highway,SR-60,CR-1,1714,1714,44.28361667,44.28361667,-92.871622220,-92.87162222,0,No Special Jurisdiction,12,Motor Vehicle In-Transport,6,Angle,0,No,2,Intersection,2,Four-Way Intersection,0,None,,,1,On Roadway,1,Daylight,,,,,1,Clear,0,No,0000000,Not Applicable,8,8:00am-8:59am,48,48,9,9:00am-9:59am,1,1,88,"Not Applicable (Not Transported) ",88,Not Applicable (Not Transported),,,,,,,1,
2022,27,270217,Minnesota,1,1,0,0,0,1,1,137,ST LOUIS (137),0,NOT APPLICABLE,7,7,8,August,2022,1,Sunday,0,0:00am-0:59am,46,46,0,This section IS NOT on the NHS,1,Rural,5,Major Collector,2,County Highway Agency,4,County Road,CR-5,,326,326,47.37596111,47.37596111,-92.810455560,-92.81045556,0,No Special Jurisdiction,42,Tree (Standing Only),0,The First Harmful Event was Not a Collision with a Motor Vehicle in Transport,0,No,1,Non-Junction,1,Not an Intersection,0,None,,,4,On Roadside,6,Dark - Unknown Lighting,,,,,1,Clear,0,No,0000000,Not Applicable,0,0:00am-0:59am,46,46,1,1:00am-1:59am,0,0,88,"Not Applicable (Not Transported) ",88,Not Applicable (Not Transported),,,,,,,1,
2022,27,270218,Minnesota,1,1,0,0,0,1,1,57,HUBBARD (57),0,NOT APPLICABLE,30,30,7,July,2022,7,Saturday,21,9:00pm-9:59pm,29,29,0,This section IS NOT on the NHS,1,Rural,4,Minor Arterial,1,State Highway Agency,3,State Highway,SR-200,,1053,1053,47.23419444,47.23419444,-94.876800000,-94.87680000,0,No Special Jurisdiction,1,Rollover/Overturn,0,The First Harmful Event was Not a Collision with a Motor Vehicle in Transport,0,No,1,Non-Junction,1,Not an Intersection,0,None,,,4,On Roadside,2,Dark - Not Lighted,,,,,1,Clear,0,No,0000000,Not Applicable,99,Unknown,98,Unknown if Notified,99,Unknown EMS Scene Arrival Hour,98,Unknown if Arrived,88,"Not Applicable (Not Transported) ",88,Not Applicable (Not Transported),,,,,,,1,
2022,27,270219,Minnesota,2,2,0,0,0,2,2,137,ST LOUIS (137),0,NOT APPLICABLE,12,12,8,August,2022,6,Friday,23,11:00pm-11:59pm,31,31,0,This section IS NOT on the NHS,1,Rural,4,Minor Arterial,2,County Highway Agency,4,County Road,CR-21,,80,80,47.65857500,47.65857500,-92.269016670,-92.26901667,0,No Special Jurisdiction,12,Motor Vehicle In-Transport,6,Angle,0,No,1,Non-Junction,1,Not an Intersection,0,None,,,1,On Roadway,2,Dark - Not Lighted,,,,,10,Cloudy,0,No,0000000,Not Applicable,23,11:00pm-11:59pm,31,31,23,11:00pm-11:59pm,40,40,88,"Not Applicable (Not Transported) ",88,Not Applicable (Not Transported),,,,,,,1,
2022,27,270220,Minnesota,1,1,0,0,0,3,3,25,CHISAGO (25),7790,WYOMING,12,12,8,August,2022,6,Friday,12,12:00pm-12:59pm,10,10,1,This section IS ON the NHS,2,Urban,1,Interstate,1,State Highway Agency,1,Interstate,I-35,,1372,1372,45.35533333,45.35533333,-92.998650000,-92.99865000,0,No Special Jurisdiction,24,Guardrail Face,0,The First Harmful Event was Not a Collision with a Motor Vehicle in Transport,0,No,1,Non-Junction,1,Not an Intersection,0,None,,,4,On Roadside,1,Daylight,,,,,10,Cloudy,0,No,0000000,Not Applicable,12,12:00pm-12:59pm,15,15,12,12:00pm-12:59pm,20,20,99,Unknown,99,Unknown EMS Hospital Arrival Time,,,,,,,1,
2022,27,270221,Minnesota,1,1,0,0,0,1,1,37,DAKOTA (37),0,NOT APPLICABLE,9,9,6,June,2022,5,Thursday,15,3:00pm-3:59pm,9,9,1,This section IS ON the NHS,1,Rural,3,Principal Arterial - Other,1,State Highway Agency,3,State Highway,SR-316,,33,33,44.64778056,44.64778056,-92.772200000,-92.77220000,0,No Special Jurisdiction,24,Guardrail Face,0,The First Harmful Event was Not a Collision with a Motor Vehicle in Transport,0,No,1,Non-Junction,1,Not an Intersection,0,None,,,4,On Roadside,1,Daylight,,,,,1,Clear,0,No,0000000,Not Applicable,15,3:00pm-3:59pm,9,9,15,3:00pm-3:59pm,15,15,15,3:00pm-3:59pm,55,55,,,,,,,1,
2022,27,270222,Minnesota,1,1,0,0,0,1,1,137,ST LOUIS (137),0,NOT APPLICABLE,14,14,8,August,2022,1,Sunday,18,6:00pm-6:59pm,29,29,1,This section IS ON the NHS,1,Rural,3,Principal Arterial - Other,1,State Highway Agency,2,U.S. Highway,US-53,,870,870,47.74921667,47.74921667,-92.648783330,-92.64878333,0,No Special Jurisdiction,1,Rollover/Overturn,0,The First Harmful Event was Not a Collision with a Motor Vehicle in Transport,0,No,1,Non-Junction,1,Not an Intersection,0,None,,,4,On Roadside,1,Daylight,,,,,1,Clear,0,No,0000000,Not Applicable,18,6:00pm-6:59pm,29,29,18,6:00pm-6:59pm,42,42,88,"Not Applicable (Not Transported) ",88,Not Applicable (Not Transported),,,,,,,1,
2022,27,270223,Minnesota,1,1,0,0,0,1,1,49,GOODHUE (49),5840,RED WING,14,14,8,August,2022,1,Sunday,23,11:00pm-11:59pm,20,20,1,This section IS ON the NHS,2,Urban,3,Principal Arterial - Other,1,State Highway Agency,2,U.S. Highway,US-63,,956,956,44.56755556,44.56755556,-92.529891670,-92.52989167,0,No Special Jurisdiction,25,Concrete Traffic Barrier,0,The First Harmful Event was Not a Collision with a Motor Vehicle in Transport,1,Yes,5,Entrance/Exit Ramp Related,1,Not an Intersection,0,None,,,8,Gore,3,Dark - Lighted,,,,,1,Clear,0,No,0000000,Not Applicable,23,11:00pm-11:59pm,20,20,23,11:00pm-11:59pm,24,24,88,"Not Applicable (Not Transported) ",88,Not Applicable (Not Transported),,,,,,,1,
2022,27,270225,Minnesota,2,2,0,0,0,2,2,65,KANABEC (65),0,NOT APPLICABLE,10,10,6,June,2022,6,Friday,14,2:00pm-2:59pm,10,10,0,This section IS NOT on the NHS,1,Rural,4,Minor Arterial,1,State Highway Agency,3,State Highway,SR-47,110TH AVE,613,613,45.74585278,45.74585278,-93.409766670,-93.40976667,0,No Special Jurisdiction,12,Motor Vehicle In-Transport,6,Angle,0,No,2,Intersection,2,Four-Way Intersection,0,None,,,1,On Roadway,1,Daylight,,,,,1,Clear,0,No,0000000,Not Applicable,99,Unknown,99,Unknown,99,Unknown EMS Scene Arrival Hour,99,Unknown EMS Scene Arrival Minutes,99,Unknown,99,Unknown EMS Hospital Arrival Time,,,,,,,1,
2022,27,270226,Minnesota,2,2,0,0,0,2,2,171,WRIGHT (171),0,NOT APPLICABLE,12,12,8,August,2022,6,Friday,21,9:00pm-9:59pm,55,55,0,This section IS NOT on the NHS,1,Rural,5,Major Collector,2,County Highway Agency,4,County Road,CR-3,,44,44,45.04069167,45.04069167,-94.185041670,-94.18504167,0,No Special Jurisdiction,12,Motor Vehicle In-Transport,2,Front-to-Front,0,No,1,Non-Junction,1,Not an Intersection,0,None,,,1,On Roadway,2,Dark - Not Lighted,,,,,1,Clear,0,No,0000000,Not Applicable,21,9:00pm-9:59pm,58,58,22,10:00pm-10:59pm,10,10,88,"Not Applicable (Not Transported) ",88,Not Applicable (Not Transported),,,,,,,2,
2022,27,270227,Minnesota,3,3,0,0,0,3,3,53,HENNEPIN (53),820,BROOKLYN CENTER,21,21,8,August,2022,1,Sunday,18,6:00pm-6:59pm,10,10,1,This section IS ON the NHS,2,Urban,1,Interstate,1,State Highway Agency,1,Interstate,I-694,,358,358,45.06941389,45.06941389,-93.283872220,-93.28387222,0,No Special Jurisdiction,12,Motor Vehicle In-Transport,6,Angle,1,Yes,5,Entrance/Exit Ramp Related,1,Not an Intersection,0,None,,,1,On Roadway,1,Daylight,,,,,1,Clear,0,No,0000000,Not Applicable,18,6:00pm-6:59pm,11,11,99,Unknown EMS Scene Arrival Hour,99,Unknown EMS Scene Arrival Minutes,99,Unknown,99,Unknown EMS Hospital Arrival Time,,,,,,,1,
2022,27,270228,Minnesota,1,1,0,0,0,1,1,37,DAKOTA (37),1945,EAGAN,17,17,8,August,2022,4,Wednesday,2,2:00am-2:59am,7,7,0,This section IS NOT on the NHS,2,Urban,4,Minor Arterial,1,State Highway Agency,3,State Highway,SR-149 DODD RD,OPPERMAN DR,15,15,44.82794167,44.82794167,-93.112719440,-93.11271944,0,No Special Jurisdiction,46,Traffic Signal Support,0,The First Harmful Event was Not a Collision with a Motor Vehicle in Transport,0,No,3,Intersection-Related,2,Four-Way Intersection,0,None,,,12,Pedestrian Refuge Island or Traffic Island,3,Dark - Lighted,,,,,10,Cloudy,0,No,0000000,Not Applicable,2,2:00am-2:59am,8,8,2,2:00am-2:59am,12,12,88,"Not Applicable (Not Transported) ",88,Not Applicable (Not Transported),,,,,,,1,
2022,27,270229,Minnesota,1,1,0,0,0,2,2,109,OLMSTED (109),0,NOT APPLICABLE,14,14,8,August,2022,1,Sunday,12,12:00pm-12:59pm,0,0,0,This section IS NOT on the NHS,1,Rural,6,Minor Collector,2,County Highway Agency,4,County Road,CR-14,,40,40,44.10971667,44.10971667,-92.597933330,-92.59793333,0,No Special Jurisdiction,1,Rollover/Overturn,0,The First Harmful Event was Not a Collision with a Motor Vehicle in Transport,0,No,1,Non-Junction,1,Not an Intersection,0,None,,,2,On Shoulder,1,Daylight,,,,,1,Clear,0,No,0000000,Not Applicable,12,12:00pm-12:59pm,0,0,12,12:00pm-12:59pm,10,10,12,12:00pm-12:59pm,30,30,,,,,,,1,
2022,27,270230,Minnesota,1,1,0,0,0,1,1,41,DOUGLAS (41),0,NOT APPLICABLE,16,16,8,August,2022,3,Tuesday,19,7:00pm-7:59pm,46,46,0,This section IS NOT on the NHS,1,Rural,7,Local,3,Town or Township Highway Agency,5,Local Street - Township,WILD ROSE LA,,4,4,45.83633611,45.83633611,-95.520411110,-95.52041111,0,No Special Jurisdiction,42,Tree (Standing Only),0,The First Harmful Event was Not a Collision with a Motor Vehicle in Transport,0,No,1,Non-Junction,1,Not an Intersection,0,None,,,4,On Roadside,1,Daylight,,,,,1,Clear,0,No,0000000,Not Applicable,19,7:00pm-7:59pm,46,46,19,7:00pm-7:59pm,54,54,88,"Not Applicable (Not Transported) ",88,Not Applicable (Not Transported),,,,,,,1,
2022,27,270231,Minnesota,1,1,0,0,0,1,1,123,RAMSEY (123),6330,ST. PAUL,15,15,8,August,2022,2,Monday,23,11:00pm-11:59pm,17,17,1,This section IS ON the NHS,2,Urban,2,Principal Arterial - Other Freeways and Expressways,1,State Highway Agency,3,State Highway,SR-280,,3,3,44.96039722,44.96039722,-93.201591670,-93.20159167,0,No Special Jurisdiction,24,Guardrail Face,0,The First Harmful Event was Not a Collision with a Motor Vehicle in Transport,1,Yes,5,Entrance/Exit Ramp Related,1,Not an Intersection,0,None,,,4,On Roadside,3,Dark - Lighted,,,,,1,Clear,0,No,0000000,Not Applicable,23,11:00pm-11:59pm,20,20,23,11:00pm-11:59pm,28,28,88,"Not Applicable (Not Transported) ",88,Not Applicable (Not Transported),,,,,,,1,
2022,27,270232,Minnesota,1,1,0,1,1,1,1,139,SCOTT (139),5770,PRIOR LAKE,22,22,8,August,2022,2,Monday,19,7:00pm-7:59pm,51,51,0,This section IS NOT on the NHS,2,Urban,7,Local,50,Indian Tribe Nation,6,Local Street - Municipality,ORION RD,DAKOTA TRL NW,3,3,44.72914722,44.72914722,-93.464780560,-93.46478056,0,No Special Jurisdiction,9,Pedalcyclist,0,The First Harmful Event was Not a Collision with a Motor Vehicle in Transport,0,No,2,Intersection,2,Four-Way Intersection,0,None,,,1,On Roadway,1,Daylight,,,,,1,Clear,0,No,0000000,Not Applicable,19,7:00pm-7:59pm,51,51,19,7:00pm-7:59pm,54,54,20,8:00pm-8:59pm,10,10,,,,,,,1,
2022,27,270234,Minnesota,2,2,0,0,0,2,2,53,HENNEPIN (53),4760,MINNEAPOLIS,23,23,8,August,2022,3,Tuesday,23,11:00pm-11:59pm,19,19,0,This section IS NOT on the NHS,2,Urban,4,Minor Arterial,2,County Highway Agency,4,County Road,CR-25 PORTLAND AVE S,E 38TH ST,99999,Unknown,44.93413333,44.93413333,-93.267544440,-93.26754444,0,No Special Jurisdiction,12,Motor Vehicle In-Transport,6,Angle,0,No,2,Intersection,2,Four-Way Intersection,0,None,,,1,On Roadway,3,Dark - Lighted,,,,,1,Clear,0,No,0000000,Not Applicable,23,11:00pm-11:59pm,22,22,23,11:00pm-11:59pm,40,40,23,11:00pm-11:59pm,50,50,,,,,,,2,
2022,27,270235,Minnesota,1,1,0,0,0,1,1,97,MORRISON (97),0,NOT APPLICABLE,3,3,7,July,2022,1,Sunday,20,8:00pm-8:59pm,43,43,0,This section IS NOT on the NHS,1,Rural,7,Local,3,Town or Township Highway Agency,5,Local Street - Township,203RD ST,,35,35,46.05543333,46.05543333,-94.052725000,-94.05272500,0,No Special Jurisdiction,1,Rollover/Overturn,0,The First Harmful Event was Not a Collision with a Motor Vehicle in Transport,0,No,1,Non-Junction,1,Not an Intersection,0,None,,,4,On Roadside,1,Daylight,,,,,1,Clear,0,No,0000000,Not Applicable,20,8:00pm-8:59pm,43,43,20,8:00pm-8:59pm,43,43,88,"Not Applicable (Not Transported) ",88,Not Applicable (Not Transported),,,,,,,1,
2022,27,270236,Minnesota,7,7,0,0,0,8,8,53,HENNEPIN (53),5990,ROGERS,22,22,8,August,2022,2,Monday,14,2:00pm-2:59pm,54,54,1,This section IS ON the NHS,2,Urban,1,Interstate,1,State Highway Agency,1,Interstate,I-94,,2088,2088,45.19154167,45.19154167,-93.546194440,-93.54619444,0,No Special Jurisdiction,12,Motor Vehicle In-Transport,1,Front-to-Rear,0,No,1,Non-Junction,1,Not an Intersection,0,None,,,1,On Roadway,1,Daylight,,,,,1,Clear,0,No,0000000,Not Applicable,14,2:00pm-2:59pm,58,58,15,3:00pm-3:59pm,5,5,15,3:00pm-3:59pm,53,53,,,,,,,1,
2022,27,270237,Minnesota,2,2,0,1,1,3,3,123,RAMSEY (123),6330,ST. PAUL,20,20,8,August,2022,7,Saturday,3,3:00am-3:59am,28,28,1,This section IS ON the NHS,2,Urban,1,Interstate,1,State Highway Agency,1,Interstate,I-94,,2372,2372,44.95969444,44.95969444,-93.201986110,-93.20198611,0,No Special Jurisdiction,8,Pedestrian,0,The First Harmful Event was Not a Collision with a Motor Vehicle in Transport,1,Yes,18,Through Roadway,1,Not an Intersection,0,None,,,1,On Roadway,3,Dark - Lighted,,,,,1,Clear,0,No,0000000,Not Applicable,3,3:00am-3:59am,29,29,3,3:00am-3:59am,37,37,88,"Not Applicable (Not Transported) ",88,Not Applicable (Not Transported),,,,,,,1,
2022,27,270238,Minnesota,1,1,0,0,0,2,2,163,WASHINGTON (163),5150,NEWPORT,26,26,8,August,2022,6,Friday,18,6:00pm-6:59pm,23,23,1,This section IS ON the NHS,2,Urban,2,Principal Arterial - Other Freeways and Expressways,1,State Highway Agency,2,U.S. Highway,US-61,,1297,1297,44.88352500,44.88352500,-93.002947220,-93.00294722,0,No Special Jurisdiction,1,Rollover/Overturn,0,The First Harmful Event was Not a Collision with a Motor Vehicle in Transport,1,Yes,5,Entrance/Exit Ramp Related,1,Not an Intersection,0,None,,,4,On Roadside,1,Daylight,,,,,1,Clear,0,No,0000000,Not Applicable,18,6:00pm-6:59pm,23,23,18,6:00pm-6:59pm,27,27,88,"Not Applicable (Not Transported) ",88,Not Applicable (Not Transported),,,,,,,2,
2022,27,270239,Minnesota,2,2,0,0,0,7,7,3,ANOKA (3),3007,HAM LAKE,28,28,8,August,2022,1,Sunday,15,3:00pm-3:59pm,10,10,0,This section IS NOT on the NHS,2,Urban,4,Minor Arterial,2,County Highway Agency,4,County Road,CR-116 BUNKER LAKE BLVD,,110,110,45.21888056,45.21888056,-93.264605560,-93.26460556,0,No Special Jurisdiction,12,Motor Vehicle In-Transport,8,Sideswipe - Opposite Direction,0,No,1,Non-Junction,1,Not an Intersection,0,None,,,1,On Roadway,1,Daylight,,,,,1,Clear,0,No,0000000,Not Applicable,15,3:00pm-3:59pm,10,10,16,4:00pm-4:59pm,35,35,17,5:00pm-5:59pm,30,30,,,,,,,3,
2022,27,270240,Minnesota,1,1,0,0,0,1,1,61,ITASCA (61),0,NOT APPLICABLE,16,16,8,August,2022,3,Tuesday,16,4:00pm-4:59pm,56,56,0,This section IS NOT on the NHS,1,Rural,5,Major Collector,1,State Highway Agency,3,State Highway,SR-6,,1082,1082,47.67251667,47.67251667,-93.773752780,-93.77375278,0,No Special Jurisdiction,42,Tree (Standing Only),0,The First Harmful Event was Not a Collision with a Motor Vehicle in Transport,0,No,1,Non-Junction,1,Not an Intersection,0,None,,,4,On Roadside,1,Daylight,,,,,2,Rain,0,No,0000000,Not Applicable,16,4:00pm-4:59pm,56,56,17,5:00pm-5:59pm,14,14,99,Unknown,96,Terminated Transport,,,,,,,1,
2022,27,270242,Minnesota,2,2,0,0,0,5,5,17,CARLTON (17),1370,CLOQUET,29,29,8,August,2022,2,Monday,23,11:00pm-11:59pm,5,5,0,This section IS NOT on the NHS,2,Urban,5,Major Collector,4,City or Municipal Highway Agency,6,Local Street - Municipality,CARLTON AVE,22ND ST,12,12,46.71777500,46.71777500,-92.438647220,-92.43864722,0,No Special Jurisdiction,12,Motor Vehicle In-Transport,6,Angle,0,No,2,Intersection,2,Four-Way Intersection,0,None,,,1,On Roadway,3,Dark - Lighted,,,,,1,Clear,0,No,0000000,Not Applicable,23,11:00pm-11:59pm,8,8,23,11:00pm-11:59pm,9,9,23,11:00pm-11:59pm,30,30,,,,,,,1,
2022,27,270243,Minnesota,1,1,0,1,1,1,1,53,HENNEPIN (53),820,BROOKLYN CENTER,30,30,8,August,2022,3,Tuesday,21,9:00pm-9:59pm,53,53,0,This section IS NOT on the NHS,2,Urban,5,Major Collector,4,City or Municipal Highway Agency,6,Local Street - Municipality,HUMBOLDT AVE,,4,4,45.07953611,45.07953611,-93.300138890,-93.30013889,0,No Special Jurisdiction,8,Pedestrian,0,The First Harmful Event was Not a Collision with a Motor Vehicle in Transport,0,No,1,Non-Junction,1,Not an Intersection,0,None,,,1,On Roadway,2,Dark - Not Lighted,,,,,1,Clear,0,No,0000000,Not Applicable,21,9:00pm-9:59pm,55,55,21,9:00pm-9:59pm,59,59,22,10:00pm-10:59pm,17,17,,,,,,,1,
2022,27,270244,Minnesota,2,2,0,0,0,2,2,3,ANOKA (3),671,BLAINE,30,30,8,August,2022,3,Tuesday,20,8:00pm-8:59pm,33,33,0,This section IS NOT on the NHS,2,Urban,5,Major Collector,4,City or Municipal Highway Agency,6,Local Street - Municipality,119TH AVE NE,,21,21,45.18631667,45.18631667,-93.225519440,-93.22551944,0,No Special Jurisdiction,12,Motor Vehicle In-Transport,11,"Other ",0,No,1,Non-Junction,1,Not an Intersection,0,None,,,1,On Roadway,3,Dark - Lighted,,,,,1,Clear,0,No,0000000,Not Applicable,20,8:00pm-8:59pm,34,34,20,8:00pm-8:59pm,39,39,21,9:00pm-9:59pm,9,9,,,,,,,1,
2022,27,270245,Minnesota,2,2,0,0,0,3,3,129,RENVILLE (129),0,NOT APPLICABLE,28,28,8,August,2022,1,Sunday,12,12:00pm-12:59pm,46,46,0,This section IS NOT on the NHS,1,Rural,5,Major Collector,2,County Highway Agency,4,County Road,CR-1,CR-4,75,75,44.67234167,44.67234167,-95.096541670,-95.09654167,0,No Special Jurisdiction,12,Motor Vehicle In-Transport,6,Angle,0,No,2,Intersection,2,Four-Way Intersection,0,None,,,1,On Roadway,1,Daylight,,,,,1,Clear,0,No,0000000,Not Applicable,12,12:00pm-12:59pm,50,50,13,1:00pm-1:59pm,1,1,14,2:00pm-2:59pm,23,23,,,,,,,1,
2022,27,270246,Minnesota,2,2,0,0,0,4,4,115,PINE (115),0,NOT APPLICABLE,30,30,8,August,2022,3,Tuesday,17,5:00pm-5:59pm,42,42,0,This section IS NOT on the NHS,1,Rural,7,Local,3,Town or Township Highway Agency,5,Local Street - Township,BADGER RD,,4,4,46.06071389,46.06071389,-92.471672220,-92.47167222,3,Indian Reservation,12,Motor Vehicle In-Transport,6,Angle,0,No,8,Driveway Access Related,1,Not an Intersection,0,None,,,1,On Roadway,1,Daylight,,,,,1,Clear,0,No,0000000,Not Applicable,17,5:00pm-5:59pm,45,45,18,6:00pm-6:59pm,5,5,88,"Not Applicable (Not Transported) ",88,Not Applicable (Not Transported),,,,,,,1,
2022,27,270247,Minnesota,2,2,0,0,0,2,2,21,CASS (21),0,NOT APPLICABLE,30,30,8,August,2022,3,Tuesday,13,1:00pm-1:59pm,38,38,1,This section IS ON the NHS,1,Rural,3,Principal Arterial - Other,1,State Highway Agency,3,State Highway,SR-MNTH 210,,1038,1038,46.34067222,46.34067222,-94.589086110,-94.58908611,0,No Special Jurisdiction,12,Motor Vehicle In-Transport,2,Front-to-Front,0,No,1,Non-Junction,1,Not an Intersection,0,None,,,1,On Roadway,1,Daylight,,,,,1,Clear,0,No,0000000,Not Applicable,13,1:00pm-1:59pm,41,41,13,1:00pm-1:59pm,50,50,14,2:00pm-2:59pm,51,51,,,,,,,1,