caseyear,state,st_case,statename,ve_total,ve_forms,pvh_invl,peds,pernotmvit,permvit,persons,county,countyname,city,cityname,day,dayname,month,monthname,year,day_week,day_weekname,hour,hourname,minute,minutename,nhs,nhsname,rur_urb,rur_urbname,func_sys,func_sysname,rd_owner,rd_ownername,route,routename,tway_id,tway_id2,milept,mileptname,latitude,latitudename,longitud,longitudname,sp_jur,sp_jurname,harm_ev,harm_evname,man_coll,man_collname,reljct1,reljct1name,reljct2,reljct2name,typ_int,typ_intname,wrk_zone,wrk_zonename,road_fnc,road_fncname,rel_road,rel_roadname,lgt_cond,lgt_condname,weather1,weather1name,weather2,weather2name,weather,weathername,sch_bus,sch_busname,rail,railname,not_hour,not_hourname,not_min,not_minname,arr_hour,arr_hourname,arr_min,arr_minname,hosp_hr,hosp_hrname,hosp_mn,hosp_mnname,cf1,cf1name,cf2,cf2name,cf3,cf3name,fatals,drunk_dr
2022,27,270248,Minnesota,1,1,0,0,0,1,1,37,DAKOTA (37),956,BURNSVILLE,16,16,8,August,2022,3,Tuesday,23,11:00pm-11:59pm,21,21,1,This section IS ON the NHS,2,Urban,1,Interstate,1,State Highway Agency,1,Interstate,I-35W,,35,35,44.78659167,44.78659167,-93.288600000,-93.28860000,0,No Special Jurisdiction,1,Rollover/Overturn,0,The First Harmful Event was Not a Collision with a Motor Vehicle in Transport,0,No,1,Non-Junction,1,Not an Intersection,0,None,,,8,Gore,3,Dark - Lighted,,,,,1,Clear,0,No,0000000,Not Applicable,23,11:00pm-11:59pm,23,23,23,11:00pm-11:59pm,31,31,99,Unknown,99,Unknown EMS Hospital Arrival Time,,,,,,,1,
2022,27,270249,Minnesota,1,1,0,0,0,1,1,171,WRIGHT (171),0,NOT APPLICABLE,28,28,8,August,2022,1,Sunday,13,1:00pm-1:59pm,0,0,0,This section IS NOT on the NHS,1,Rural,5,Major Collector,2,County Highway Agency,4,County Road,CR-14 DAGUE AVE SE,,3,3,45.11216667,45.11216667,-93.827550000,-93.82755000,0,No Special Jurisdiction,42,Tree (Standing Only),0,The First Harmful Event was Not a Collision with a Motor Vehicle in Transport,0,No,1,Non-Junction,1,Not an Intersection,0,None,,,5,Outside Trafficway,1,Daylight,,,,,1,Clear,0,No,0000000,Not Applicable,13,1:00pm-1:59pm,43,43,13,1:00pm-1:59pm,43,43,88,"Not Applicable (Not Transported) ",88,Not Applicable (Not Transported),,,,,,,1,
2022,27,270250,Minnesota,2,2,0,0,0,4,4,53,HENNEPIN (53),675,BLOOMINGTON,27,27,8,August,2022,7,Saturday,17,5:00pm-5:59pm,22,22,0,This section IS NOT on the NHS,2,Urban,4,Minor Arterial,2,County Highway Agency,4,County Road,CR-1 OLD SHAKOPEE RD,SR-77 RAMP,158,158,44.84003611,44.84003611,-93.245294440,-93.24529444,0,No Special Jurisdiction,12,Motor Vehicle In-Transport,6,Angle,1,Yes,2,Intersection,3,T-Intersection,0,None,,,1,On Roadway,1,Daylight,,,,,1,Clear,0,No,0000000,Not Applicable,17,5:00pm-5:59pm,22,22,17,5:00pm-5:59pm,25,25,18,6:00pm-6:59pm,6,6,,,,,,,1,
2022,27,270251,Minnesota,2,2,0,0,0,5,5,85,MCLEOD (85),0,NOT APPLICABLE,18,18,8,August,2022,5,Thursday,11,11:00am-11:59am,1,1,1,This section IS ON the NHS,1,Rural,3,Principal Arterial - Other,1,State Highway Agency,3,State Highway,SR-7,,1496,1496,44.89831667,44.89831667,-94.219636110,-94.21963611,0,No Special Jurisdiction,12,Motor Vehicle In-Transport,6,Angle,0,No,1,Non-Junction,1,Not an Intersection,0,None,,,1,On Roadway,1,Daylight,,,,,2,Rain,0,No,0000000,Not Applicable,11,11:00am-11:59am,1,1,11,11:00am-11:59am,11,11,11,11:00am-11:59am,38,38,,,,,,,2,
2022,27,270252,Minnesota,1,1,0,0,0,1,1,53,HENNEPIN (53),2030,EDINA,7,7,9,September,2022,4,Wednesday,6,6:00am-6:59am,41,41,1,This section IS ON the NHS,2,Urban,2,Principal Arterial - Other Freeways and Expressways,1,State Highway Agency,3,State Highway,SR-62,,1389,1389,44.88768056,44.88768056,-93.326841670,-93.32684167,0,No Special Jurisdiction,24,Guardrail Face,0,The First Harmful Event was Not a Collision with a Motor Vehicle in Transport,0,No,1,Non-Junction,1,Not an Intersection,0,None,,,3,On Median,1,Daylight,,,,,1,Clear,0,No,0000000,Not Applicable,99,Unknown,99,Unknown,99,Unknown EMS Scene Arrival Hour,99,Unknown EMS Scene Arrival Minutes,99,Unknown,99,Unknown EMS Hospital Arrival Time,,,,,,,1,
2022,27,270253,Minnesota,1,1,0,0,0,1,1,121,POPE (121),0,NOT APPLICABLE,7,7,9,September,2022,4,Wednesday,19,7:00pm-7:59pm,40,40,0,This section IS NOT on the NHS,1,Rural,6,Minor Collector,2,County Highway Agency,4,County Road,CR-20,,30,30,45.58508611,45.58508611,-95.181269440,-95.18126944,0,No Special Jurisdiction,11,Live Animal,0,The First Harmful Event was Not a Collision with a Motor Vehicle in Transport,0,No,1,Non-Junction,1,Not an Intersection,0,None,,,1,On Roadway,1,Daylight,,,,,1,Clear,0,No,0000000,Not Applicable,19,7:00pm-7:59pm,40,40,19,7:00pm-7:59pm,57,57,88,"Not Applicable (Not Transported) ",88,Not Applicable (Not Transported),,,,,,,1,
2022,27,270254,Minnesota,2,2,0,0,0,2,2,37,DAKOTA (37),0,NOT APPLICABLE,6,6,9,September,2022,3,Tuesday,14,2:00pm-2:59pm,35,35,0,This section IS NOT on the NHS,1,Rural,4,Minor Arterial,2,County Highway Agency,4,County Road,CR-23,,35,35,44.50854444,44.50854444,-93.200963890,-93.20096389,0,No Special Jurisdiction,12,Motor Vehicle In-Transport,2,Front-to-Front,0,No,1,Non-Junction,1,Not an Intersection,0,None,,,1,On Roadway,1,Daylight,,,,,1,Clear,0,No,0000000,Not Applicable,14,2:00pm-2:59pm,35,35,14,2:00pm-2:59pm,51,51,99,Unknown,99,Unknown EMS Hospital Arrival Time,,,,,,,1,
2022,27,270255,Minnesota,2,2,0,0,0,2,2,79,LE SUEUR (79),0,NOT APPLICABLE,18,18,8,August,2022,5,Thursday,5,5:00am-5:59am,12,12,1,This section IS ON the NHS,1,Rural,3,Principal Arterial - Other,1,State Highway Agency,3,State Highway,SR-22,CR-101,583,583,44.25426111,44.25426111,-93.959197220,-93.95919722,0,No Special Jurisdiction,12,Motor Vehicle In-Transport,6,Angle,0,No,2,Intersection,2,Four-Way Intersection,0,None,,,1,On Roadway,3,Dark - Lighted,,,,,1,Clear,0,No,0000000,Not Applicable,5,5:00am-5:59am,12,12,5,5:00am-5:59am,45,45,6,6:00am-6:59am,58,58,,,,,,,1,
2022,27,270256,Minnesota,2,2,0,0,0,3,3,47,FREEBORN (47),0,NOT APPLICABLE,8,8,9,September,2022,5,Thursday,18,6:00pm-6:59pm,3,3,0,This section IS NOT on the NHS,1,Rural,6,Minor Collector,2,County Highway Agency,4,County Road,CR-6,,75,75,43.76184444,43.76184444,-93.579300000,-93.57930000,0,No Special Jurisdiction,12,Motor Vehicle In-Transport,2,Front-to-Front,0,No,1,Non-Junction,1,Not an Intersection,0,None,,,1,On Roadway,1,Daylight,,,,,1,Clear,0,No,0000000,Not Applicable,18,6:00pm-6:59pm,3,3,18,6:00pm-6:59pm,30,30,19,7:00pm-7:59pm,2,2,,,,,,,1,
2022,27,270257,Minnesota,3,2,1,0,0,2,2,123,RAMSEY (123),6330,ST. PAUL,9,9,9,September,2022,6,Friday,12,12:00pm-12:59pm,29,29,0,This section IS NOT on the NHS,2,Urban,4,Minor Arterial,2,County Highway Agency,4,County Road,CR-49 RICE ST,,18,18,44.98153889,44.98153889,-93.105713890,-93.10571389,0,No Special Jurisdiction,12,Motor Vehicle In-Transport,7,Sideswipe - Same Direction,0,No,8,Driveway Access Related,1,Not an Intersection,0,None,,,1,On Roadway,1,Daylight,,,,,10,Cloudy,0,No,0000000,Not Applicable,12,12:00pm-12:59pm,30,30,12,12:00pm-12:59pm,35,35,12,12:00pm-12:59pm,48,48,,,,,,,1,
2022,27,270258,Minnesota,1,1,0,0,0,2,2,139,SCOTT (139),0,NOT APPLICABLE,10,10,9,September,2022,7,Saturday,0,0:00am-0:59am,51,51,0,This section IS NOT on the NHS,1,Rural,6,Minor Collector,2,County Highway Agency,4,County Road,CR-64,,123,123,44.60194444,44.60194444,-93.517402780,-93.51740278,0,No Special Jurisdiction,31,"Post, Pole or Other Supports",0,The First Harmful Event was Not a Collision with a Motor Vehicle in Transport,0,No,1,Non-Junction,1,Not an Intersection,0,None,,,4,On Roadside,2,Dark - Not Lighted,,,,,2,Rain,0,No,0000000,Not Applicable,0,0:00am-0:59am,51,51,1,1:00am-1:59am,5,5,1,1:00am-1:59am,6,6,,,,,,,1,
2022,27,270259,Minnesota,2,2,0,0,0,3,3,109,OLMSTED (109),0,NOT APPLICABLE,10,10,9,September,2022,7,Saturday,21,9:00pm-9:59pm,49,49,1,This section IS ON the NHS,1,Rural,3,Principal Arterial - Other,1,State Highway Agency,2,U.S. Highway,US-52,,359,359,43.86542222,43.86542222,-92.199355560,-92.19935556,0,No Special Jurisdiction,12,Motor Vehicle In-Transport,6,Angle,0,No,8,Driveway Access Related,1,Not an Intersection,0,None,,,1,On Roadway,2,Dark - Not Lighted,,,,,5,"Fog, Smog, Smoke",0,No,0000000,Not Applicable,21,9:00pm-9:59pm,52,52,21,9:00pm-9:59pm,59,59,88,"Not Applicable (Not Transported) ",88,Not Applicable (Not Transported),,,,,,,1,
2022,27,270261,Minnesota,3,3,0,0,0,4,4,59,ISANTI (59),0,NOT APPLICABLE,6,6,9,September,2022,3,Tuesday,21,9:00pm-9:59pm,16,16,0,This section IS NOT on the NHS,2,Urban,5,Major Collector,2,County Highway Agency,4,County Road,CR-10,,120,120,45.56213889,45.56213889,-93.286019440,-93.28601944,0,No Special Jurisdiction,12,Motor Vehicle In-Transport,8,Sideswipe - Opposite Direction,0,No,1,Non-Junction,1,Not an Intersection,0,None,,,1,On Roadway,2,Dark - Not Lighted,,,,,1,Clear,0,No,0000000,Not Applicable,21,9:00pm-9:59pm,16,16,21,9:00pm-9:59pm,31,31,21,9:00pm-9:59pm,56,56,,,,,,,1,
2022,27,270262,Minnesota,1,1,0,0,0,3,3,93,MEEKER (93),0,NOT APPLICABLE,5,5,9,September,2022,2,Monday,17,5:00pm-5:59pm,38,38,1,This section IS ON the NHS,1,Rural,3,Principal Arterial - Other,1,State Highway Agency,3,State Highway,SR-15,,1225,1225,45.18693056,45.18693056,-94.317313890,-94.31731389,0,No Special Jurisdiction,1,Rollover/Overturn,0,The First Harmful Event was Not a Collision with a Motor Vehicle in Transport,0,No,1,Non-Junction,1,Not an Intersection,0,None,,,4,On Roadside,1,Daylight,,,,,1,Clear,0,No,0000000,Not Applicable,17,5:00pm-5:59pm,40,40,17,5:00pm-5:59pm,50,50,19,7:00pm-7:59pm,2,2,,,,,,,1,
2022,27,270263,Minnesota,1,1,0,0,0,1,1,145,STEARNS (145),0,NOT APPLICABLE,11,11,9,September,2022,1,Sunday,14,2:00pm-2:59pm,20,20,0,This section IS NOT on the NHS,1,Rural,5,Major Collector,2,County Highway Agency,4,County Road,CR-13 OVERTON RD,,220,220,45.64037500,45.64037500,-94.820008330,-94.82000833,0,No Special Jurisdiction,34,Ditch,0,The First Harmful Event was Not a Collision with a Motor Vehicle in Transport,0,No,1,Non-Junction,1,Not an Intersection,0,None,,,4,On Roadside,1,Daylight,,,,,1,Clear,0,No,0000000,Not Applicable,14,2:00pm-2:59pm,20,20,14,2:00pm-2:59pm,25,25,14,2:00pm-2:59pm,35,35,,,,,,,1,
2022,27,270264,Minnesota,2,2,0,0,0,2,2,153,TODD (153),0,NOT APPLICABLE,12,12,9,September,2022,2,Monday,8,8:00am-8:59am,46,46,0,This section IS NOT on the NHS,1,Rural,4,Minor Arterial,1,State Highway Agency,3,State Highway,SR-27,CR-31,1224,1224,45.97668056,45.97668056,-94.648961110,-94.64896111,0,No Special Jurisdiction,12,Motor Vehicle In-Transport,1,Front-to-Rear,0,No,3,Intersection-Related,2,Four-Way Intersection,0,None,,,1,On Roadway,1,Daylight,,,,,1,Clear,0,No,0000000,Not Applicable,8,8:00am-8:59am,48,48,9,9:00am-9:59am,3,3,88,"Not Applicable (Not Transported) ",88,Not Applicable (Not Transported),,,,,,,1,
2022,27,270265,Minnesota,1,1,0,0,0,1,1,3,ANOKA (3),671,BLAINE,13,13,9,September,2022,3,Tuesday,17,5:00pm-5:59pm,25,25,0,This section IS NOT on the NHS,2,Urban,7,Local,4,City or Municipal Highway Agency,6,Local Street - Municipality,W 35 SERVICE DR NE,,11,11,45.14141944,45.14141944,-93.187755560,-93.18775556,0,No Special Jurisdiction,38,Fence,0,The First Harmful Event was Not a Collision with a Motor Vehicle in Transport,0,No,1,Non-Junction,1,Not an Intersection,0,None,,,4,On Roadside,1,Daylight,,,,,1,Clear,0,No,0000000,Not Applicable,17,5:00pm-5:59pm,25,25,17,5:00pm-5:59pm,34,34,88,"Not Applicable (Not Transported) ",88,Not Applicable (Not Transported),,,,,,,1,
2022,27,270266,Minnesota,2,2,0,0,0,3,3,33,COTTONWOOD (33),0,NOT APPLICABLE,5,5,9,September,2022,2,Monday,12,12:00pm-12:59pm,29,29,0,This section IS NOT on the NHS,1,Rural,4,Minor Arterial,1,State Highway Agency,3,State Highway,SR-62,CR-5,137,137,43.86253889,43.86253889,-95.320622220,-95.32062222,0,No Special Jurisdiction,12,Motor Vehicle In-Transport,1,Front-to-Rear,0,No,3,Intersection-Related,2,Four-Way Intersection,0,None,,,1,On Roadway,1,Daylight,,,,,1,Clear,0,No,0000000,Not Applicable,12,12:00pm-12:59pm,29,29,12,12:00pm-12:59pm,43,43,12,12:00pm-12:59pm,49,49,,,,,,,1,
2022,27,270267,Minnesota,2,2,0,0,0,2,2,51,GRANT (51),0,NOT APPLICABLE,11,11,9,September,2022,1,Sunday,16,4:00pm-4:59pm,29,29,0,This section IS NOT on the NHS,1,Rural,4,Minor Arterial,1,State Highway Agency,3,State Highway,SR-79,,33,33,45.99226389,45.99226389,-95.909363890,-95.90936389,0,No Special Jurisdiction,12,Motor Vehicle In-Transport,2,Front-to-Front,0,No,1,Non-Junction,1,Not an Intersection,0,None,,,1,On Roadway,1,Daylight,,,,,1,Clear,0,No,0000000,Not Applicable,16,4:00pm-4:59pm,29,29,16,4:00pm-4:59pm,37,37,99,Unknown,99,Unknown EMS Hospital Arrival Time,,,,,,,1,
2022,27,270269,Minnesota,1,1,0,0,0,2,2,61,ITASCA (61),0,NOT APPLICABLE,10,10,9,September,2022,7,Saturday,11,11:00am-11:59am,20,20,1,This section IS ON the NHS,1,Rural,3,Principal Arterial - Other,1,State Highway Agency,2,U.S. Highway,US-169,,2908,2908,47.08831389,47.08831389,-93.580944440,-93.58094444,0,No Special Jurisdiction,1,Rollover/Overturn,0,The First Harmful Event was Not a Collision with a Motor Vehicle in Transport,0,No,1,Non-Junction,1,Not an Intersection,0,None,,,4,On Roadside,1,Daylight,,,,,1,Clear,0,No,0000000,Not Applicable,11,11:00am-11:59am,22,22,11,11:00am-11:59am,37,37,12,12:00pm-12:59pm,8,8,,,,,,,1,
2022,27,270270,Minnesota,1,1,0,1,1,1,1,53,HENNEPIN (53),4760,MINNEAPOLIS,14,14,9,September,2022,4,Wednesday,3,3:00am-3:59am,30,30,0,This section IS NOT on the NHS,2,Urban,4,Minor Arterial,2,County Highway Agency,4,County Road,CR-81,1-94 RAMP,1,1,44.99894722,44.99894722,-93.283972220,-93.28397222,0,No Special Jurisdiction,8,Pedestrian,0,The First Harmful Event was Not a Collision with a Motor Vehicle in Transport,1,Yes,3,Intersection-Related,2,Four-Way Intersection,0,None,,,1,On Roadway,3,Dark - Lighted,,,,,1,Clear,0,No,0000000,Not Applicable,3,3:00am-3:59am,41,41,3,3:00am-3:59am,46,46,88,"Not Applicable (Not Transported) ",88,Not Applicable (Not Transported),,,,,,,1,
2022,27,270271,Minnesota,1,1,0,1,1,1,1,35,CROW WING (35),0,NOT APPLICABLE,13,13,6,June,2022,2,Monday,18,6:00pm-6:59pm,56,56,0,This section IS NOT on the NHS,1,Rural,7,Local,2,County Highway Agency,4,County Road,CR-148,,15,15,46.31531944,46.31531944,-94.115069440,-94.11506944,0,No Special Jurisdiction,11,Live Animal,0,The First Harmful Event was Not a Collision with a Motor Vehicle in Transport,0,No,1,Non-Junction,1,Not an Intersection,0,None,,,1,On Roadway,1,Daylight,,,,,1,Clear,0,No,0000000,Not Applicable,18,6:00pm-6:59pm,56,56,19,7:00pm-7:59pm,6,6,88,"Not Applicable (Not Transported) ",88,Not Applicable (Not Transported),,,,,,,1,
2022,27,270272,Minnesota,1,1,0,0,0,1,1,69,KITTSON (69),0,NOT APPLICABLE,17,17,9,September,2022,7,Saturday,12,12:00pm-12:59pm,36,36,1,This section IS ON the NHS,1,Rural,3,Principal Arterial - Other,1,State Highway Agency,3,State Highway,SR-11,,269,269,48.57240000,48.57240000,-96.562436110,-96.56243611,0,No Special Jurisdiction,1,Rollover/Overturn,0,The First Harmful Event was Not a Collision with a Motor Vehicle in Transport,0,No,1,Non-Junction,1,Not an Intersection,0,None,,,1,On Roadway,1,Daylight,,,,,10,Cloudy,0,No,0000000,Not Applicable,12,12:00pm-12:59pm,36,36,12,12:00pm-12:59pm,44,44,13,1:00pm-1:59pm,33,33,,,,,,,1,
2022,27,270273,Minnesota,1,1,0,0,0,1,1,21,CASS (21),0,NOT APPLICABLE,18,18,9,September,2022,1,Sunday,1,1:00am-1:59am,3,3,0,This section IS NOT on the NHS,1,Rural,4,Minor Arterial,1,State Highway Agency,3,State Highway,SR-200,,1618,1618,47.02911667,47.02911667,-93.861275000,-93.86127500,0,No Special Jurisdiction,35,Embankment,0,The First Harmful Event was Not a Collision with a Motor Vehicle in Transport,0,No,1,Non-Junction,1,Not an Intersection,0,None,,,4,On Roadside,2,Dark - Not Lighted,,,,,2,Rain,0,No,0000000,Not Applicable,1,1:00am-1:59am,3,3,1,1:00am-1:59am,5,5,88,"Not Applicable (Not Transported) ",88,Not Applicable (Not Transported),,,,,,,1,
2022,27,270274,Minnesota,3,3,0,0,0,4,4,123,RAMSEY (123),0,NOT APPLICABLE,19,19,9,September,2022,2,Monday,8,8:00am-8:59am,23,23,0,This section IS NOT on the NHS,2,Urban,4,Minor Arterial,1,State Highway Agency,2,U.S. Highway,US-61,,1493,1493,45.12015833,45.12015833,-93.003344440,-93.00334444,0,No Special Jurisdiction,12,Motor Vehicle In-Transport,1,Front-to-Rear,0,No,8,Driveway Access Related,1,Not an Intersection,0,None,,,1,On Roadway,1,Daylight,,,,,1,Clear,0,No,0000000,Not Applicable,8,8:00am-8:59am,23,23,8,8:00am-8:59am,29,29,9,9:00am-9:59am,0,0,,,,,,,1,
2022,27,270275,Minnesota,3,3,0,0,0,6,6,123,RAMSEY (123),215,ARDEN HILLS,19,19,9,September,2022,2,Monday,8,8:00am-8:59am,29,29,0,This section IS NOT on the NHS,2,Urban,4,Minor Arterial,2,County Highway Agency,4,County Road,CR-96,CR-76 OLD HWY 10,5,5,45.07912778,45.07912778,-93.176961110,-93.17696111,0,No Special Jurisdiction,12,Motor Vehicle In-Transport,6,Angle,1,Yes,2,Intersection,2,Four-Way Intersection,0,None,,,1,On Roadway,1,Daylight,,,,,1,Clear,1,Yes,0000000,Not Applicable,8,8:00am-8:59am,29,29,8,8:00am-8:59am,39,39,99,Unknown,99,Unknown EMS Hospital Arrival Time,,,,,,,1,
2022,27,270276,Minnesota,1,1,0,0,0,2,2,3,ANOKA (3),671,BLAINE,26,26,4,April,2022,3,Tuesday,23,11:00pm-11:59pm,15,15,0,This section IS NOT on the NHS,2,Urban,7,Local,4,City or Municipal Highway Agency,6,Local Street - Municipality,103RD AVE NE,BALTIMORE ST NE,1,1,45.15747222,45.15747222,-93.233152780,-93.23315278,0,No Special Jurisdiction,42,Tree (Standing Only),0,The First Harmful Event was Not a Collision with a Motor Vehicle in Transport,0,No,3,Intersection-Related,2,Four-Way Intersection,0,None,,,4,On Roadside,3,Dark - Lighted,,,,,1,Clear,0,No,0000000,Not Applicable,11,11:00am-11:59am,14,14,11,11:00am-11:59am,30,30,11,11:00am-11:59am,30,30,,,,,,,1,
2022,27,270277,Minnesota,1,1,0,0,0,1,1,37,DAKOTA (37),0,NOT APPLICABLE,24,24,7,July,2022,1,Sunday,17,5:00pm-5:59pm,30,30,0,This section IS NOT on the NHS,1,Rural,4,Minor Arterial,2,County Highway Agency,4,County Road,CR-4 200TH ST E,,21,21,44.66765278,44.66765278,-92.733086110,-92.73308611,0,No Special Jurisdiction,59,"Traffic Sign Support ",0,The First Harmful Event was Not a Collision with a Motor Vehicle in Transport,0,No,1,Non-Junction,1,Not an Intersection,0,None,,,4,On Roadside,1,Daylight,,,,,1,Clear,0,No,0000000,Not Applicable,17,5:00pm-5:59pm,46,46,17,5:00pm-5:59pm,51,51,18,6:00pm-6:59pm,15,15,,,,,,,1,
2022,27,270278,Minnesota,2,2,0,0,0,2,2,53,HENNEPIN (53),4760,MINNEAPOLIS,20,20,9,September,2022,3,Tuesday,0,0:00am-0:59am,39,39,1,This section IS ON the NHS,2,Urban,1,Interstate,1,State Highway Agency,1,Interstate,I-35,,156,156,44.94893611,44.94893611,-93.274525000,-93.27452500,0,No Special Jurisdiction,12,Motor Vehicle In-Transport,1,Front-to-Rear,0,No,1,Non-Junction,1,Not an Intersection,0,None,,,1,On Roadway,3,Dark - Lighted,,,,,10,Cloudy,0,No,0000000,Not Applicable,0,0:00am-0:59am,39,39,0,0:00am-0:59am,46,46,0,0:00am-0:59am,55,55,,,,,,,1,
2022,27,270280,Minnesota,1,1,0,0,0,2,2,119,POLK (119),0,NOT APPLICABLE,2,2,9,September,2022,6,Friday,23,11:00pm-11:59pm,26,26,1,This section IS ON the NHS,2,Urban,3,Principal Arterial - Other,1,State Highway Agency,2,U.S. Highway,US-2,,247,247,47.79776111,47.79776111,-96.611400000,-96.61140000,0,No Special Jurisdiction,30,Utility Pole/Light Support,0,The First Harmful Event was Not a Collision with a Motor Vehicle in Transport,0,No,1,Non-Junction,1,Not an Intersection,0,None,,,4,On Roadside,3,Dark - Lighted,,,,,1,Clear,0,No,0000000,Not Applicable,23,11:00pm-11:59pm,30,30,23,11:00pm-11:59pm,37,37,23,11:00pm-11:59pm,45,45,,,,,,,2,
2022,27,270281,Minnesota,1,1,0,0,0,1,1,47,FREEBORN (47),0,NOT APPLICABLE,15,15,9,September,2022,5,Thursday,14,2:00pm-2:59pm,57,57,1,This section IS ON the NHS,1,Rural,1,Interstate,1,State Highway Agency,1,Interstate,I-35,,28,28,43.53928333,43.53928333,-93.354716670,-93.35471667,0,No Special Jurisdiction,24,Guardrail Face,0,The First Harmful Event was Not a Collision with a Motor Vehicle in Transport,0,No,1,Non-Junction,1,Not an Intersection,0,None,,,4,On Roadside,1,Daylight,,,,,1,Clear,0,No,0000000,Not Applicable,14,2:00pm-2:59pm,58,58,15,3:00pm-3:59pm,14,14,88,"Not Applicable (Not Transported) ",88,Not Applicable (Not Transported),,,,,,,1,
2022,27,270282,Minnesota,1,1,0,1,1,2,2,169,WINONA (169),7660,WINONA,15,15,9,September,2022,5,Thursday,20,8:00pm-8:59pm,41,41,1,This section IS ON the NHS,2,Urban,3,Principal Arterial - Other,1,State Highway Agency,2,U.S. Highway,US-61,VILA ST,280,280,44.04456111,44.04456111,-91.668197220,-91.66819722,0,No Special Jurisdiction,9,Pedalcyclist,0,The First Harmful Event was Not a Collision with a Motor Vehicle in Transport,0,No,2,Intersection,2,Four-Way Intersection,0,None,,,1,On Roadway,3,Dark - Lighted,,,,,1,Clear,0,No,0000000,Not Applicable,20,8:00pm-8:59pm,41,41,20,8:00pm-8:59pm,42,42,88,"Not Applicable (Not Transported) ",88,Not Applicable (Not Transported),,,,,,,1,
2022,27,270283,Minnesota,2,2,0,0,0,2,2,37,DAKOTA (37),202,APPLE VALLEY,21,21,9,September,2022,4,Wednesday,19,7:00pm-7:59pm,34,34,1,This section IS ON the NHS,2,Urban,3,Principal Arterial - Other,2,County Highway Agency,4,County Road,CR-42 150TH ST W,FLAGSTAFF AVE,67,67,44.73198333,44.73198333,-93.197619440,-93.19761944,0,No Special Jurisdiction,12,Motor Vehicle In-Transport,6,Angle,0,No,2,Intersection,2,Four-Way Intersection,0,None,,,1,On Roadway,5,Dusk,,,,,1,Clear,0,No,0000000,Not Applicable,19,7:00pm-7:59pm,34,34,19,7:00pm-7:59pm,36,36,20,8:00pm-8:59pm,19,19,,,,,,,1,
2022,27,270284,Minnesota,1,1,0,0,0,1,1,143,SIBLEY (143),0,NOT APPLICABLE,15,15,9,September,2022,5,Thursday,12,12:00pm-12:59pm,24,24,0,This section IS NOT on the NHS,1,Rural,5,Major Collector,2,County Highway Agency,4,County Road,CR-6,,60,60,44.60361111,44.60361111,-93.890580560,-93.89058056,0,No Special Jurisdiction,42,Tree (Standing Only),0,The First Harmful Event was Not a Collision with a Motor Vehicle in Transport,0,No,1,Non-Junction,1,Not an Intersection,0,None,,,4,On Roadside,1,Daylight,,,,,1,Clear,0,No,0000000,Not Applicable,12,12:00pm-12:59pm,26,26,12,12:00pm-12:59pm,42,42,88,"Not Applicable (Not Transported) ",88,Not Applicable (Not Transported),,,,,,,1,
2022,27,270285,Minnesota,1,1,0,0,0,1,1,129,RENVILLE (129),5400,OLIVIA,24,24,9,September,2022,7,Saturday,3,3:00am-3:59am,34,34,1,This section IS ON the NHS,1,Rural,3,Principal Arterial - Other,1,State Highway Agency,2,U.S. Highway,US-LINCOLN AVE W,,977,977,44.77660278,44.77660278,-94.995452780,-94.99545278,0,No Special Jurisdiction,33,Curb,0,The First Harmful Event was Not a Collision with a Motor Vehicle in Transport,0,No,1,Non-Junction,1,Not an Intersection,1,Construction,,,4,On Roadside,3,Dark - Lighted,,,,,1,Clear,0,No,0000000,Not Applicable,3,3:00am-3:59am,35,35,3,3:00am-3:59am,44,44,88,"Not Applicable (Not Transported) ",88,Not Applicable (Not Transported),,,,,,,1,
2022,27,270286,Minnesota,2,2,0,0,0,3,3,67,KANDIYOHI (67),0,NOT APPLICABLE,24,24,9,September,2022,7,Saturday,16,4:00pm-4:59pm,32,32,0,This section IS NOT on the NHS,1,Rural,4,Minor Arterial,1,State Highway Agency,3,State Highway,SR-7,CR-2 195TH ST SE,1204,1204,44.93583611,44.93583611,-94.778252780,-94.77825278,0,No Special Jurisdiction,12,Motor Vehicle In-Transport,6,Angle,0,No,2,Intersection,2,Four-Way Intersection,0,None,,,1,On Roadway,1,Daylight,,,,,10,Cloudy,0,No,0000000,Not Applicable,16,4:00pm-4:59pm,29,29,16,4:00pm-4:59pm,39,39,99,Unknown,99,Unknown EMS Hospital Arrival Time,,,,,,,3,
2022,27,270287,Minnesota,1,1,0,0,0,1,1,105,NOBLES (105),0,NOT APPLICABLE,25,25,9,September,2022,1,Sunday,10,10:00am-10:59am,27,27,0,This section IS NOT on the NHS,1,Rural,7,Local,3,Town or Township Highway Agency,5,Local Street - Township,140TH ST,,47,47,43.79060000,43.79060000,-95.539241670,-95.53924167,0,No Special Jurisdiction,1,Rollover/Overturn,0,The First Harmful Event was Not a Collision with a Motor Vehicle in Transport,0,No,1,Non-Junction,1,Not an Intersection,0,None,,,4,On Roadside,1,Daylight,,,,,1,Clear,0,No,0000000,Not Applicable,10,10:00am-10:59am,27,27,10,10:00am-10:59am,44,44,88,"Not Applicable (Not Transported) ",88,Not Applicable (Not Transported),,,,,,,1,