caseyear,state,st_case,statename,ve_total,ve_forms,pvh_invl,peds,pernotmvit,permvit,persons,county,countyname,city,cityname,day,dayname,month,monthname,year,day_week,day_weekname,hour,hourname,minute,minutename,nhs,nhsname,rur_urb,rur_urbname,func_sys,func_sysname,rd_owner,rd_ownername,route,routename,tway_id,tway_id2,milept,mileptname,latitude,latitudename,longitud,longitudname,sp_jur,sp_jurname,harm_ev,harm_evname,man_coll,man_collname,reljct1,reljct1name,reljct2,reljct2name,typ_int,typ_intname,wrk_zone,wrk_zonename,road_fnc,road_fncname,rel_road,rel_roadname,lgt_cond,lgt_condname,weather1,weather1name,weather2,weather2name,weather,weathername,sch_bus,sch_busname,rail,railname,not_hour,not_hourname,not_min,not_minname,arr_hour,arr_hourname,arr_min,arr_minname,hosp_hr,hosp_hrname,hosp_mn,hosp_mnname,cf1,cf1name,cf2,cf2name,cf3,cf3name,fatals,drunk_dr
2022,27,270399,Minnesota,1,1,0,1,1,1,1,99,MOWER (99),290,AUSTIN,30,30,12,December,2022,6,Friday,23,11:00pm-11:59pm,15,15,0,This section IS NOT on the NHS,2,Urban,4,Minor Arterial,4,City or Municipal Highway Agency,6,Local Street - Municipality,OAKLAND PL SE,OAKLAND AVE E,10,10,43.66691944,43.66691944,-92.954997220,-92.95499722,0,No Special Jurisdiction,8,Pedestrian,0,The First Harmful Event was Not a Collision with a Motor Vehicle in Transport,0,No,3,Intersection-Related,4,Y-Intersection,0,None,,,1,On Roadway,3,Dark - Lighted,,,,,5,"Fog, Smog, Smoke",0,No,0000000,Not Applicable,23,11:00pm-11:59pm,18,18,23,11:00pm-11:59pm,24,24,23,11:00pm-11:59pm,33,33,,,,,,,1,
2022,27,270400,Minnesota,1,1,0,0,0,2,2,101,MURRAY (101),0,NOT APPLICABLE,31,31,12,December,2022,7,Saturday,13,1:00pm-1:59pm,46,46,0,This section IS NOT on the NHS,1,Rural,4,Minor Arterial,1,State Highway Agency,3,State Highway,SR-30,CR-41,517,517,44.05083056,44.05083056,-95.549877780,-95.54987778,0,No Special Jurisdiction,58,Ground,0,The First Harmful Event was Not a Collision with a Motor Vehicle in Transport,0,No,3,Intersection-Related,3,T-Intersection,0,None,,,4,On Roadside,1,Daylight,,,,,1,Clear,0,No,0000000,Not Applicable,13,1:00pm-1:59pm,47,47,14,2:00pm-2:59pm,0,0,14,2:00pm-2:59pm,18,18,,,,,,,1,
2022,27,270401,Minnesota,1,1,0,2,2,1,1,53,HENNEPIN (53),4760,MINNEAPOLIS,17,17,9,September,2022,7,Saturday,18,6:00pm-6:59pm,24,24,0,This section IS NOT on the NHS,2,Urban,5,Major Collector,2,County Highway Agency,4,County Road,CR-5,CR-36,150,150,44.97226111,44.97226111,-93.218783330,-93.21878333,0,No Special Jurisdiction,8,Pedestrian,0,The First Harmful Event was Not a Collision with a Motor Vehicle in Transport,0,No,3,Intersection-Related,2,Four-Way Intersection,0,None,,,1,On Roadway,1,Daylight,,,,,1,Clear,0,No,0000000,Not Applicable,18,6:00pm-6:59pm,24,24,18,6:00pm-6:59pm,30,30,18,6:00pm-6:59pm,39,39,,,,,,,1,
2022,27,270402,Minnesota,4,3,1,0,0,3,3,145,STEARNS (145),6250,ST. CLOUD,12,12,12,December,2022,2,Monday,11,11:00am-11:59am,8,8,0,This section IS NOT on the NHS,2,Urban,7,Local,4,City or Municipal Highway Agency,6,Local Street - Municipality,10TH ST N,36TH AVE N,3,3,45.56955556,45.56955556,-94.201941670,-94.20194167,0,No Special Jurisdiction,12,Motor Vehicle In-Transport,6,Angle,0,No,2,Intersection,2,Four-Way Intersection,0,None,,,1,On Roadway,1,Daylight,,,,,10,Cloudy,0,No,0000000,Not Applicable,99,Unknown,99,Unknown,99,Unknown EMS Scene Arrival Hour,99,Unknown EMS Scene Arrival Minutes,99,Unknown,99,Unknown EMS Hospital Arrival Time,,,,,,,1,
2022,27,270403,Minnesota,2,2,0,1,1,1,1,157,WABASHA (157),0,NOT APPLICABLE,30,30,12,December,2022,6,Friday,16,4:00pm-4:59pm,10,10,0,This section IS NOT on the NHS,1,Rural,4,Minor Arterial,1,State Highway Agency,3,State Highway,SR-42,,290,290,44.28220833,44.28220833,-92.021208330,-92.02120833,0,No Special Jurisdiction,8,Pedestrian,0,The First Harmful Event was Not a Collision with a Motor Vehicle in Transport,0,No,1,Non-Junction,1,Not an Intersection,0,None,,,1,On Roadway,1,Daylight,,,,,1,Clear,0,No,0000000,Not Applicable,16,4:00pm-4:59pm,10,10,16,4:00pm-4:59pm,20,20,16,4:00pm-4:59pm,50,50,,,,,,,1,
2022,27,270404,Minnesota,2,2,0,0,0,3,3,109,OLMSTED (109),5960,ROCHESTER,7,7,9,September,2022,4,Wednesday,18,6:00pm-6:59pm,14,14,0,This section IS NOT on the NHS,2,Urban,6,Minor Collector,4,City or Municipal Highway Agency,6,Local Street - Municipality,W CENTER ST,11TH AVE NW,4,4,44.02358611,44.02358611,-92.478933330,-92.47893333,0,No Special Jurisdiction,12,Motor Vehicle In-Transport,6,Angle,0,No,2,Intersection,2,Four-Way Intersection,0,None,,,1,On Roadway,5,Dusk,,,,,1,Clear,0,No,0000000,Not Applicable,18,6:00pm-6:59pm,14,14,18,6:00pm-6:59pm,16,16,18,6:00pm-6:59pm,33,33,,,,,,,1,
2022,27,270405,Minnesota,1,1,0,0,0,1,1,13,BLUE EARTH (13),0,NOT APPLICABLE,3,3,9,September,2022,7,Saturday,8,8:00am-8:59am,35,35,0,This section IS NOT on the NHS,1,Rural,4,Minor Arterial,2,County Highway Agency,4,County Road,CR-42,,28,28,44.19936667,44.19936667,-94.195255560,-94.19525556,0,No Special Jurisdiction,11,Live Animal,0,The First Harmful Event was Not a Collision with a Motor Vehicle in Transport,0,No,1,Non-Junction,1,Not an Intersection,0,None,,,1,On Roadway,1,Daylight,,,,,1,Clear,0,No,0000000,Not Applicable,8,8:00am-8:59am,37,37,8,8:00am-8:59am,50,50,10,10:00am-10:59am,30,30,,,,,,,1,
2022,27,270406,Minnesota,2,2,0,0,0,3,3,141,SHERBURNE (141),0,NOT APPLICABLE,30,30,10,October,2022,1,Sunday,21,9:00pm-9:59pm,19,19,0,This section IS NOT on the NHS,1,Rural,5,Major Collector,2,County Highway Agency,4,County Road,CR-2,,17,17,45.54472778,45.54472778,-93.568150000,-93.56815000,0,No Special Jurisdiction,12,Motor Vehicle In-Transport,2,Front-to-Front,0,No,1,Non-Junction,1,Not an Intersection,0,None,,,1,On Roadway,3,Dark - Lighted,,,,,1,Clear,0,No,0000000,Not Applicable,22,10:00pm-10:59pm,22,22,22,10:00pm-10:59pm,27,27,22,10:00pm-10:59pm,30,30,,,,,,,1,
2022,27,270407,Minnesota,1,1,0,0,0,1,1,163,WASHINGTON (163),4561,MARINE ON ST CROIX,28,28,10,October,2022,6,Friday,20,8:00pm-8:59pm,30,30,0,This section IS NOT on the NHS,1,Rural,4,Minor Arterial,2,County Highway Agency,4,County Road,CR-4,,103,103,45.20878889,45.20878889,-92.784663890,-92.78466389,0,No Special Jurisdiction,21,Bridge Pier or Support,0,The First Harmful Event was Not a Collision with a Motor Vehicle in Transport,0,No,1,Non-Junction,1,Not an Intersection,0,None,,,4,On Roadside,2,Dark - Not Lighted,,,,,1,Clear,0,No,0000000,Not Applicable,20,8:00pm-8:59pm,34,34,20,8:00pm-8:59pm,43,43,21,9:00pm-9:59pm,30,30,,,,,,,1,
2022,27,270408,Minnesota,1,1,0,1,1,3,3,53,HENNEPIN (53),4760,MINNEAPOLIS,29,29,10,October,2022,7,Saturday,23,11:00pm-11:59pm,16,16,0,This section IS NOT on the NHS,2,Urban,4,Minor Arterial,2,County Highway Agency,4,County Road,CR-2,42ND AVE N,42,42,45.03147222,45.03147222,-93.308483330,-93.30848333,0,No Special Jurisdiction,8,Pedestrian,0,The First Harmful Event was Not a Collision with a Motor Vehicle in Transport,0,No,3,Intersection-Related,2,Four-Way Intersection,0,None,,,1,On Roadway,3,Dark - Lighted,,,,,1,Clear,0,No,0000000,Not Applicable,23,11:00pm-11:59pm,17,17,23,11:00pm-11:59pm,27,27,0,0:00am-0:59am,9,9,,,,,,,1,
2022,27,270409,Minnesota,2,2,0,0,0,2,2,53,HENNEPIN (53),3410,HOPKINS,12,12,10,October,2022,4,Wednesday,9,9:00am-9:59am,57,57,1,This section IS ON the NHS,2,Urban,2,Principal Arterial - Other Freeways and Expressways,1,State Highway Agency,2,U.S. Highway,US-169,,1241,1241,44.92249167,44.92249167,-93.401386110,-93.40138611,0,No Special Jurisdiction,12,Motor Vehicle In-Transport,7,Sideswipe - Same Direction,1,Yes,18,Through Roadway,1,Not an Intersection,0,None,,,1,On Roadway,1,Daylight,,,,,1,Clear,0,No,0000000,Not Applicable,99,Unknown,99,Unknown,99,Unknown EMS Scene Arrival Hour,99,Unknown EMS Scene Arrival Minutes,99,Unknown,99,Unknown EMS Hospital Arrival Time,,,,,,,1,
2022,27,270410,Minnesota,1,1,0,0,0,1,1,53,HENNEPIN (53),4760,MINNEAPOLIS,19,19,10,October,2022,4,Wednesday,21,9:00pm-9:59pm,25,25,0,This section IS NOT on the NHS,2,Urban,5,Major Collector,4,City or Municipal Highway Agency,6,Local Street - Municipality,EMERSON AVE S,W 34TH ST,3,3,44.94128611,44.94128611,-93.294461110,-93.29446111,0,No Special Jurisdiction,42,Tree (Standing Only),0,The First Harmful Event was Not a Collision with a Motor Vehicle in Transport,0,No,3,Intersection-Related,2,Four-Way Intersection,0,None,,,4,On Roadside,3,Dark - Lighted,,,,,1,Clear,0,No,0000000,Not Applicable,21,9:00pm-9:59pm,25,25,21,9:00pm-9:59pm,28,28,21,9:00pm-9:59pm,50,50,,,,,,,1,
2022,27,270411,Minnesota,1,1,0,1,1,3,3,123,RAMSEY (123),6330,ST. PAUL,9,9,11,November,2022,4,Wednesday,17,5:00pm-5:59pm,26,26,0,This section IS NOT on the NHS,2,Urban,4,Minor Arterial,2,County Highway Agency,4,County Road,CR-49 N RICE ST,W WHEELOCK PKWY,24,24,44.99006944,44.99006944,-93.105844440,-93.10584444,0,No Special Jurisdiction,8,Pedestrian,0,The First Harmful Event was Not a Collision with a Motor Vehicle in Transport,0,No,3,Intersection-Related,2,Four-Way Intersection,0,None,,,1,On Roadway,3,Dark - Lighted,,,,,2,Rain,0,No,0000000,Not Applicable,17,5:00pm-5:59pm,26,26,17,5:00pm-5:59pm,33,33,17,5:00pm-5:59pm,53,53,,,,,,,1,
2022,27,270412,Minnesota,1,1,0,1,1,1,1,53,HENNEPIN (53),4760,MINNEAPOLIS,24,24,7,July,2022,1,Sunday,3,3:00am-3:59am,3,3,0,This section IS NOT on the NHS,2,Urban,4,Minor Arterial,4,City or Municipal Highway Agency,6,Local Street - Municipality,E 28TH ST,BLOOMINGTON AVE S,22,22,44.95194167,44.95194167,-93.252380560,-93.25238056,0,No Special Jurisdiction,8,Pedestrian,0,The First Harmful Event was Not a Collision with a Motor Vehicle in Transport,0,No,3,Intersection-Related,2,Four-Way Intersection,0,None,,,1,On Roadway,2,Dark - Not Lighted,,,,,1,Clear,0,No,0000000,Not Applicable,3,3:00am-3:59am,3,3,3,3:00am-3:59am,10,10,3,3:00am-3:59am,20,20,,,,,,,1,
2022,27,270413,Minnesota,1,1,0,1,1,2,2,37,DAKOTA (37),202,APPLE VALLEY,30,30,10,October,2022,1,Sunday,2,2:00am-2:59am,16,16,1,This section IS ON the NHS,2,Urban,3,Principal Arterial - Other,2,County Highway Agency,4,County Road,CR-42,GALAXIE AVE,63,63,44.73198889,44.73198889,-93.207266670,-93.20726667,0,No Special Jurisdiction,8,Pedestrian,0,The First Harmful Event was Not a Collision with a Motor Vehicle in Transport,0,No,3,Intersection-Related,2,Four-Way Intersection,0,None,,,1,On Roadway,3,Dark - Lighted,,,,,1,Clear,0,No,0000000,Not Applicable,2,2:00am-2:59am,16,16,2,2:00am-2:59am,18,18,2,2:00am-2:59am,57,57,,,,,,,1,
2022,27,270414,Minnesota,2,2,0,0,0,4,4,161,WASECA (161),7370,WASECA,26,26,9,September,2022,2,Monday,14,2:00pm-2:59pm,1,1,0,This section IS NOT on the NHS,2,Urban,4,Minor Arterial,2,County Highway Agency,4,County Road,CR-14,8TH ST SE,133,133,44.07755833,44.07755833,-93.496908330,-93.49690833,0,No Special Jurisdiction,12,Motor Vehicle In-Transport,6,Angle,0,No,2,Intersection,2,Four-Way Intersection,0,None,,,1,On Roadway,1,Daylight,,,,,1,Clear,0,No,0000000,Not Applicable,14,2:00pm-2:59pm,2,2,14,2:00pm-2:59pm,2,2,99,Unknown,99,Unknown EMS Hospital Arrival Time,,,,,,,1,
2022,27,270415,Minnesota,1,1,0,0,0,1,1,123,RAMSEY (123),6330,ST. PAUL,31,31,5,May,2022,3,Tuesday,6,6:00am-6:59am,50,50,0,This section IS NOT on the NHS,2,Urban,5,Major Collector,4,City or Municipal Highway Agency,6,Local Street - Municipality,E WHEELOCK PKWY,,28,28,44.97998611,44.97998611,-93.050636110,-93.05063611,0,No Special Jurisdiction,33,Curb,0,The First Harmful Event was Not a Collision with a Motor Vehicle in Transport,0,No,1,Non-Junction,1,Not an Intersection,0,None,,,4,On Roadside,4,Dawn,,,,,1,Clear,0,No,0000000,Not Applicable,6,6:00am-6:59am,51,51,6,6:00am-6:59am,56,56,7,7:00am-7:59am,5,5,,,,,,,1,
2022,27,270416,Minnesota,2,2,0,0,0,2,2,169,WINONA (169),7660,WINONA,24,24,9,September,2022,7,Saturday,12,12:00pm-12:59pm,30,30,0,This section IS NOT on the NHS,2,Urban,6,Minor Collector,4,City or Municipal Highway Agency,6,Local Street - Municipality,BRUSKI DR,NONE,1,1,44.03095556,44.03095556,-91.619716670,-91.61971667,0,No Special Jurisdiction,12,Motor Vehicle In-Transport,6,Angle,0,No,2,Intersection,2,Four-Way Intersection,0,None,,,1,On Roadway,1,Daylight,,,,,1,Clear,0,No,0000000,Not Applicable,12,12:00pm-12:59pm,33,33,12,12:00pm-12:59pm,33,33,12,12:00pm-12:59pm,37,37,,,,,,,1,
2022,27,270417,Minnesota,2,2,0,0,0,3,3,111,OTTER TAIL (111),2360,FERGUS FALLS,28,28,12,December,2022,4,Wednesday,12,12:00pm-12:59pm,18,18,1,This section IS ON the NHS,2,Urban,3,Principal Arterial - Other,1,State Highway Agency,3,State Highway,SR-210,CR-82,288,288,46.26981667,46.26981667,-96.056352780,-96.05635278,0,No Special Jurisdiction,12,Motor Vehicle In-Transport,2,Front-to-Front,0,No,3,Intersection-Related,2,Four-Way Intersection,0,None,,,1,On Roadway,1,Daylight,,,,,1,Clear,0,No,0000000,Not Applicable,12,12:00pm-12:59pm,18,18,12,12:00pm-12:59pm,23,23,12,12:00pm-12:59pm,39,39,,,,,,,1,
2022,27,270419,Minnesota,1,1,0,0,0,1,1,137,ST LOUIS (137),0,NOT APPLICABLE,29,29,11,November,2022,3,Tuesday,14,2:00pm-2:59pm,25,25,0,This section IS NOT on the NHS,1,Rural,5,Major Collector,2,County Highway Agency,4,County Road,CR-132,,11,11,47.41216667,47.41216667,-92.516063890,-92.51606389,0,No Special Jurisdiction,59,"Traffic Sign Support ",0,The First Harmful Event was Not a Collision with a Motor Vehicle in Transport,0,No,1,Non-Junction,1,Not an Intersection,0,None,,,4,On Roadside,1,Daylight,,,,,10,Cloudy,0,No,0000000,Not Applicable,99,Unknown,99,Unknown,99,Unknown EMS Scene Arrival Hour,99,Unknown EMS Scene Arrival Minutes,99,Unknown,99,Unknown EMS Hospital Arrival Time,,,,,,,1,
2022,27,270420,Minnesota,2,2,0,0,0,3,3,99,MOWER (99),0,NOT APPLICABLE,24,24,11,November,2022,5,Thursday,10,10:00am-10:59am,52,52,0,This section IS NOT on the NHS,1,Rural,6,Minor Collector,2,County Highway Agency,4,County Road,CR-20,TS-157,34,34,43.68871667,43.68871667,-92.789577780,-92.78957778,0,No Special Jurisdiction,12,Motor Vehicle In-Transport,6,Angle,0,No,2,Intersection,2,Four-Way Intersection,0,None,,,1,On Roadway,1,Daylight,,,,,5,"Fog, Smog, Smoke",0,No,0000000,Not Applicable,99,Unknown,99,Unknown,99,Unknown EMS Scene Arrival Hour,99,Unknown EMS Scene Arrival Minutes,99,Unknown,99,Unknown EMS Hospital Arrival Time,,,,,,,1,
2022,27,270421,Minnesota,1,1,0,0,0,1,1,137,ST LOUIS (137),1900,DULUTH,22,22,7,July,2022,6,Friday,19,7:00pm-7:59pm,49,49,1,This section IS ON the NHS,2,Urban,1,Interstate,1,State Highway Agency,1,Interstate,I-535 N BLATNICK BRIDGE,,1,1,88.88880000,88.88880000,888.888800000,888.88880000,0,No Special Jurisdiction,25,Concrete Traffic Barrier,0,The First Harmful Event was Not a Collision with a Motor Vehicle in Transport,0,No,1,Non-Junction,1,Not an Intersection,1,Construction,,,3,On Median,1,Daylight,,,,,1,Clear,0,No,0000000,Not Applicable,19,7:00pm-7:59pm,49,49,19,7:00pm-7:59pm,57,57,88,"Not Applicable (Not Transported) ",88,Not Applicable (Not Transported),,,,,,,1,
2022,27,270422,Minnesota,2,1,1,0,0,2,2,19,CARVER (19),7230,WACONIA,13,13,8,August,2022,7,Saturday,4,4:00am-4:59am,15,15,0,This section IS NOT on the NHS,2,Urban,7,Local,4,City or Municipal Highway Agency,6,Local Street - Municipality,OAK AVE,,2,2,44.82981944,44.82981944,-93.808566670,-93.80856667,0,No Special Jurisdiction,14,Parked Motor Vehicle,0,The First Harmful Event was Not a Collision with a Motor Vehicle in Transport,0,No,1,Non-Junction,1,Not an Intersection,1,Construction,,,5,Outside Trafficway,3,Dark - Lighted,,,,,1,Clear,0,No,0000000,Not Applicable,4,4:00am-4:59am,19,19,4,4:00am-4:59am,22,22,99,Unknown,99,Unknown EMS Hospital Arrival Time,,,,,,,1,
2022,27,270423,Minnesota,1,1,0,0,0,1,1,173,YELLOW MEDICINE (173),5740,PORTER,6,6,9,September,2022,3,Tuesday,18,6:00pm-6:59pm,34,34,0,This section IS NOT on the NHS,1,Rural,4,Minor Arterial,1,State Highway Agency,3,State Highway,SR-68,,159,159,44.63795000,44.63795000,-96.175433330,-96.17543333,0,No Special Jurisdiction,18,Other Object (not fixed),0,The First Harmful Event was Not a Collision with a Motor Vehicle in Transport,0,No,1,Non-Junction,1,Not an Intersection,1,Construction,,,1,On Roadway,1,Daylight,,,,,1,Clear,0,No,0000000,Not Applicable,18,6:00pm-6:59pm,34,34,18,6:00pm-6:59pm,44,44,19,7:00pm-7:59pm,2,2,,,,,,,1,
2022,27,270424,Minnesota,2,2,0,0,0,4,4,19,CARVER (19),1170,CHANHASSEN,1,1,12,December,2022,5,Thursday,15,3:00pm-3:59pm,26,26,0,This section IS NOT on the NHS,2,Urban,4,Minor Arterial,2,County Highway Agency,4,County Road,CR-61,,69,69,44.81572500,44.81572500,-93.524455560,-93.52445556,0,No Special Jurisdiction,12,Motor Vehicle In-Transport,2,Front-to-Front,0,No,1,Non-Junction,1,Not an Intersection,0,None,,,1,On Roadway,1,Daylight,,,,,1,Clear,0,No,0000000,Not Applicable,15,3:00pm-3:59pm,30,30,15,3:00pm-3:59pm,99,Unknown EMS Scene Arrival Minutes,99,Unknown,99,Unknown EMS Hospital Arrival Time,,,,,,,1,
2022,27,270425,Minnesota,1,1,0,1,1,1,1,53,HENNEPIN (53),4760,MINNEAPOLIS,8,8,12,December,2022,5,Thursday,17,5:00pm-5:59pm,51,51,0,This section IS NOT on the NHS,2,Urban,7,Local,4,City or Municipal Highway Agency,6,Local Street - Municipality,1ST AVE S,E 34TH ST,7,7,44.94143056,44.94143056,-93.276647220,-93.27664722,0,No Special Jurisdiction,8,Pedestrian,0,The First Harmful Event was Not a Collision with a Motor Vehicle in Transport,0,No,3,Intersection-Related,2,Four-Way Intersection,0,None,,,1,On Roadway,3,Dark - Lighted,,,,,10,Cloudy,0,No,0000000,Not Applicable,17,5:00pm-5:59pm,52,52,18,6:00pm-6:59pm,6,6,18,6:00pm-6:59pm,26,26,,,,,,,1,
2022,27,270426,Minnesota,1,1,0,1,1,1,1,53,HENNEPIN (53),820,BROOKLYN CENTER,6,6,4,April,2022,4,Wednesday,20,8:00pm-8:59pm,42,42,0,This section IS NOT on the NHS,2,Urban,4,Minor Arterial,2,County Highway Agency,4,County Road,CR-152,,154,154,45.08349722,45.08349722,-93.340500000,-93.34050000,0,No Special Jurisdiction,15,Non-Motorist on Personal Conveyance,0,The First Harmful Event was Not a Collision with a Motor Vehicle in Transport,0,No,1,Non-Junction,1,Not an Intersection,0,None,,,1,On Roadway,3,Dark - Lighted,,,,,2,Rain,0,No,0000000,Not Applicable,99,Unknown,99,Unknown,99,Unknown EMS Scene Arrival Hour,99,Unknown EMS Scene Arrival Minutes,99,Unknown,99,Unknown EMS Hospital Arrival Time,,,,,,,1,
2022,27,270427,Minnesota,1,1,0,1,1,1,1,115,PINE (115),3320,HINCKLEY,5,5,5,May,2022,5,Thursday,23,11:00pm-11:59pm,9,9,0,This section IS NOT on the NHS,1,Rural,7,Local,4,City or Municipal Highway Agency,6,Local Street - Municipality,OSHKI ODENA ST,,1,1,46.00407222,46.00407222,-92.895883330,-92.89588333,0,No Special Jurisdiction,8,Pedestrian,0,The First Harmful Event was Not a Collision with a Motor Vehicle in Transport,0,No,1,Non-Junction,1,Not an Intersection,0,None,,,1,On Roadway,2,Dark - Not Lighted,,,,,1,Clear,0,No,0000000,Not Applicable,99,Unknown,99,Unknown,99,Unknown EMS Scene Arrival Hour,99,Unknown EMS Scene Arrival Minutes,99,Unknown,99,Unknown EMS Hospital Arrival Time,,,,,,,1,
2022,27,270428,Minnesota,1,1,0,0,0,2,2,25,CHISAGO (25),3100,HARRIS,12,12,5,May,2022,5,Thursday,8,8:00am-8:59am,16,16,0,This section IS NOT on the NHS,6,Trafficway Not in State Inventory,96,Trafficway Not in State Inventory,96,Trafficway Not in State Inventory,8,Other,GOOSE CREEK REST AREA,,22,22,45.59733889,45.59733889,-92.994463890,-92.99446389,0,No Special Jurisdiction,42,Tree (Standing Only),0,The First Harmful Event was Not a Collision with a Motor Vehicle in Transport,0,No,1,Non-Junction,1,Not an Intersection,0,None,,,4,On Roadside,1,Daylight,,,,,10,Cloudy,0,No,0000000,Not Applicable,99,Unknown,99,Unknown,99,Unknown EMS Scene Arrival Hour,99,Unknown EMS Scene Arrival Minutes,99,Unknown,99,Unknown EMS Hospital Arrival Time,,,,,,,1,
2022,27,270429,Minnesota,1,1,0,0,0,1,1,53,HENNEPIN (53),4760,MINNEAPOLIS,18,18,5,May,2022,4,Wednesday,16,4:00pm-4:59pm,54,54,0,This section IS NOT on the NHS,2,Urban,4,Minor Arterial,2,County Highway Agency,4,County Road,CR-152 N WASHINGTON AVE,MU-370 SOO AVE N,102,102,45.02931389,45.02931389,-93.286269440,-93.28626944,0,No Special Jurisdiction,5,Fell/Jumped from Vehicle,0,The First Harmful Event was Not a Collision with a Motor Vehicle in Transport,0,No,3,Intersection-Related,3,T-Intersection,0,None,,,1,On Roadway,1,Daylight,,,,,2,Rain,0,No,0000000,Not Applicable,99,Unknown,99,Unknown,99,Unknown EMS Scene Arrival Hour,99,Unknown EMS Scene Arrival Minutes,99,Unknown,99,Unknown EMS Hospital Arrival Time,,,,,,,1,
2022,27,270430,Minnesota,1,1,0,0,0,1,1,137,ST LOUIS (137),1900,DULUTH,28,28,8,August,2022,1,Sunday,18,6:00pm-6:59pm,20,20,0,This section IS NOT on the NHS,2,Urban,7,Local,4,City or Municipal Highway Agency,6,Local Street - Municipality,LUZERNE RD,,5,5,46.86441667,46.86441667,-92.132230560,-92.13223056,0,No Special Jurisdiction,1,Rollover/Overturn,0,The First Harmful Event was Not a Collision with a Motor Vehicle in Transport,0,No,1,Non-Junction,1,Not an Intersection,0,None,,,1,On Roadway,1,Daylight,,,,,10,Cloudy,0,No,0000000,Not Applicable,99,Unknown,99,Unknown,99,Unknown EMS Scene Arrival Hour,99,Unknown EMS Scene Arrival Minutes,99,Unknown,99,Unknown EMS Hospital Arrival Time,,,,,,,1,
2022,27,270431,Minnesota,2,2,0,0,0,2,2,17,CARLTON (17),0,NOT APPLICABLE,16,16,10,October,2022,1,Sunday,16,4:00pm-4:59pm,20,20,1,This section IS ON the NHS,1,Rural,3,Principal Arterial - Other,1,State Highway Agency,3,State Highway,SR-210,CR-10,2086,2086,46.67131667,46.67131667,-92.634175000,-92.63417500,3,Indian Reservation,12,Motor Vehicle In-Transport,6,Angle,0,No,2,Intersection,2,Four-Way Intersection,0,None,,,1,On Roadway,1,Daylight,,,,,1,Clear,0,No,0000000,Not Applicable,99,Unknown,99,Unknown,99,Unknown EMS Scene Arrival Hour,99,Unknown EMS Scene Arrival Minutes,99,Unknown,99,Unknown EMS Hospital Arrival Time,,,,,,,1,
2022,27,270432,Minnesota,1,1,0,0,0,2,2,13,BLUE EARTH (13),0,NOT APPLICABLE,2,2,11,November,2022,4,Wednesday,22,10:00pm-10:59pm,1,1,1,This section IS ON the NHS,2,Urban,3,Principal Arterial - Other,1,State Highway Agency,2,U.S. Highway,US-169,,505,505,44.15259167,44.15259167,-94.051130560,-94.05113056,0,No Special Jurisdiction,1,Rollover/Overturn,0,The First Harmful Event was Not a Collision with a Motor Vehicle in Transport,0,No,1,Non-Junction,1,Not an Intersection,0,None,,,3,On Median,2,Dark - Not Lighted,,,,,1,Clear,0,No,0000000,Not Applicable,99,Unknown,99,Unknown,99,Unknown EMS Scene Arrival Hour,99,Unknown EMS Scene Arrival Minutes,99,Unknown,99,Unknown EMS Hospital Arrival Time,,,,,,,1,
2022,27,270433,Minnesota,1,1,0,0,0,2,2,157,WABASHA (157),0,NOT APPLICABLE,19,19,9,September,2022,2,Monday,23,11:00pm-11:59pm,28,28,0,This section IS NOT on the NHS,1,Rural,6,Minor Collector,2,County Highway Agency,4,County Road,CR-17,,45,45,44.32432778,44.32432778,-92.333986110,-92.33398611,0,No Special Jurisdiction,11,Live Animal,0,The First Harmful Event was Not a Collision with a Motor Vehicle in Transport,0,No,1,Non-Junction,1,Not an Intersection,0,None,,,1,On Roadway,2,Dark - Not Lighted,,,,,10,Cloudy,0,No,0000000,Not Applicable,99,Unknown,99,Unknown,99,Unknown EMS Scene Arrival Hour,99,Unknown EMS Scene Arrival Minutes,99,Unknown,99,Unknown EMS Hospital Arrival Time,,,,,,,1,
2022,27,270434,Minnesota,1,1,0,1,1,1,1,3,ANOKA (3),2560,FRIDLEY,16,16,12,December,2022,6,Friday,17,5:00pm-5:59pm,34,34,0,This section IS NOT on the NHS,2,Urban,4,Minor Arterial,2,County Highway Agency,4,County Road,CR-1 EAST RIVER RD NE,61 WAY NE,32,32,45.07876944,45.07876944,-93.273238890,-93.27323889,0,No Special Jurisdiction,8,Pedestrian,0,The First Harmful Event was Not a Collision with a Motor Vehicle in Transport,0,No,2,Intersection,2,Four-Way Intersection,0,None,,,1,On Roadway,3,Dark - Lighted,,,,,4,Snow,0,No,0000000,Not Applicable,17,5:00pm-5:59pm,19,19,17,5:00pm-5:59pm,20,20,88,"Not Applicable (Not Transported) ",88,Not Applicable (Not Transported),,,,,,,1,
2022,27,270435,Minnesota,1,1,0,0,0,1,1,27,CLAY (27),4880,MOORHEAD,4,4,4,April,2022,2,Monday,18,6:00pm-6:59pm,15,15,1,This section IS ON the NHS,2,Urban,1,Interstate,1,State Highway Agency,1,Interstate,I-94 RAMP,,29,29,46.84828611,46.84828611,-96.718491670,-96.71849167,0,No Special Jurisdiction,1,Rollover/Overturn,0,The First Harmful Event was Not a Collision with a Motor Vehicle in Transport,1,Yes,5,Entrance/Exit Ramp Related,1,Not an Intersection,0,None,,,4,On Roadside,1,Daylight,,,,,10,Cloudy,0,No,0000000,Not Applicable,99,Unknown,98,Unknown if Notified,99,Unknown EMS Scene Arrival Hour,98,Unknown if Arrived,99,Unknown,98,Unknown if Transported,,,,,,,1,