caseyear,state,st_case,statename,ve_total,ve_forms,pvh_invl,peds,pernotmvit,permvit,persons,county,countyname,city,cityname,day,dayname,month,monthname,year,day_week,day_weekname,hour,hourname,minute,minutename,nhs,nhsname,rur_urb,rur_urbname,func_sys,func_sysname,rd_owner,rd_ownername,route,routename,tway_id,tway_id2,milept,mileptname,latitude,latitudename,longitud,longitudname,sp_jur,sp_jurname,harm_ev,harm_evname,man_coll,man_collname,reljct1,reljct1name,reljct2,reljct2name,typ_int,typ_intname,wrk_zone,wrk_zonename,road_fnc,road_fncname,rel_road,rel_roadname,lgt_cond,lgt_condname,weather1,weather1name,weather2,weather2name,weather,weathername,sch_bus,sch_busname,rail,railname,not_hour,not_hourname,not_min,not_minname,arr_hour,arr_hourname,arr_min,arr_minname,hosp_hr,hosp_hrname,hosp_mn,hosp_mnname,cf1,cf1name,cf2,cf2name,cf3,cf3name,fatals,drunk_dr
2022,27,270436,Minnesota,1,1,0,0,0,2,2,53,HENNEPIN (53),4760,MINNEAPOLIS,21,21,11,November,2022,2,Monday,2,2:00am-2:59am,25,25,0,This section IS NOT on the NHS,2,Urban,4,Minor Arterial,4,City or Municipal Highway Agency,6,Local Street - Municipality,MU-225 12TH ST S,MU-305 3RD AVE S,1,1,44.97022778,44.97022778,-93.272177780,-93.27217778,0,No Special Jurisdiction,46,Traffic Signal Support,0,The First Harmful Event was Not a Collision with a Motor Vehicle in Transport,0,No,3,Intersection-Related,2,Four-Way Intersection,0,None,,,4,On Roadside,3,Dark - Lighted,,,,,99,Reported as Unknown,0,No,0000000,Not Applicable,2,2:00am-2:59am,26,26,2,2:00am-2:59am,30,30,2,2:00am-2:59am,40,40,,,,,,,1,
2023,27,270001,Minnesota,1,1,0,0,0,1,1,91,MARTIN (91),0,NOT APPLICABLE,5,5,1,January,2023,5,Thursday,13,1:00pm-1:59pm,23,23,0,This Section IS NOT on the NHS,1,Rural,5,Major Collector,2,County Highway Agency,4,County,CR-27 130TH ST,,11,11,43.51334722,43.51334722,-94.614375000,-94.61437500,0,No Special Jurisdiction,1,Rollover/Overturn,0,The First Harmful Event was Not a Collision with a Motor Vehicle in Transport,0,No,1,Non-Junction,1,Not an Intersection,0,None,,,4,On Roadside,1,Daylight,,,,,1,Clear,0,No,0000000,Not Applicable,13,1:00pm-1:59pm,23,23,13,1:00pm-1:59pm,27,27,14,2:00pm-2:59pm,27,27,,,,,,,1,
2023,27,270002,Minnesota,2,2,0,0,0,3,3,23,CHIPPEWA (23),0,NOT APPLICABLE,7,7,1,January,2023,7,Saturday,9,9:00am-9:59am,51,51,1,This Section IS ON the NHS,1,Rural,3,Other Principal Arterial,1,State Highway Agency,3,State Highway,SR-7 50TH ST S,,825,825,44.94916667,44.94916667,-95.542019440,-95.54201944,0,No Special Jurisdiction,12,Motor Vehicle In-Transport,2,Front-to-Front,0,No,1,Non-Junction,1,Not an Intersection,0,None,,,1,On Roadway,1,Daylight,,,,,5,"Fog, Smog, Smoke",0,No,0000000,Not Applicable,9,9:00am-9:59am,53,53,11,11:00am-11:59am,20,20,11,11:00am-11:59am,45,45,,,,,,,1,
2023,27,270003,Minnesota,1,1,0,0,0,1,1,1,AITKIN (1),0,NOT APPLICABLE,10,10,1,January,2023,3,Tuesday,8,8:00am-8:59am,45,45,0,This Section IS NOT on the NHS,1,Rural,4,Minor Arterial,1,State Highway Agency,3,State Highway,SR-65,,913,913,46.24685278,46.24685278,-93.263341670,-93.26334167,0,No Special Jurisdiction,1,Rollover/Overturn,0,The First Harmful Event was Not a Collision with a Motor Vehicle in Transport,0,No,1,Non-Junction,1,Not an Intersection,0,None,,,4,On Roadside,1,Daylight,,,,,10,Cloudy,0,No,0000000,Not Applicable,8,8:00am-8:59am,47,47,9,9:00am-9:59am,13,13,10,10:00am-10:59am,10,10,,,,,,,1,
2023,27,270004,Minnesota,2,2,0,0,0,2,2,1,AITKIN (1),0,NOT APPLICABLE,10,10,1,January,2023,3,Tuesday,8,8:00am-8:59am,55,55,1,This Section IS ON the NHS,1,Rural,3,Other Principal Arterial,1,State Highway Agency,3,State Highway,SR-210,,1699,1699,46.60868889,46.60868889,-93.417038890,-93.41703889,0,No Special Jurisdiction,12,Motor Vehicle In-Transport,2,Front-to-Front,0,No,1,Non-Junction,1,Not an Intersection,0,None,,,1,On Roadway,1,Daylight,,,,,10,Cloudy,0,No,0000000,Not Applicable,8,8:00am-8:59am,57,57,9,9:00am-9:59am,13,13,9,9:00am-9:59am,43,43,,,,,,,1,
2023,27,270005,Minnesota,1,1,0,1,1,1,1,53,HENNEPIN (53),4760,MINNEAPOLIS,12,12,1,January,2023,5,Thursday,7,7:00am-7:59am,0,0,0,This Section IS NOT on the NHS,2,Urban,4,Minor Arterial,2,County Highway Agency,4,County,CR-152 CEDAR AVE S,W LAKE NOKOMIS PKWY,4,4,44.90155278,44.90155278,-93.247497220,-93.24749722,0,No Special Jurisdiction,8,Pedestrian,0,The First Harmful Event was Not a Collision with a Motor Vehicle in Transport,0,No,3,Intersection-Related,2,Four-Way Intersection,0,None,,,1,On Roadway,3,Dark - Lighted,,,,,10,Cloudy,0,No,0000000,Not Applicable,7,7:00am-7:59am,10,10,7,7:00am-7:59am,15,15,88,"Not Applicable (Not Transported) ",88,Not Applicable (Not Transported),,,,,,,1,
2023,27,270006,Minnesota,1,1,0,0,0,1,1,53,HENNEPIN (53),821,BROOKLYN PARK,14,14,1,January,2023,7,Saturday,1,1:00am-1:59am,14,14,1,This Section IS ON the NHS,2,Urban,2,Other Freeways and Expressways,1,State Highway Agency,3,State Highway,SR-610,,97,97,45.12337778,45.12337778,-93.304750000,-93.30475000,0,No Special Jurisdiction,24,Guardrail Face,0,The First Harmful Event was Not a Collision with a Motor Vehicle in Transport,0,No,1,Non-Junction,1,Not an Intersection,0,None,,,3,On Median,3,Dark - Lighted,,,,,1,Clear,0,No,0000000,Not Applicable,1,1:00am-1:59am,19,19,1,1:00am-1:59am,20,20,88,"Not Applicable (Not Transported) ",88,Not Applicable (Not Transported),,,,,,,1,
2023,27,270007,Minnesota,2,2,0,0,0,2,2,115,PINE (115),0,NOT APPLICABLE,14,14,1,January,2023,7,Saturday,12,12:00pm-12:59pm,24,24,1,This Section IS ON the NHS,1,Rural,3,Other Principal Arterial,1,State Highway Agency,3,State Highway,SR-23,,2681,2681,45.96460278,45.96460278,-93.015388890,-93.01538889,0,No Special Jurisdiction,12,Motor Vehicle In-Transport,2,Front-to-Front,0,No,1,Non-Junction,1,Not an Intersection,0,None,,,1,On Roadway,1,Daylight,,,,,1,Clear,0,No,0000000,Not Applicable,12,12:00pm-12:59pm,24,24,12,12:00pm-12:59pm,32,32,13,1:00pm-1:59pm,21,21,,,,,,,1,
2023,27,270008,Minnesota,1,1,0,1,1,1,1,171,WRIGHT (171),0,NOT APPLICABLE,3,3,1,January,2023,3,Tuesday,19,7:00pm-7:59pm,18,18,0,This Section IS NOT on the NHS,1,Rural,4,Minor Arterial,1,State Highway Agency,3,State Highway,SR-24,,426,426,45.39236389,45.39236389,-94.062530560,-94.06253056,0,No Special Jurisdiction,8,Pedestrian,0,The First Harmful Event was Not a Collision with a Motor Vehicle in Transport,0,No,1,Non-Junction,1,Not an Intersection,0,None,,,1,On Roadway,2,Dark - Not Lighted,,,,,4,Snow,0,No,0000000,Not Applicable,19,7:00pm-7:59pm,18,18,19,7:00pm-7:59pm,56,56,88,"Not Applicable (Not Transported) ",88,Not Applicable (Not Transported),,,,,,,1,
2023,27,270009,Minnesota,1,1,0,0,0,2,2,37,DAKOTA (37),956,BURNSVILLE,25,25,1,January,2023,4,Wednesday,0,0:00am-0:59am,29,29,0,This Section IS NOT on the NHS,2,Urban,4,Minor Arterial,4,City or Municipal Highway Agency,6,Municipal,MU-102 BURNSVILLE PKWY E,MU-126 PORTLAND AVE,48,48,44.77525000,44.77525000,-93.268166670,-93.26816667,0,No Special Jurisdiction,42,Tree (Standing Only),0,The First Harmful Event was Not a Collision with a Motor Vehicle in Transport,0,No,3,Intersection-Related,2,Four-Way Intersection,0,None,,,3,On Median,3,Dark - Lighted,,,,,1,Clear,0,No,0000000,Not Applicable,0,0:00am-0:59am,29,29,0,0:00am-0:59am,35,35,1,1:00am-1:59am,5,5,,,,,,,1,
2023,27,270010,Minnesota,1,1,0,0,0,1,1,5,BECKER (5),0,NOT APPLICABLE,22,22,1,January,2023,1,Sunday,17,5:00pm-5:59pm,30,30,0,This Section IS NOT on the NHS,1,Rural,7,Local,3,Town or Township Highway Agency,5,Township,TS-597 S COTTON LAKE RD,,0,None,46.86497778,46.86497778,-95.709636110,-95.70963611,0,No Special Jurisdiction,1,Rollover/Overturn,0,The First Harmful Event was Not a Collision with a Motor Vehicle in Transport,0,No,1,Non-Junction,1,Not an Intersection,0,None,,,4,On Roadside,2,Dark - Not Lighted,,,,,1,Clear,0,No,0000000,Not Applicable,17,5:00pm-5:59pm,30,30,17,5:00pm-5:59pm,46,46,18,6:00pm-6:59pm,14,14,,,,,,,1,
2023,27,270011,Minnesota,2,2,0,0,0,5,5,145,STEARNS (145),0,NOT APPLICABLE,21,21,1,January,2023,7,Saturday,8,8:00am-8:59am,20,20,1,This Section IS ON the NHS,1,Rural,3,Other Principal Arterial,1,State Highway Agency,3,State Highway,SR-23,,1786,1786,45.43865833,45.43865833,-94.588327780,-94.58832778,0,No Special Jurisdiction,12,Motor Vehicle In-Transport,2,Front-to-Front,0,No,1,Non-Junction,1,Not an Intersection,1,Construction,,,1,On Roadway,1,Daylight,,,,,5,"Fog, Smog, Smoke",0,No,0000000,Not Applicable,8,8:00am-8:59am,20,20,8,8:00am-8:59am,27,27,9,9:00am-9:59am,30,30,,,,,,,1,
2023,27,270012,Minnesota,1,1,0,2,2,1,1,53,HENNEPIN (53),675,BLOOMINGTON,27,27,1,January,2023,6,Friday,18,6:00pm-6:59pm,8,8,0,This Section IS NOT on the NHS,2,Urban,7,Local,4,City or Municipal Highway Agency,6,Municipal,MU-435 E 78TH ST,,4,4,44.86195556,44.86195556,-93.260058330,-93.26005833,0,No Special Jurisdiction,8,Pedestrian,0,The First Harmful Event was Not a Collision with a Motor Vehicle in Transport,0,No,1,Non-Junction,1,Not an Intersection,0,None,,,2,On Shoulder,3,Dark - Lighted,,,,,10,Cloudy,0,No,0000000,Not Applicable,18,6:00pm-6:59pm,8,8,18,6:00pm-6:59pm,20,20,18,6:00pm-6:59pm,50,50,,,,,,,1,
2023,27,270013,Minnesota,1,1,0,0,0,1,1,21,CASS (21),0,NOT APPLICABLE,4,4,2,February,2023,7,Saturday,16,4:00pm-4:59pm,55,55,0,This Section IS NOT on the NHS,1,Rural,7,Local,3,Town or Township Highway Agency,5,Township,TS-72 72ND ST SW,,16,16,46.54309444,46.54309444,-94.705125000,-94.70512500,0,No Special Jurisdiction,31,"Post, Pole or Other Supports",0,The First Harmful Event was Not a Collision with a Motor Vehicle in Transport,0,No,1,Non-Junction,1,Not an Intersection,0,None,,,4,On Roadside,1,Daylight,,,,,1,Clear,0,No,0000000,Not Applicable,16,4:00pm-4:59pm,55,55,17,5:00pm-5:59pm,35,35,88,"Not Applicable (Not Transported) ",88,Not Applicable (Not Transported),,,,,,,1,
2023,27,270014,Minnesota,2,2,0,1,1,2,2,53,HENNEPIN (53),821,BROOKLYN PARK,4,4,2,February,2023,7,Saturday,19,7:00pm-7:59pm,30,30,0,This Section IS NOT on the NHS,2,Urban,4,Minor Arterial,2,County Highway Agency,4,County,CR-152 BROOKLYN BLVD,,170,170,45.09456944,45.09456944,-93.367927780,-93.36792778,0,No Special Jurisdiction,8,Pedestrian,0,The First Harmful Event was Not a Collision with a Motor Vehicle in Transport,0,No,1,Non-Junction,1,Not an Intersection,0,None,,,1,On Roadway,3,Dark - Lighted,,,,,1,Clear,0,No,0000000,Not Applicable,19,7:00pm-7:59pm,31,31,19,7:00pm-7:59pm,36,36,88,"Not Applicable (Not Transported) ",88,Not Applicable (Not Transported),,,,,,,1,
2023,27,270015,Minnesota,1,1,0,0,0,4,4,123,RAMSEY (123),6330,ST. PAUL,10,10,2,February,2023,6,Friday,23,11:00pm-11:59pm,8,8,1,This Section IS ON the NHS,2,Urban,3,Other Principal Arterial,1,State Highway Agency,2,U.S. Highway,US-61,,1338,1338,44.93628333,44.93628333,-93.030647220,-93.03064722,0,No Special Jurisdiction,1,Rollover/Overturn,0,The First Harmful Event was Not a Collision with a Motor Vehicle in Transport,0,No,1,Non-Junction,1,Not an Intersection,0,None,,,4,On Roadside,3,Dark - Lighted,,,,,1,Clear,0,No,0000000,Not Applicable,23,11:00pm-11:59pm,8,8,23,11:00pm-11:59pm,15,15,23,11:00pm-11:59pm,45,45,,,,,,,2,
2023,27,270016,Minnesota,2,2,0,0,0,4,4,163,WASHINGTON (163),1517,COTTAGE GROVE,12,12,2,February,2023,1,Sunday,8,8:00am-8:59am,14,14,1,This Section IS ON the NHS,2,Urban,2,Other Freeways and Expressways,1,State Highway Agency,2,U.S. Highway,US-61,,1245,1245,44.82150556,44.82150556,-92.944927780,-92.94492778,0,No Special Jurisdiction,12,Motor Vehicle In-Transport,2,Front-to-Front,0,No,1,Non-Junction,1,Not an Intersection,0,None,,,1,On Roadway,1,Daylight,,,,,1,Clear,0,No,0000000,Not Applicable,8,8:00am-8:59am,15,15,8,8:00am-8:59am,20,20,8,8:00am-8:59am,43,43,,,,,,,2,
2023,27,270018,Minnesota,2,2,0,0,0,2,2,7,BELTRAMI (7),0,NOT APPLICABLE,19,19,2,February,2023,1,Sunday,11,11:00am-11:59am,20,20,0,This Section IS NOT on the NHS,1,Rural,7,Local,2,County Highway Agency,4,County,CR-3 CLEARLINE RD NW,,23,23,47.63020556,47.63020556,-95.184866670,-95.18486667,0,No Special Jurisdiction,12,Motor Vehicle In-Transport,6,Angle,0,No,1,Non-Junction,1,Not an Intersection,0,None,,,1,On Roadway,1,Daylight,,,,,1,Clear,0,No,0000000,Not Applicable,11,11:00am-11:59am,20,20,11,11:00am-11:59am,38,38,88,"Not Applicable (Not Transported) ",88,Not Applicable (Not Transported),,,,,,,1,
2023,27,270019,Minnesota,1,1,0,0,0,1,1,3,ANOKA (3),9997,Other,20,20,2,February,2023,2,Monday,23,11:00pm-11:59pm,10,10,0,This Section IS NOT on the NHS,2,Urban,4,Minor Arterial,2,County Highway Agency,4,County,CR-22 VIKING BLVD NW,,140,140,45.32005000,45.32005000,-93.272755560,-93.27275556,0,No Special Jurisdiction,42,Tree (Standing Only),0,The First Harmful Event was Not a Collision with a Motor Vehicle in Transport,0,No,1,Non-Junction,1,Not an Intersection,0,None,,,4,On Roadside,2,Dark - Not Lighted,,,,,1,Clear,0,No,0000000,Not Applicable,23,11:00pm-11:59pm,10,10,23,11:00pm-11:59pm,20,20,0,0:00am-0:59am,20,20,,,,,,,1,
2023,27,270020,Minnesota,1,1,0,0,0,1,1,61,ITASCA (61),1420,COLERAINE,16,16,2,February,2023,5,Thursday,12,12:00pm-12:59pm,35,35,1,This Section IS ON the NHS,2,Urban,3,Other Principal Arterial,1,State Highway Agency,2,U.S. Highway,US-169,,3038,3038,47.24592778,47.24592778,-93.486086110,-93.48608611,0,No Special Jurisdiction,24,Guardrail Face,0,The First Harmful Event was Not a Collision with a Motor Vehicle in Transport,0,No,1,Non-Junction,1,Not an Intersection,0,None,,,3,On Median,1,Daylight,,,,,1,Clear,0,No,0000000,Not Applicable,12,12:00pm-12:59pm,35,35,12,12:00pm-12:59pm,43,43,14,2:00pm-2:59pm,22,22,,,,,,,1,
2023,27,270021,Minnesota,1,1,0,0,0,1,1,3,ANOKA (3),1225,CIRCLE PINES,19,19,2,February,2023,1,Sunday,2,2:00am-2:59am,39,39,0,This Section IS NOT on the NHS,2,Urban,5,Major Collector,2,County Highway Agency,4,County,CR-49 NORTH RD,,12,12,45.15293056,45.15293056,-93.139375000,-93.13937500,0,No Special Jurisdiction,48,Snow Bank,0,The First Harmful Event was Not a Collision with a Motor Vehicle in Transport,0,No,1,Non-Junction,1,Not an Intersection,0,None,,,4,On Roadside,2,Dark - Not Lighted,,,,,1,Clear,0,No,0000000,Not Applicable,2,2:00am-2:59am,40,40,2,2:00am-2:59am,48,48,88,"Not Applicable (Not Transported) ",88,Not Applicable (Not Transported),,,,,,,1,
2023,27,270022,Minnesota,1,1,0,0,0,1,1,85,MCLEOD (85),0,NOT APPLICABLE,26,26,2,February,2023,1,Sunday,19,7:00pm-7:59pm,14,14,1,This Section IS ON the NHS,1,Rural,3,Other Principal Arterial,1,State Highway Agency,3,State Highway,SR-7,,1489,1489,44.89256944,44.89256944,-94.229897220,-94.22989722,0,No Special Jurisdiction,1,Rollover/Overturn,0,The First Harmful Event was Not a Collision with a Motor Vehicle in Transport,0,No,1,Non-Junction,1,Not an Intersection,0,None,,,4,On Roadside,2,Dark - Not Lighted,,,,,1,Clear,0,No,0000000,Not Applicable,19,7:00pm-7:59pm,14,14,19,7:00pm-7:59pm,21,21,19,7:00pm-7:59pm,51,51,,,,,,,1,
2023,27,270023,Minnesota,4,4,0,1,1,4,4,37,DAKOTA (37),1945,EAGAN,22,22,2,February,2023,4,Wednesday,8,8:00am-8:59am,39,39,1,This Section IS ON the NHS,2,Urban,2,Other Freeways and Expressways,1,State Highway Agency,3,State Highway,SR-77,,29,29,44.77899722,44.77899722,-93.217211110,-93.21721111,0,No Special Jurisdiction,48,Snow Bank,0,The First Harmful Event was Not a Collision with a Motor Vehicle in Transport,1,Yes,19,Other location within Interchange Area,1,Not an Intersection,0,None,,,3,On Median,1,Daylight,,,,,10,Cloudy,0,No,0000000,Not Applicable,8,8:00am-8:59am,44,44,9,9:00am-9:59am,31,31,9,9:00am-9:59am,50,50,,,,,,,1,
2023,27,270024,Minnesota,2,2,0,0,0,3,3,139,SCOTT (139),0,NOT APPLICABLE,2,2,3,March,2023,5,Thursday,15,3:00pm-3:59pm,10,10,0,This Section IS NOT on the NHS,1,Rural,4,Minor Arterial,2,County Highway Agency,4,County,CR-23 PANAMA AVE,,89,89,44.66794444,44.66794444,-93.439933330,-93.43993333,0,No Special Jurisdiction,12,Motor Vehicle In-Transport,2,Front-to-Front,0,No,1,Non-Junction,1,Not an Intersection,0,None,,,1,On Roadway,1,Daylight,,,,,1,Clear,0,No,0000000,Not Applicable,15,3:00pm-3:59pm,10,10,15,3:00pm-3:59pm,30,30,17,5:00pm-5:59pm,35,35,,,,,,,1,
2023,27,270025,Minnesota,1,1,0,0,0,1,1,85,MCLEOD (85),0,NOT APPLICABLE,20,20,2,February,2023,2,Monday,18,6:00pm-6:59pm,33,33,1,This Section IS ON the NHS,1,Rural,3,Other Principal Arterial,1,State Highway Agency,3,State Highway,SR-7,,1494,1494,44.89670000,44.89670000,-94.222136110,-94.22213611,0,No Special Jurisdiction,1,Rollover/Overturn,0,The First Harmful Event was Not a Collision with a Motor Vehicle in Transport,0,No,1,Non-Junction,1,Not an Intersection,0,None,,,4,On Roadside,2,Dark - Not Lighted,,,,,11,Blowing Snow,0,No,0000000,Not Applicable,18,6:00pm-6:59pm,33,33,18,6:00pm-6:59pm,36,36,88,"Not Applicable (Not Transported) ",88,Not Applicable (Not Transported),,,,,,,1,
2023,27,270026,Minnesota,3,3,0,0,0,6,6,37,DAKOTA (37),0,NOT APPLICABLE,4,4,3,March,2023,7,Saturday,14,2:00pm-2:59pm,22,22,0,This Section IS NOT on the NHS,1,Rural,4,Minor Arterial,2,County Highway Agency,4,County,CR-46 160TH ST E,FREEBORN AVE,165,165,44.71683056,44.71683056,-92.968305560,-92.96830556,0,No Special Jurisdiction,12,Motor Vehicle In-Transport,1,Front-to-Rear,0,No,3,Intersection-Related,3,T-Intersection,0,None,,,1,On Roadway,1,Daylight,,,,,1,Clear,0,No,0000000,Not Applicable,14,2:00pm-2:59pm,23,23,14,2:00pm-2:59pm,30,30,15,3:00pm-3:59pm,28,28,,,,,,,1,
2023,27,270027,Minnesota,2,2,0,0,0,2,2,45,FILLMORE (45),0,NOT APPLICABLE,20,20,2,February,2023,2,Monday,14,2:00pm-2:59pm,16,16,1,This Section IS ON the NHS,1,Rural,3,Other Principal Arterial,1,State Highway Agency,2,U.S. Highway,US-63,SR-56,5,5,43.50778889,43.50778889,-92.369252780,-92.36925278,0,No Special Jurisdiction,12,Motor Vehicle In-Transport,6,Angle,0,No,2,Intersection,3,T-Intersection,0,None,,,1,On Roadway,1,Daylight,,,,,1,Clear,0,No,0000000,Not Applicable,14,2:00pm-2:59pm,19,19,14,2:00pm-2:59pm,37,37,15,3:00pm-3:59pm,27,27,,,,,,,1,
2023,27,270029,Minnesota,2,2,0,0,0,3,3,143,SIBLEY (143),0,NOT APPLICABLE,27,27,2,February,2023,2,Monday,12,12:00pm-12:59pm,5,5,0,This Section IS NOT on the NHS,1,Rural,4,Minor Arterial,1,State Highway Agency,3,State Highway,SR-19,CR-13 441ST AVE,1211,1211,44.55776944,44.55776944,-94.153272220,-94.15327222,0,No Special Jurisdiction,12,Motor Vehicle In-Transport,6,Angle,0,No,2,Intersection,2,Four-Way Intersection,0,None,,,1,On Roadway,1,Daylight,,,,,10,Cloudy,0,No,0000000,Not Applicable,12,12:00pm-12:59pm,6,6,12,12:00pm-12:59pm,12,12,12,12:00pm-12:59pm,30,30,,,,,,,1,
2023,27,270030,Minnesota,2,2,0,0,0,2,2,145,STEARNS (145),0,NOT APPLICABLE,13,13,3,March,2023,2,Monday,14,2:00pm-2:59pm,20,20,0,This Section IS NOT on the NHS,1,Rural,5,Major Collector,2,County Highway Agency,4,County,CR-CSAH 52,"TS-160TH AVE ",20,20,45.67291944,45.67291944,-94.438297220,-94.43829722,0,No Special Jurisdiction,12,Motor Vehicle In-Transport,6,Angle,0,No,2,Intersection,2,Four-Way Intersection,0,None,,,1,On Roadway,1,Daylight,,,,,1,Clear,0,No,0000000,Not Applicable,14,2:00pm-2:59pm,20,20,14,2:00pm-2:59pm,26,26,88,"Not Applicable (Not Transported) ",88,Not Applicable (Not Transported),,,,,,,1,
2023,27,270031,Minnesota,2,2,0,0,0,3,3,99,MOWER (99),0,NOT APPLICABLE,9,9,3,March,2023,5,Thursday,17,5:00pm-5:59pm,53,53,1,This Section IS ON the NHS,1,Rural,3,Other Principal Arterial,1,State Highway Agency,2,U.S. Highway,US-63,,242,242,43.79057778,43.79057778,-92.490825000,-92.49082500,0,No Special Jurisdiction,12,Motor Vehicle In-Transport,6,Angle,0,No,1,Non-Junction,1,Not an Intersection,0,None,,,1,On Roadway,2,Dark - Not Lighted,,,,,11,Blowing Snow,0,No,0000000,Not Applicable,17,5:00pm-5:59pm,53,53,18,6:00pm-6:59pm,1,1,18,6:00pm-6:59pm,47,47,,,,,,,2,
2023,27,270032,Minnesota,2,2,0,0,0,2,2,147,STEELE (147),0,NOT APPLICABLE,15,15,3,March,2023,4,Wednesday,6,6:00am-6:59am,55,55,1,This Section IS ON the NHS,1,Rural,3,Other Principal Arterial,1,State Highway Agency,2,U.S. Highway,US-218,,422,422,44.04138889,44.04138889,-93.174947220,-93.17494722,0,No Special Jurisdiction,12,Motor Vehicle In-Transport,6,Angle,0,No,1,Non-Junction,1,Not an Intersection,0,None,,,1,On Roadway,4,Dawn,,,,,11,Blowing Snow,0,No,0000000,Not Applicable,6,6:00am-6:59am,55,55,7,7:00am-7:59am,0,0,8,8:00am-8:59am,2,2,,,,,,,1,
2023,27,270033,Minnesota,1,1,0,0,0,3,3,3,ANOKA (3),5788,RAMSEY,16,16,3,March,2023,5,Thursday,18,6:00pm-6:59pm,58,58,1,This Section IS ON the NHS,2,Urban,3,Other Principal Arterial,1,State Highway Agency,2,U.S. Highway,US-10,,2218,2218,45.23489444,45.23489444,-93.472613890,-93.47261389,0,No Special Jurisdiction,39,Wall,0,The First Harmful Event was Not a Collision with a Motor Vehicle in Transport,1,Yes,19,Other location within Interchange Area,1,Not an Intersection,0,None,,,4,On Roadside,1,Daylight,,,,,4,Snow,0,No,0000000,Not Applicable,18,6:00pm-6:59pm,57,57,19,7:00pm-7:59pm,10,10,19,7:00pm-7:59pm,32,32,,,,,,,1,
2023,27,270034,Minnesota,1,1,0,1,1,1,1,53,HENNEPIN (53),2008,EDEN PRAIRIE,20,20,3,March,2023,2,Monday,7,7:00am-7:59am,8,8,0,This Section IS NOT on the NHS,2,Urban,4,Minor Arterial,1,State Highway Agency,3,State Highway,SR-5,CR-4 EDEN PRAIRIE RD,481,481,44.86220556,44.86220556,-93.485147220,-93.48514722,0,No Special Jurisdiction,8,Pedestrian,0,The First Harmful Event was Not a Collision with a Motor Vehicle in Transport,0,No,3,Intersection-Related,2,Four-Way Intersection,0,None,,,1,On Roadway,4,Dawn,,,,,1,Clear,0,No,0000000,Not Applicable,7,7:00am-7:59am,7,7,7,7:00am-7:59am,12,12,88,"Not Applicable (Not Transported) ",88,Not Applicable (Not Transported),,,,,,,1,
2023,27,270035,Minnesota,1,1,0,0,0,2,2,51,GRANT (51),0,NOT APPLICABLE,17,17,3,March,2023,6,Friday,13,1:00pm-1:59pm,10,10,1,This Section IS ON the NHS,1,Rural,1,Interstate,1,State Highway Agency,1,Interstate,I-94,,719,719,46.09500278,46.09500278,-95.893900000,-95.89390000,0,No Special Jurisdiction,59,"Traffic Sign Support ",0,The First Harmful Event was Not a Collision with a Motor Vehicle in Transport,0,No,1,Non-Junction,1,Not an Intersection,0,None,,,4,On Roadside,1,Daylight,,,,,10,Cloudy,0,No,0000000,Not Applicable,13,1:00pm-1:59pm,14,14,13,1:00pm-1:59pm,27,27,88,"Not Applicable (Not Transported) ",88,Not Applicable (Not Transported),,,,,,,1,
2023,27,270036,Minnesota,2,2,0,0,0,3,3,113,PENNINGTON (113),0,NOT APPLICABLE,18,18,3,March,2023,7,Saturday,11,11:00am-11:59am,45,45,1,This Section IS ON the NHS,1,Rural,3,Other Principal Arterial,1,State Highway Agency,2,U.S. Highway,US-59,,3529,3529,48.08077222,48.08077222,-96.116497220,-96.11649722,0,No Special Jurisdiction,12,Motor Vehicle In-Transport,2,Front-to-Front,0,No,1,Non-Junction,1,Not an Intersection,0,None,,,1,On Roadway,1,Daylight,,,,,1,Clear,0,No,0000000,Not Applicable,11,11:00am-11:59am,45,45,11,11:00am-11:59am,54,54,12,12:00pm-12:59pm,24,24,,,,,,,1,
2023,27,270037,Minnesota,2,2,0,0,0,2,2,39,DODGE (39),0,NOT APPLICABLE,24,24,3,March,2023,6,Friday,8,8:00am-8:59am,3,3,0,This Section IS NOT on the NHS,1,Rural,5,Major Collector,2,County Highway Agency,4,County,CR-13 250TH AVE,,40,40,43.90481389,43.90481389,-92.738602780,-92.73860278,0,No Special Jurisdiction,12,Motor Vehicle In-Transport,6,Angle,0,No,1,Non-Junction,1,Not an Intersection,0,None,,,1,On Roadway,1,Daylight,,,,,1,Clear,0,No,0000000,Not Applicable,8,8:00am-8:59am,3,3,8,8:00am-8:59am,13,13,8,8:00am-8:59am,52,52,,,,,,,1,
2023,27,270038,Minnesota,3,3,0,0,0,4,4,109,OLMSTED (109),0,NOT APPLICABLE,24,24,3,March,2023,6,Friday,11,11:00am-11:59am,28,28,0,This Section IS NOT on the NHS,1,Rural,4,Minor Arterial,1,State Highway Agency,2,U.S. Highway,US-63,CR-21 92ND ST NE,536,536,44.13690278,44.13690278,-92.417072220,-92.41707222,0,No Special Jurisdiction,12,Motor Vehicle In-Transport,6,Angle,0,No,2,Intersection,2,Four-Way Intersection,0,None,,,1,On Roadway,1,Daylight,,,,,1,Clear,0,No,0000000,Not Applicable,11,11:00am-11:59am,28,28,11,11:00am-11:59am,39,39,12,12:00pm-12:59pm,10,10,,,,,,,1,