caseyear,state,st_case,statename,ve_total,ve_forms,pvh_invl,peds,pernotmvit,permvit,persons,county,countyname,city,cityname,day,dayname,month,monthname,year,day_week,day_weekname,hour,hourname,minute,minutename,nhs,nhsname,rur_urb,rur_urbname,func_sys,func_sysname,rd_owner,rd_ownername,route,routename,tway_id,tway_id2,milept,mileptname,latitude,latitudename,longitud,longitudname,sp_jur,sp_jurname,harm_ev,harm_evname,man_coll,man_collname,reljct1,reljct1name,reljct2,reljct2name,typ_int,typ_intname,wrk_zone,wrk_zonename,road_fnc,road_fncname,rel_road,rel_roadname,lgt_cond,lgt_condname,weather1,weather1name,weather2,weather2name,weather,weathername,sch_bus,sch_busname,rail,railname,not_hour,not_hourname,not_min,not_minname,arr_hour,arr_hourname,arr_min,arr_minname,hosp_hr,hosp_hrname,hosp_mn,hosp_mnname,cf1,cf1name,cf2,cf2name,cf3,cf3name,fatals,drunk_dr
2023,27,270041,Minnesota,2,2,0,0,0,3,3,145,STEARNS (145),0,NOT APPLICABLE,30,30,3,March,2023,5,Thursday,6,6:00am-6:59am,33,33,1,This Section IS ON the NHS,1,Rural,3,Other Principal Arterial,1,State Highway Agency,3,State Highway,SR-23,,1774,1774,45.43472222,45.43472222,-94.614288890,-94.61428889,0,No Special Jurisdiction,12,Motor Vehicle In-Transport,1,Front-to-Rear,0,No,8,Driveway Access Related,1,Not an Intersection,0,None,,,1,On Roadway,2,Dark - Not Lighted,,,,,10,Cloudy,0,No,0000000,Not Applicable,6,6:00am-6:59am,33,33,6,6:00am-6:59am,40,40,99,Unknown,99,Unknown EMS Hospital Arrival Time,,,,,,,1,
2023,27,270043,Minnesota,2,2,0,0,0,2,2,171,WRIGHT (171),0,NOT APPLICABLE,4,4,4,April,2023,3,Tuesday,7,7:00am-7:59am,29,29,1,This Section IS ON the NHS,1,Rural,3,Other Principal Arterial,1,State Highway Agency,2,U.S. Highway,US-12,,1232,1232,45.06539444,45.06539444,-94.101647220,-94.10164722,0,No Special Jurisdiction,12,Motor Vehicle In-Transport,1,Front-to-Rear,0,No,8,Driveway Access Related,1,Not an Intersection,0,None,,,1,On Roadway,1,Daylight,,,,,10,Cloudy,0,No,0000000,Not Applicable,7,7:00am-7:59am,29,29,7,7:00am-7:59am,33,33,88,"Not Applicable (Not Transported) ",88,Not Applicable (Not Transported),,,,,,,1,
2023,27,270044,Minnesota,1,1,0,0,0,2,2,53,HENNEPIN (53),4760,MINNEAPOLIS,27,27,3,March,2023,2,Monday,3,3:00am-3:59am,24,24,1,This Section IS ON the NHS,2,Urban,2,Other Freeways and Expressways,1,State Highway Agency,3,State Highway,SR-62,,1443,1443,44.89740833,44.89740833,-93.223177780,-93.22317778,0,No Special Jurisdiction,50,Bridge Overhead Structure,0,The First Harmful Event was Not a Collision with a Motor Vehicle in Transport,1,Yes,19,Other location within Interchange Area,1,Not an Intersection,0,None,,,4,On Roadside,3,Dark - Lighted,,,,,1,Clear,0,No,0000000,Not Applicable,3,3:00am-3:59am,27,27,3,3:00am-3:59am,35,35,4,4:00am-4:59am,35,35,,,,,,,1,
2023,27,270045,Minnesota,1,1,0,1,1,2,2,3,ANOKA (3),6672,SPRING LAKE PARK,8,8,4,April,2023,7,Saturday,22,10:00pm-10:59pm,55,55,0,This Section IS NOT on the NHS,2,Urban,4,Minor Arterial,1,State Highway Agency,3,State Highway,SR-47 UNIVERSITY AVE NE,,108,108,45.11410000,45.11410000,-93.263605560,-93.26360556,0,No Special Jurisdiction,8,Pedestrian,0,The First Harmful Event was Not a Collision with a Motor Vehicle in Transport,0,No,1,Non-Junction,1,Not an Intersection,0,None,,,1,On Roadway,2,Dark - Not Lighted,,,,,1,Clear,0,No,0000000,Not Applicable,22,10:00pm-10:59pm,55,55,22,10:00pm-10:59pm,57,57,88,"Not Applicable (Not Transported) ",88,Not Applicable (Not Transported),,,,,,,1,
2023,27,270046,Minnesota,2,2,0,0,0,3,3,159,WADENA (159),0,NOT APPLICABLE,27,27,3,March,2023,2,Monday,11,11:00am-11:59am,21,21,1,This Section IS ON the NHS,1,Rural,3,Other Principal Arterial,1,State Highway Agency,2,U.S. Highway,US-71,CR-20 LEAF RIVER ROAD,2296,2296,46.48870556,46.48870556,-95.093230560,-95.09323056,0,No Special Jurisdiction,12,Motor Vehicle In-Transport,6,Angle,0,No,2,Intersection,2,Four-Way Intersection,0,None,,,1,On Roadway,1,Daylight,,,,,10,Cloudy,0,No,0000000,Not Applicable,11,11:00am-11:59am,23,23,11,11:00am-11:59am,27,27,12,12:00pm-12:59pm,22,22,,,,,,,1,
2023,27,270047,Minnesota,1,1,0,0,0,1,1,35,CROW WING (35),0,NOT APPLICABLE,1,1,4,April,2023,7,Saturday,12,12:00pm-12:59pm,52,52,1,This Section IS ON the NHS,1,Rural,3,Other Principal Arterial,1,State Highway Agency,3,State Highway,SR-371,SUSANVILLE DR,328,328,46.42023056,46.42023056,-94.290461110,-94.29046111,0,No Special Jurisdiction,33,Curb,0,The First Harmful Event was Not a Collision with a Motor Vehicle in Transport,0,No,3,Intersection-Related,11,Other Intersection Type,0,None,,,3,On Median,1,Daylight,,,,,1,Clear,0,No,0000000,Not Applicable,12,12:00pm-12:59pm,52,52,13,1:00pm-1:59pm,14,14,14,2:00pm-2:59pm,38,38,,,,,,,1,
2023,27,270048,Minnesota,1,1,0,0,0,1,1,25,CHISAGO (25),0,NOT APPLICABLE,14,14,4,April,2023,6,Friday,21,9:00pm-9:59pm,15,15,0,This Section IS NOT on the NHS,1,Rural,7,Local,2,County Highway Agency,4,County,CR-105 540TH ST,,20,20,45.73001944,45.73001944,-92.919580560,-92.91958056,0,No Special Jurisdiction,3,Immersion or Partial Immersion,0,The First Harmful Event was Not a Collision with a Motor Vehicle in Transport,0,No,1,Non-Junction,1,Not an Intersection,0,None,,,6,Off Roadway-Location Unknown,2,Dark - Not Lighted,,,,,1,Clear,0,No,0000000,Not Applicable,13,1:00pm-1:59pm,0,0,99,Unknown EMS Scene Arrival Hour,99,Unknown EMS Scene Arrival Minutes,88,"Not Applicable (Not Transported) ",88,Not Applicable (Not Transported),,,,,,,1,
2023,27,270049,Minnesota,2,2,0,0,0,2,2,37,DAKOTA (37),3990,LAKEVILLE,15,15,4,April,2023,7,Saturday,1,1:00am-1:59am,28,28,1,This Section IS ON the NHS,2,Urban,1,Interstate,1,State Highway Agency,1,Interstate,I-35,,828,828,44.65971389,44.65971389,-93.294030560,-93.29403056,0,No Special Jurisdiction,12,Motor Vehicle In-Transport,1,Front-to-Rear,0,No,1,Non-Junction,1,Not an Intersection,0,None,,,1,On Roadway,2,Dark - Not Lighted,,,,,1,Clear,0,No,0000000,Not Applicable,1,1:00am-1:59am,40,40,1,1:00am-1:59am,45,45,88,"Not Applicable (Not Transported) ",88,Not Applicable (Not Transported),,,,,,,1,
2023,27,270050,Minnesota,1,1,0,0,0,2,2,123,RAMSEY (123),6330,ST. PAUL,16,16,4,April,2023,1,Sunday,4,4:00am-4:59am,39,39,0,This Section IS NOT on the NHS,2,Urban,4,Minor Arterial,1,State Highway Agency,3,State Highway,SR-5 W 7TH ST,,662,662,44.90942222,44.90942222,-93.154102780,-93.15410278,0,No Special Jurisdiction,42,Tree (Standing Only),0,The First Harmful Event was Not a Collision with a Motor Vehicle in Transport,0,No,1,Non-Junction,1,Not an Intersection,0,None,,,4,On Roadside,3,Dark - Lighted,,,,,3,Sleet or Hail,0,No,0000000,Not Applicable,4,4:00am-4:59am,56,56,5,5:00am-5:59am,4,4,88,"Not Applicable (Not Transported) ",88,Not Applicable (Not Transported),,,,,,,2,
2023,27,270053,Minnesota,1,1,0,1,1,2,2,53,HENNEPIN (53),4760,MINNEAPOLIS,24,24,4,April,2023,2,Monday,6,6:00am-6:59am,48,48,0,This Section IS NOT on the NHS,2,Urban,4,Minor Arterial,2,County Highway Agency,4,County,CR-152 CEDAR AVE S,E 28TH ST,39,39,44.95207222,44.95207222,-93.247358330,-93.24735833,0,No Special Jurisdiction,8,Pedestrian,0,The First Harmful Event was Not a Collision with a Motor Vehicle in Transport,0,No,3,Intersection-Related,2,Four-Way Intersection,0,None,,,1,On Roadway,1,Daylight,,,,,1,Clear,1,Yes,0000000,Not Applicable,6,6:00am-6:59am,46,46,6,6:00am-6:59am,51,51,88,"Not Applicable (Not Transported) ",88,Not Applicable (Not Transported),,,,,,,1,
2023,27,270054,Minnesota,2,2,0,0,0,3,3,137,ST LOUIS (137),0,NOT APPLICABLE,20,20,4,April,2023,5,Thursday,16,4:00pm-4:59pm,29,29,0,This Section IS NOT on the NHS,1,Rural,4,Minor Arterial,1,State Highway Agency,3,State Highway,SR-169,,3860,3860,47.75941389,47.75941389,-92.378341670,-92.37834167,0,No Special Jurisdiction,12,Motor Vehicle In-Transport,6,Angle,0,No,1,Non-Junction,1,Not an Intersection,0,None,,,1,On Roadway,1,Daylight,,,,,4,Snow,0,No,0000000,Not Applicable,16,4:00pm-4:59pm,32,32,16,4:00pm-4:59pm,46,46,17,5:00pm-5:59pm,39,39,,,,,,,2,
2023,27,270055,Minnesota,2,2,0,0,0,2,2,19,CARVER (19),1170,CHANHASSEN,24,24,4,April,2023,2,Monday,11,11:00am-11:59am,20,20,0,This Section IS NOT on the NHS,2,Urban,4,Minor Arterial,2,County Highway Agency,4,County,CR-101 GREAT PLAINS BLVD,"US-12 EXIT RAMP ",34,34,44.84620556,44.84620556,-93.538583330,-93.53858333,0,No Special Jurisdiction,12,Motor Vehicle In-Transport,6,Angle,1,Yes,2,Intersection,2,Four-Way Intersection,0,None,,,1,On Roadway,1,Daylight,,,,,1,Clear,0,No,0000000,Not Applicable,11,11:00am-11:59am,20,20,11,11:00am-11:59am,25,25,12,12:00pm-12:59pm,25,25,,,,,,,1,
2023,27,270056,Minnesota,2,2,0,0,0,2,2,91,MARTIN (91),0,NOT APPLICABLE,25,25,4,April,2023,3,Tuesday,16,4:00pm-4:59pm,20,20,0,This Section IS NOT on the NHS,1,Rural,5,Major Collector,2,County Highway Agency,4,County,CR-38 70TH ST,CR-53 260TH AVE,210,210,43.73146389,43.73146389,-94.347822220,-94.34782222,0,No Special Jurisdiction,12,Motor Vehicle In-Transport,6,Angle,0,No,2,Intersection,2,Four-Way Intersection,0,None,,,1,On Roadway,1,Daylight,,,,,1,Clear,0,No,0000000,Not Applicable,16,4:00pm-4:59pm,20,20,16,4:00pm-4:59pm,25,25,88,"Not Applicable (Not Transported) ",88,Not Applicable (Not Transported),,,,,,,1,
2023,27,270057,Minnesota,3,3,0,0,0,4,4,13,BLUE EARTH (13),4480,MANKATO,19,19,4,April,2023,4,Wednesday,16,4:00pm-4:59pm,58,58,0,This Section IS NOT on the NHS,2,Urban,4,Minor Arterial,1,State Highway Agency,3,State Highway,SR-22,ADAMS STREET,523,523,44.16876944,44.16876944,-93.948902780,-93.94890278,0,No Special Jurisdiction,12,Motor Vehicle In-Transport,1,Front-to-Rear,0,No,3,Intersection-Related,5,Traffic Circle,0,None,,,1,On Roadway,1,Daylight,,,,,10,Cloudy,0,No,0000000,Not Applicable,16,4:00pm-4:59pm,58,58,17,5:00pm-5:59pm,8,8,17,5:00pm-5:59pm,53,53,,,,,,,1,
2023,27,270059,Minnesota,2,2,0,0,0,5,5,141,SHERBURNE (141),0,NOT APPLICABLE,3,3,5,May,2023,4,Wednesday,21,9:00pm-9:59pm,9,9,0,This Section IS NOT on the NHS,1,Rural,4,Minor Arterial,2,County Highway Agency,4,County,CR-4 97TH ST SE,CR-11 165TH AVE SE,28,28,45.42967500,45.42967500,-93.819233330,-93.81923333,0,No Special Jurisdiction,12,Motor Vehicle In-Transport,6,Angle,0,No,2,Intersection,2,Four-Way Intersection,0,None,,,1,On Roadway,3,Dark - Lighted,,,,,1,Clear,0,No,0000000,Not Applicable,21,9:00pm-9:59pm,9,9,21,9:00pm-9:59pm,30,30,22,10:00pm-10:59pm,30,30,,,,,,,1,
2023,27,270060,Minnesota,1,1,0,0,0,1,1,137,ST LOUIS (137),0,NOT APPLICABLE,29,29,4,April,2023,7,Saturday,12,12:00pm-12:59pm,51,51,1,This Section IS ON the NHS,1,Rural,3,Other Principal Arterial,1,State Highway Agency,3,State Highway,SR-33,,196,196,46.95537222,46.95537222,-92.456600000,-92.45660000,0,No Special Jurisdiction,23,Bridge Rail (Includes parapet),0,The First Harmful Event was Not a Collision with a Motor Vehicle in Transport,1,Yes,19,Other location within Interchange Area,1,Not an Intersection,0,None,,,4,On Roadside,1,Daylight,,,,,10,Cloudy,0,No,0000000,Not Applicable,12,12:00pm-12:59pm,52,52,13,1:00pm-1:59pm,2,2,88,"Not Applicable (Not Transported) ",88,Not Applicable (Not Transported),,,,,,,1,
2023,27,270061,Minnesota,2,2,0,0,0,4,4,37,DAKOTA (37),3990,LAKEVILLE,9,9,4,April,2023,1,Sunday,13,1:00pm-1:59pm,31,31,0,This Section IS NOT on the NHS,2,Urban,4,Minor Arterial,2,County Highway Agency,4,County,CR-5 KENWOOD TRL,UPPER 167TH ST W,54,54,44.70740278,44.70740278,-93.292300000,-93.29230000,0,No Special Jurisdiction,12,Motor Vehicle In-Transport,6,Angle,0,No,2,Intersection,3,T-Intersection,0,None,,,1,On Roadway,1,Daylight,,,,,1,Clear,0,No,0000000,Not Applicable,13,1:00pm-1:59pm,32,32,13,1:00pm-1:59pm,37,37,14,2:00pm-2:59pm,2,2,,,,,,,1,
2023,27,270062,Minnesota,2,2,0,0,0,2,2,3,ANOKA (3),1492,COON RAPIDS,4,4,5,May,2023,5,Thursday,19,7:00pm-7:59pm,54,54,0,This Section IS NOT on the NHS,2,Urban,4,Minor Arterial,2,County Highway Agency,4,County,CR-9 ROUND LAKE BLVD NW,NORTHDALE BLVD NW,7,7,45.20750000,45.20750000,-93.357833330,-93.35783333,0,No Special Jurisdiction,12,Motor Vehicle In-Transport,6,Angle,0,No,2,Intersection,2,Four-Way Intersection,0,None,,,1,On Roadway,1,Daylight,,,,,1,Clear,0,No,0000000,Not Applicable,19,7:00pm-7:59pm,54,54,19,7:00pm-7:59pm,56,56,20,8:00pm-8:59pm,25,25,,,,,,,1,
2023,27,270063,Minnesota,1,1,0,0,0,2,2,25,CHISAGO (25),5260,NORTH BRANCH,6,6,5,May,2023,7,Saturday,11,11:00am-11:59am,38,38,1,This Section IS ON the NHS,2,Urban,1,Interstate,1,State Highway Agency,1,Interstate,I-35,,1501,1501,45.54014444,45.54014444,-92.990944440,-92.99094444,0,No Special Jurisdiction,58,Ground,0,The First Harmful Event was Not a Collision with a Motor Vehicle in Transport,0,No,1,Non-Junction,1,Not an Intersection,0,None,,,3,On Median,1,Daylight,,,,,10,Cloudy,0,No,0000000,Not Applicable,11,11:00am-11:59am,39,39,11,11:00am-11:59am,43,43,12,12:00pm-12:59pm,19,19,,,,,,,1,
2023,27,270064,Minnesota,1,1,0,0,0,2,2,169,WINONA (169),0,NOT APPLICABLE,2,2,5,May,2023,3,Tuesday,18,6:00pm-6:59pm,25,25,1,This Section IS ON the NHS,1,Rural,1,Interstate,1,State Highway Agency,1,Interstate,I-90,,2330,2330,43.95110556,43.95110556,-92.049266670,-92.04926667,0,No Special Jurisdiction,1,Rollover/Overturn,0,The First Harmful Event was Not a Collision with a Motor Vehicle in Transport,0,No,1,Non-Junction,1,Not an Intersection,0,None,,,4,On Roadside,1,Daylight,,,,,1,Clear,0,No,0000000,Not Applicable,18,6:00pm-6:59pm,25,25,18,6:00pm-6:59pm,29,29,19,7:00pm-7:59pm,20,20,,,,,,,1,
2023,27,270065,Minnesota,2,2,0,0,0,4,4,67,KANDIYOHI (67),0,NOT APPLICABLE,8,8,5,May,2023,2,Monday,10,10:00am-10:59am,38,38,0,This Section IS NOT on the NHS,1,Rural,5,Major Collector,2,County Highway Agency,4,County,CR-9,CR-10,91,91,45.23522500,45.23522500,-94.992813890,-94.99281389,0,No Special Jurisdiction,12,Motor Vehicle In-Transport,6,Angle,0,No,2,Intersection,2,Four-Way Intersection,0,None,,,1,On Roadway,1,Daylight,,,,,1,Clear,0,No,0000000,Not Applicable,10,10:00am-10:59am,38,38,10,10:00am-10:59am,51,51,12,12:00pm-12:59pm,25,25,,,,,,,1,
2023,27,270066,Minnesota,1,1,0,0,0,1,1,75,LAKE (75),7030,TWO HARBORS,5,5,5,May,2023,6,Friday,14,2:00pm-2:59pm,2,2,1,This Section IS ON the NHS,1,Rural,3,Other Principal Arterial,1,State Highway Agency,3,State Highway,"SR-61 ",,264,264,47.02744167,47.02744167,-91.662063890,-91.66206389,0,No Special Jurisdiction,16,Thrown or Falling Object,0,The First Harmful Event was Not a Collision with a Motor Vehicle in Transport,0,No,1,Non-Junction,1,Not an Intersection,0,None,,,1,On Roadway,1,Daylight,,,,,1,Clear,0,No,0000000,Not Applicable,14,2:00pm-2:59pm,4,4,14,2:00pm-2:59pm,8,8,14,2:00pm-2:59pm,19,19,,,,,,,1,
2023,27,270067,Minnesota,2,2,0,0,0,2,2,53,HENNEPIN (53),4810,MINNETONKA MILLS,8,8,5,May,2023,2,Monday,15,3:00pm-3:59pm,7,7,0,This Section IS NOT on the NHS,2,Urban,4,Minor Arterial,2,County Highway Agency,4,County,CR-61 XENIUM LA,,161,161,44.97817222,44.97817222,-93.449641670,-93.44964167,0,No Special Jurisdiction,12,Motor Vehicle In-Transport,2,Front-to-Front,0,No,1,Non-Junction,1,Not an Intersection,0,None,,,1,On Roadway,1,Daylight,,,,,1,Clear,0,No,0000000,Not Applicable,15,3:00pm-3:59pm,11,11,15,3:00pm-3:59pm,24,24,15,3:00pm-3:59pm,35,35,,,,,,,1,
2023,27,270068,Minnesota,2,2,0,0,0,3,3,53,HENNEPIN (53),4760,MINNEAPOLIS,9,9,5,May,2023,3,Tuesday,1,1:00am-1:59am,45,45,1,This Section IS ON the NHS,2,Urban,3,Other Principal Arterial,1,State Highway Agency,3,State Highway,SR-55 HIAWATHA AVE,E 26TH ST,1926,1926,44.95563889,44.95563889,-93.243358330,-93.24335833,0,No Special Jurisdiction,12,Motor Vehicle In-Transport,6,Angle,0,No,2,Intersection,2,Four-Way Intersection,0,None,,,1,On Roadway,3,Dark - Lighted,,,,,1,Clear,0,No,0000000,Not Applicable,1,1:00am-1:59am,49,49,1,1:00am-1:59am,48,48,1,1:00am-1:59am,57,57,,,,,,,1,
2023,27,270069,Minnesota,2,2,0,0,0,5,5,27,CLAY (27),4880,MOORHEAD,7,7,5,May,2023,1,Sunday,11,11:00am-11:59am,29,29,1,This Section IS ON the NHS,2,Urban,1,Interstate,1,State Highway Agency,1,Interstate,I-94,,0,None,46.84765556,46.84765556,-96.780655560,-96.78065556,0,No Special Jurisdiction,12,Motor Vehicle In-Transport,7,Sideswipe - Same Direction,0,No,1,Non-Junction,1,Not an Intersection,0,None,,,1,On Roadway,1,Daylight,,,,,10,Cloudy,0,No,0000000,Not Applicable,11,11:00am-11:59am,30,30,11,11:00am-11:59am,30,30,88,"Not Applicable (Not Transported) ",88,Not Applicable (Not Transported),,,,,,,1,
2023,27,270070,Minnesota,2,2,0,0,0,2,2,27,CLAY (27),0,NOT APPLICABLE,5,5,5,May,2023,6,Friday,16,4:00pm-4:59pm,31,31,0,This Section IS NOT on the NHS,1,Rural,4,Minor Arterial,2,County Highway Agency,4,County,"CR-52 ",CR-12 60TH AVE S,182,182,46.80434722,46.80434722,-96.677355560,-96.67735556,0,No Special Jurisdiction,12,Motor Vehicle In-Transport,6,Angle,0,No,2,Intersection,2,Four-Way Intersection,0,None,,,1,On Roadway,1,Daylight,,,,,1,Clear,0,No,0000000,Not Applicable,16,4:00pm-4:59pm,32,32,16,4:00pm-4:59pm,43,43,17,5:00pm-5:59pm,22,22,,,,,,,1,
2023,27,270071,Minnesota,1,1,0,0,0,1,1,171,WRIGHT (171),0,NOT APPLICABLE,5,5,5,May,2023,6,Friday,18,6:00pm-6:59pm,46,46,0,This Section IS NOT on the NHS,1,Rural,5,Major Collector,1,State Highway Agency,3,State Highway,SR-24 90TH ST NW,,335,335,45.28180278,45.28180278,-94.094500000,-94.09450000,0,No Special Jurisdiction,1,Rollover/Overturn,0,The First Harmful Event was Not a Collision with a Motor Vehicle in Transport,0,No,1,Non-Junction,1,Not an Intersection,0,None,,,4,On Roadside,1,Daylight,,,,,10,Cloudy,0,No,0000000,Not Applicable,18,6:00pm-6:59pm,46,46,18,6:00pm-6:59pm,55,55,19,7:00pm-7:59pm,55,55,,,,,,,1,
2023,27,270072,Minnesota,1,1,0,1,1,1,1,19,CARVER (19),1170,CHANHASSEN,12,12,5,May,2023,6,Friday,22,10:00pm-10:59pm,29,29,0,This Section IS NOT on the NHS,2,Urban,7,Local,4,City or Municipal Highway Agency,6,Municipal,MU-101 KERBER BLVD,W VILLAGE RD,36,36,44.86508611,44.86508611,-93.540219440,-93.54021944,0,No Special Jurisdiction,8,Pedestrian,0,The First Harmful Event was Not a Collision with a Motor Vehicle in Transport,0,No,3,Intersection-Related,3,T-Intersection,0,None,,,1,On Roadway,3,Dark - Lighted,,,,,2,Rain,0,No,0000000,Not Applicable,22,10:00pm-10:59pm,30,30,22,10:00pm-10:59pm,35,35,22,10:00pm-10:59pm,55,55,,,,,,,1,
2023,27,270073,Minnesota,1,1,0,1,1,1,1,53,HENNEPIN (53),4760,MINNEAPOLIS,14,14,5,May,2023,1,Sunday,3,3:00am-3:59am,26,26,1,This Section IS ON the NHS,2,Urban,3,Other Principal Arterial,1,State Highway Agency,3,State Highway,SR-55 HIAWATHA AVE,E 26TH ST,1926,1926,44.95570000,44.95570000,-93.243219440,-93.24321944,0,No Special Jurisdiction,8,Pedestrian,0,The First Harmful Event was Not a Collision with a Motor Vehicle in Transport,0,No,3,Intersection-Related,2,Four-Way Intersection,0,None,,,1,On Roadway,3,Dark - Lighted,,,,,2,Rain,0,No,0000000,Not Applicable,3,3:00am-3:59am,28,28,3,3:00am-3:59am,37,37,88,"Not Applicable (Not Transported) ",88,Not Applicable (Not Transported),,,,,,,1,
2023,27,270074,Minnesota,1,1,0,0,0,2,2,53,HENNEPIN (53),4760,MINNEAPOLIS,13,13,5,May,2023,7,Saturday,14,2:00pm-2:59pm,58,58,0,This Section IS NOT on the NHS,2,Urban,4,Minor Arterial,4,City or Municipal Highway Agency,6,Municipal,MU-1964 W LYNDALE AVE N,,3,3,45.04840833,45.04840833,-93.285050000,-93.28505000,0,No Special Jurisdiction,38,Fence,0,The First Harmful Event was Not a Collision with a Motor Vehicle in Transport,0,No,1,Non-Junction,1,Not an Intersection,0,None,,,4,On Roadside,1,Daylight,,,,,10,Cloudy,0,No,0000000,Not Applicable,14,2:00pm-2:59pm,59,59,15,3:00pm-3:59pm,8,8,15,3:00pm-3:59pm,8,8,,,,,,,1,
2023,27,270075,Minnesota,2,2,0,0,0,2,2,53,HENNEPIN (53),4760,MINNEAPOLIS,22,22,4,April,2023,7,Saturday,13,1:00pm-1:59pm,0,0,0,This Section IS NOT on the NHS,2,Urban,4,Minor Arterial,2,County Highway Agency,4,County,CR-153 LOWRY AVE NE,N DUPONT AVE,13,13,45.01322222,45.01322222,-93.293136110,-93.29313611,0,No Special Jurisdiction,12,Motor Vehicle In-Transport,6,Angle,0,No,2,Intersection,2,Four-Way Intersection,0,None,,,1,On Roadway,1,Daylight,,,,,1,Clear,0,No,0000000,Not Applicable,99,Unknown,99,Unknown,99,Unknown EMS Scene Arrival Hour,99,Unknown EMS Scene Arrival Minutes,99,Unknown,99,Unknown EMS Hospital Arrival Time,,,,,,,1,
2023,27,270077,Minnesota,2,2,0,0,0,2,2,25,CHISAGO (25),5260,NORTH BRANCH,3,3,5,May,2023,4,Wednesday,9,9:00am-9:59am,15,15,0,This Section IS NOT on the NHS,2,Urban,4,Minor Arterial,2,County Highway Agency,4,County,CR-30 FOREST BLVD,,111,111,45.49519167,45.49519167,-92.980822220,-92.98082222,0,No Special Jurisdiction,12,Motor Vehicle In-Transport,2,Front-to-Front,0,No,8,Driveway Access Related,1,Not an Intersection,0,None,,,1,On Roadway,1,Daylight,,,,,1,Clear,0,No,0000000,Not Applicable,9,9:00am-9:59am,19,19,9,9:00am-9:59am,23,23,10,10:00am-10:59am,3,3,,,,,,,1,
2023,27,270078,Minnesota,2,2,0,0,0,2,2,163,WASHINGTON (163),5334,OAKDALE,10,10,5,May,2023,4,Wednesday,21,9:00pm-9:59pm,25,25,0,This Section IS NOT on the NHS,2,Urban,4,Minor Arterial,2,County Highway Agency,4,County,CR-10 10TH ST N,GREYSTONE AVE N,8,8,44.96327222,44.96327222,-92.968658330,-92.96865833,0,No Special Jurisdiction,12,Motor Vehicle In-Transport,2,Front-to-Front,0,No,2,Intersection,2,Four-Way Intersection,0,None,,,1,On Roadway,3,Dark - Lighted,,,,,1,Clear,0,No,0000000,Not Applicable,21,9:00pm-9:59pm,25,25,21,9:00pm-9:59pm,26,26,21,9:00pm-9:59pm,45,45,,,,,,,1,
2023,27,270079,Minnesota,2,2,0,0,0,2,2,115,PINE (115),0,NOT APPLICABLE,10,10,5,May,2023,4,Wednesday,18,6:00pm-6:59pm,50,50,1,This Section IS ON the NHS,1,Rural,1,Interstate,1,State Highway Agency,1,Interstate,I-35,,2031,2031,46.28208889,46.28208889,-92.822022220,-92.82202222,0,No Special Jurisdiction,12,Motor Vehicle In-Transport,2,Front-to-Front,0,No,1,Non-Junction,1,Not an Intersection,0,None,,,1,On Roadway,1,Daylight,,,,,1,Clear,0,No,0000000,Not Applicable,19,7:00pm-7:59pm,3,3,19,7:00pm-7:59pm,20,20,20,8:00pm-8:59pm,17,17,,,,,,,1,
2023,27,270080,Minnesota,1,1,0,0,0,1,1,131,RICE (131),5270,NORTHFIELD,20,20,5,May,2023,7,Saturday,11,11:00am-11:59am,8,8,1,This Section IS ON the NHS,2,Urban,3,Other Principal Arterial,1,State Highway Agency,3,State Highway,SR-19 LONSDALE BLVD,,1754,1754,44.45672500,44.45672500,-93.187561110,-93.18756111,0,No Special Jurisdiction,42,Tree (Standing Only),0,The First Harmful Event was Not a Collision with a Motor Vehicle in Transport,0,No,1,Non-Junction,1,Not an Intersection,0,None,,,4,On Roadside,1,Daylight,,,,,1,Clear,0,No,0000000,Not Applicable,11,11:00am-11:59am,8,8,11,11:00am-11:59am,12,12,88,"Not Applicable (Not Transported) ",88,Not Applicable (Not Transported),,,,,,,1,
2023,27,270081,Minnesota,2,2,0,0,0,2,2,53,HENNEPIN (53),675,BLOOMINGTON,17,17,5,May,2023,4,Wednesday,16,4:00pm-4:59pm,14,14,1,This Section IS ON the NHS,2,Urban,1,Interstate,1,State Highway Agency,1,Interstate,I-35W,,71,71,44.83371667,44.83371667,-93.295127780,-93.29512778,0,No Special Jurisdiction,12,Motor Vehicle In-Transport,1,Front-to-Rear,0,No,1,Non-Junction,1,Not an Intersection,0,None,,,1,On Roadway,1,Daylight,,,,,10,Cloudy,0,No,0000000,Not Applicable,16,4:00pm-4:59pm,17,17,16,4:00pm-4:59pm,33,33,17,5:00pm-5:59pm,17,17,,,,,,,1,
2023,27,270082,Minnesota,2,2,0,0,0,3,3,145,STEARNS (145),0,NOT APPLICABLE,21,21,5,May,2023,1,Sunday,13,1:00pm-1:59pm,31,31,0,This Section IS NOT on the NHS,1,Rural,4,Minor Arterial,1,State Highway Agency,3,State Highway,SR-55,,1075,1075,45.38636389,45.38636389,-94.747975000,-94.74797500,0,No Special Jurisdiction,12,Motor Vehicle In-Transport,2,Front-to-Front,0,No,1,Non-Junction,1,Not an Intersection,0,None,,,1,On Roadway,1,Daylight,,,,,1,Clear,0,No,0000000,Not Applicable,13,1:00pm-1:59pm,31,31,13,1:00pm-1:59pm,37,37,14,2:00pm-2:59pm,38,38,,,,,,,2,
2023,27,270084,Minnesota,1,1,0,0,0,4,4,139,SCOTT (139),0,NOT APPLICABLE,25,25,5,May,2023,5,Thursday,20,8:00pm-8:59pm,40,40,0,This Section IS NOT on the NHS,1,Rural,7,Local,3,Town or Township Highway Agency,5,Township,TS-VALLEY VIEW DR,,8,8,44.68775278,44.68775278,-93.624041670,-93.62404167,0,No Special Jurisdiction,30,Utility Pole/Light Support,0,The First Harmful Event was Not a Collision with a Motor Vehicle in Transport,0,No,1,Non-Junction,1,Not an Intersection,0,None,,,4,On Roadside,1,Daylight,,,,,1,Clear,0,No,0000000,Not Applicable,20,8:00pm-8:59pm,45,45,21,9:00pm-9:59pm,0,0,88,"Not Applicable (Not Transported) ",88,Not Applicable (Not Transported),,,,,,,1,