caseyear,state,st_case,statename,ve_total,ve_forms,pvh_invl,peds,pernotmvit,permvit,persons,county,countyname,city,cityname,day,dayname,month,monthname,year,day_week,day_weekname,hour,hourname,minute,minutename,nhs,nhsname,rur_urb,rur_urbname,func_sys,func_sysname,rd_owner,rd_ownername,route,routename,tway_id,tway_id2,milept,mileptname,latitude,latitudename,longitud,longitudname,sp_jur,sp_jurname,harm_ev,harm_evname,man_coll,man_collname,reljct1,reljct1name,reljct2,reljct2name,typ_int,typ_intname,wrk_zone,wrk_zonename,road_fnc,road_fncname,rel_road,rel_roadname,lgt_cond,lgt_condname,weather1,weather1name,weather2,weather2name,weather,weathername,sch_bus,sch_busname,rail,railname,not_hour,not_hourname,not_min,not_minname,arr_hour,arr_hourname,arr_min,arr_minname,hosp_hr,hosp_hrname,hosp_mn,hosp_mnname,cf1,cf1name,cf2,cf2name,cf3,cf3name,fatals,drunk_dr
2023,27,270085,Minnesota,2,2,0,0,0,2,2,3,ANOKA (3),5788,RAMSEY,27,27,5,May,2023,7,Saturday,9,9:00am-9:59am,32,32,0,This Section IS NOT on the NHS,2,Urban,4,Minor Arterial,1,State Highway Agency,3,State Highway,SR-47 SAINT FRANCIS BLVD NW,,241,241,45.25052222,45.25052222,-93.406516670,-93.40651667,0,No Special Jurisdiction,12,Motor Vehicle In-Transport,6,Angle,0,No,1,Non-Junction,1,Not an Intersection,0,None,,,1,On Roadway,1,Daylight,,,,,1,Clear,0,No,0000000,Not Applicable,9,9:00am-9:59am,32,32,9,9:00am-9:59am,32,32,88,"Not Applicable (Not Transported) ",88,Not Applicable (Not Transported),,,,,,,1,
2023,27,270086,Minnesota,1,1,0,1,1,2,2,37,DAKOTA (37),6620,SOUTH ST PAUL,29,29,5,May,2023,2,Monday,23,11:00pm-11:59pm,55,55,0,This Section IS NOT on the NHS,2,Urban,4,Minor Arterial,2,County Highway Agency,4,County,CR-56 CONCORD ST S,LINDEN ST,40,40,44.86415000,44.86415000,-93.023313890,-93.02331389,0,No Special Jurisdiction,8,Pedestrian,0,The First Harmful Event was Not a Collision with a Motor Vehicle in Transport,0,No,3,Intersection-Related,3,T-Intersection,0,None,,,1,On Roadway,2,Dark - Not Lighted,,,,,1,Clear,0,No,0000000,Not Applicable,0,0:00am-0:59am,0,0,0,0:00am-0:59am,5,5,1,1:00am-1:59am,25,25,,,,,,,1,
2023,27,270087,Minnesota,1,1,0,0,0,1,1,47,FREEBORN (47),0,NOT APPLICABLE,28,28,5,May,2023,1,Sunday,11,11:00am-11:59am,28,28,1,This Section IS ON the NHS,1,Rural,1,Interstate,1,State Highway Agency,1,Interstate,I-35,,31,31,43.54425000,43.54425000,-93.355552780,-93.35555278,0,No Special Jurisdiction,57,Cable Barrier,0,The First Harmful Event was Not a Collision with a Motor Vehicle in Transport,0,No,1,Non-Junction,1,Not an Intersection,0,None,,,3,On Median,1,Daylight,,,,,1,Clear,0,No,0000000,Not Applicable,11,11:00am-11:59am,28,28,11,11:00am-11:59am,29,29,88,"Not Applicable (Not Transported) ",88,Not Applicable (Not Transported),,,,,,,1,
2023,27,270088,Minnesota,1,1,0,0,0,1,1,123,RAMSEY (123),5090,NEW BRIGHTON,18,18,5,May,2023,5,Thursday,15,3:00pm-3:59pm,9,9,1,This Section IS ON the NHS,2,Urban,1,Interstate,1,State Highway Agency,1,Interstate,I-35W,,256,256,45.05017222,45.05017222,-93.188533330,-93.18853333,0,No Special Jurisdiction,25,Concrete Traffic Barrier,0,The First Harmful Event was Not a Collision with a Motor Vehicle in Transport,0,No,1,Non-Junction,1,Not an Intersection,0,None,,,3,On Median,1,Daylight,,,,,10,Cloudy,0,No,0000000,Not Applicable,15,3:00pm-3:59pm,10,10,15,3:00pm-3:59pm,20,20,15,3:00pm-3:59pm,45,45,,,,,,,1,
2023,27,270089,Minnesota,3,3,0,0,0,4,4,163,WASHINGTON (163),5334,OAKDALE,1,1,6,June,2023,5,Thursday,2,2:00am-2:59am,24,24,1,This Section IS ON the NHS,2,Urban,1,Interstate,1,State Highway Agency,1,Interstate,I-694,,549,549,44.97921111,44.97921111,-92.959525000,-92.95952500,0,No Special Jurisdiction,12,Motor Vehicle In-Transport,2,Front-to-Front,0,No,1,Non-Junction,1,Not an Intersection,0,None,,,1,On Roadway,3,Dark - Lighted,,,,,10,Cloudy,0,No,0000000,Not Applicable,2,2:00am-2:59am,29,29,2,2:00am-2:59am,40,40,99,Unknown,99,Unknown EMS Hospital Arrival Time,,,,,,,3,
2023,27,270090,Minnesota,2,2,0,0,0,3,3,171,WRIGHT (171),930,BUFFALO,1,1,6,June,2023,5,Thursday,9,9:00am-9:59am,52,52,1,This Section IS ON the NHS,2,Urban,3,Other Principal Arterial,1,State Highway Agency,3,State Highway,SR-MNTH 25,CATLIN ST,591,591,45.19404167,45.19404167,-93.873844440,-93.87384444,0,No Special Jurisdiction,12,Motor Vehicle In-Transport,6,Angle,0,No,2,Intersection,2,Four-Way Intersection,0,None,,,1,On Roadway,1,Daylight,,,,,1,Clear,0,No,0000000,Not Applicable,9,9:00am-9:59am,53,53,9,9:00am-9:59am,55,55,10,10:00am-10:59am,10,10,,,,,,,1,
2023,27,270091,Minnesota,2,2,0,0,0,3,3,3,ANOKA (3),1982,EAST BETHEL,1,1,6,June,2023,5,Thursday,13,1:00pm-1:59pm,24,24,0,This Section IS NOT on the NHS,2,Urban,4,Minor Arterial,2,County Highway Agency,4,County,CR-22 VIKING BLVD NE,,178,178,45.31950556,45.31950556,-93.196408330,-93.19640833,0,No Special Jurisdiction,12,Motor Vehicle In-Transport,1,Front-to-Rear,0,No,1,Non-Junction,1,Not an Intersection,0,None,,,1,On Roadway,1,Daylight,,,,,1,Clear,0,No,0000000,Not Applicable,13,1:00pm-1:59pm,26,26,13,1:00pm-1:59pm,39,39,14,2:00pm-2:59pm,5,5,,,,,,,1,
2023,27,270092,Minnesota,1,1,0,0,0,1,1,27,CLAY (27),0,NOT APPLICABLE,3,3,5,May,2023,4,Wednesday,21,9:00pm-9:59pm,15,15,0,This Section IS NOT on the NHS,1,Rural,7,Local,2,County Highway Agency,4,County,CR-128 300TH ST S,,8,8,46.67138333,46.67138333,-96.173513890,-96.17351389,0,No Special Jurisdiction,1,Rollover/Overturn,0,The First Harmful Event was Not a Collision with a Motor Vehicle in Transport,0,No,1,Non-Junction,1,Not an Intersection,0,None,,,1,On Roadway,2,Dark - Not Lighted,,,,,1,Clear,0,No,0000000,Not Applicable,21,9:00pm-9:59pm,15,15,21,9:00pm-9:59pm,30,30,88,"Not Applicable (Not Transported) ",88,Not Applicable (Not Transported),,,,,,,1,
2023,27,270093,Minnesota,1,1,0,0,0,1,1,95,MILLE LACS (95),5760,PRINCETON,29,29,5,May,2023,2,Monday,19,7:00pm-7:59pm,37,37,1,This Section IS ON the NHS,1,Rural,2,Other Freeways and Expressways,1,State Highway Agency,2,U.S. Highway,US-169,,1739,1739,45.56109444,45.56109444,-93.596216670,-93.59621667,0,No Special Jurisdiction,1,Rollover/Overturn,0,The First Harmful Event was Not a Collision with a Motor Vehicle in Transport,0,No,1,Non-Junction,1,Not an Intersection,0,None,,,3,On Median,1,Daylight,,,,,1,Clear,0,No,0000000,Not Applicable,19,7:00pm-7:59pm,37,37,19,7:00pm-7:59pm,42,42,88,"Not Applicable (Not Transported) ",88,Not Applicable (Not Transported),,,,,,,1,
2023,27,270094,Minnesota,2,2,0,0,0,3,3,115,PINE (115),0,NOT APPLICABLE,2,2,6,June,2023,6,Friday,17,5:00pm-5:59pm,31,31,0,This Section IS NOT on the NHS,1,Rural,4,Minor Arterial,2,County Highway Agency,4,County,"CR-61 ",CR-14 BEROUN CROSSING RD,122,122,45.90400833,45.90400833,-92.960188890,-92.96018889,0,No Special Jurisdiction,12,Motor Vehicle In-Transport,6,Angle,0,No,2,Intersection,2,Four-Way Intersection,0,None,,,1,On Roadway,1,Daylight,,,,,1,Clear,0,No,0000000,Not Applicable,17,5:00pm-5:59pm,34,34,17,5:00pm-5:59pm,40,40,18,6:00pm-6:59pm,2,2,,,,,,,1,
2023,27,270095,Minnesota,1,1,0,0,0,1,1,123,RAMSEY (123),4080,LAUDERDALE,3,3,6,June,2023,7,Saturday,1,1:00am-1:59am,43,43,1,This Section IS ON the NHS,2,Urban,3,Other Principal Arterial,1,State Highway Agency,3,State Highway,"SR-280 ",,26,26,44.99638611,44.99638611,-93.206102780,-93.20610278,0,No Special Jurisdiction,25,Concrete Traffic Barrier,0,The First Harmful Event was Not a Collision with a Motor Vehicle in Transport,0,No,1,Non-Junction,1,Not an Intersection,0,None,,,3,On Median,3,Dark - Lighted,,,,,1,Clear,0,No,0000000,Not Applicable,1,1:00am-1:59am,43,43,1,1:00am-1:59am,48,48,88,"Not Applicable (Not Transported) ",88,Not Applicable (Not Transported),,,,,,,1,
2023,27,270096,Minnesota,2,2,0,0,0,2,2,141,SHERBURNE (141),0,NOT APPLICABLE,3,3,6,June,2023,7,Saturday,13,1:00pm-1:59pm,55,55,0,This Section IS NOT on the NHS,1,Rural,5,Major Collector,2,County Highway Agency,4,County,CR-5 184TH ST NW,CR-4 253RD AVE NW,73,73,45.42953889,45.42953889,-93.735702780,-93.73570278,0,No Special Jurisdiction,12,Motor Vehicle In-Transport,2,Front-to-Front,0,No,2,Intersection,2,Four-Way Intersection,0,None,,,1,On Roadway,1,Daylight,,,,,1,Clear,0,No,0000000,Not Applicable,14,2:00pm-2:59pm,4,4,14,2:00pm-2:59pm,14,14,88,"Not Applicable (Not Transported) ",88,Not Applicable (Not Transported),,,,,,,1,
2023,27,270097,Minnesota,1,1,0,0,0,1,1,145,STEARNS (145),0,NOT APPLICABLE,4,4,6,June,2023,1,Sunday,1,1:00am-1:59am,32,32,0,This Section IS NOT on the NHS,1,Rural,5,Major Collector,2,County Highway Agency,4,County,CR-17,,15,15,45.75288056,45.75288056,-94.975063890,-94.97506389,0,No Special Jurisdiction,1,Rollover/Overturn,0,The First Harmful Event was Not a Collision with a Motor Vehicle in Transport,0,No,1,Non-Junction,1,Not an Intersection,0,None,,,4,On Roadside,2,Dark - Not Lighted,,,,,1,Clear,0,No,0000000,Not Applicable,1,1:00am-1:59am,32,32,1,1:00am-1:59am,45,45,1,1:00am-1:59am,59,59,,,,,,,1,
2023,27,270098,Minnesota,1,1,0,0,0,1,1,37,DAKOTA (37),0,NOT APPLICABLE,4,4,6,June,2023,1,Sunday,0,0:00am-0:59am,10,10,0,This Section IS NOT on the NHS,1,Rural,5,Major Collector,2,County Highway Agency,4,County,CR-62 190TH ST E,,26,26,44.67342222,44.67342222,-92.918661110,-92.91866111,0,No Special Jurisdiction,1,Rollover/Overturn,0,The First Harmful Event was Not a Collision with a Motor Vehicle in Transport,0,No,1,Non-Junction,1,Not an Intersection,0,None,,,4,On Roadside,2,Dark - Not Lighted,,,,,1,Clear,0,No,0000000,Not Applicable,0,0:00am-0:59am,10,10,0,0:00am-0:59am,12,12,88,"Not Applicable (Not Transported) ",88,Not Applicable (Not Transported),,,,,,,1,
2023,27,270099,Minnesota,2,2,0,0,0,4,4,9,BENTON (9),0,NOT APPLICABLE,4,4,6,June,2023,1,Sunday,18,6:00pm-6:59pm,0,0,0,This Section IS NOT on the NHS,1,Rural,5,Major Collector,2,County Highway Agency,4,County,CR-7 165TH AVE NE,CR-4 65TH ST NE,71,71,45.66258333,45.66258333,-93.822791670,-93.82279167,0,No Special Jurisdiction,12,Motor Vehicle In-Transport,6,Angle,0,No,2,Intersection,2,Four-Way Intersection,0,None,,,1,On Roadway,1,Daylight,,,,,1,Clear,0,No,0000000,Not Applicable,18,6:00pm-6:59pm,4,4,18,6:00pm-6:59pm,21,21,19,7:00pm-7:59pm,3,3,,,,,,,1,
2023,27,270100,Minnesota,2,2,0,0,0,4,4,37,DAKOTA (37),6620,SOUTH ST PAUL,5,5,6,June,2023,2,Monday,15,3:00pm-3:59pm,20,20,0,This Section IS NOT on the NHS,2,Urban,4,Minor Arterial,2,County Highway Agency,4,County,CR-56 CONCORD ST S,,43,43,44.86825000,44.86825000,-93.026091670,-93.02609167,0,No Special Jurisdiction,12,Motor Vehicle In-Transport,2,Front-to-Front,0,No,1,Non-Junction,1,Not an Intersection,0,None,,,1,On Roadway,1,Daylight,,,,,1,Clear,0,No,0000000,Not Applicable,15,3:00pm-3:59pm,20,20,15,3:00pm-3:59pm,25,25,16,4:00pm-4:59pm,0,0,,,,,,,1,
2023,27,270101,Minnesota,2,2,0,0,0,2,2,163,WASHINGTON (163),6455,SCANDIA,5,5,6,June,2023,2,Monday,18,6:00pm-6:59pm,5,5,0,This Section IS NOT on the NHS,1,Rural,4,Minor Arterial,2,County Highway Agency,4,County,CR-15 MANNING TR N,216TH ST N,233,233,45.26149167,45.26149167,-92.890263890,-92.89026389,0,No Special Jurisdiction,12,Motor Vehicle In-Transport,2,Front-to-Front,0,No,2,Intersection,3,T-Intersection,0,None,,,1,On Roadway,1,Daylight,,,,,1,Clear,0,No,0000000,Not Applicable,18,6:00pm-6:59pm,5,5,18,6:00pm-6:59pm,15,15,88,"Not Applicable (Not Transported) ",88,Not Applicable (Not Transported),,,,,,,1,
2023,27,270102,Minnesota,2,2,0,0,0,5,5,141,SHERBURNE (141),0,NOT APPLICABLE,3,3,6,June,2023,7,Saturday,13,1:00pm-1:59pm,7,7,1,This Section IS ON the NHS,1,Rural,3,Other Principal Arterial,1,State Highway Agency,2,U.S. Highway,US-169,,1718,1718,45.52501389,45.52501389,-93.583566670,-93.58356667,0,No Special Jurisdiction,12,Motor Vehicle In-Transport,7,Sideswipe - Same Direction,0,No,1,Non-Junction,1,Not an Intersection,0,None,,,1,On Roadway,1,Daylight,,,,,10,Cloudy,0,No,0000000,Not Applicable,13,1:00pm-1:59pm,7,7,13,1:00pm-1:59pm,17,17,14,2:00pm-2:59pm,0,0,,,,,,,1,
2023,27,270103,Minnesota,1,1,0,0,0,2,2,165,WATONWAN (165),0,NOT APPLICABLE,7,7,6,June,2023,4,Wednesday,22,10:00pm-10:59pm,12,12,1,This Section IS ON the NHS,1,Rural,3,Other Principal Arterial,1,State Highway Agency,3,State Highway,SR-60,,349,349,43.95808333,43.95808333,-94.656725000,-94.65672500,0,No Special Jurisdiction,1,Rollover/Overturn,0,The First Harmful Event was Not a Collision with a Motor Vehicle in Transport,0,No,1,Non-Junction,1,Not an Intersection,0,None,,,3,On Median,2,Dark - Not Lighted,,,,,10,Cloudy,0,No,0000000,Not Applicable,22,10:00pm-10:59pm,12,12,22,10:00pm-10:59pm,21,21,22,10:00pm-10:59pm,37,37,,,,,,,1,
2023,27,270104,Minnesota,1,1,0,1,1,1,1,53,HENNEPIN (53),675,BLOOMINGTON,8,8,6,June,2023,5,Thursday,11,11:00am-11:59am,1,1,0,This Section IS NOT on the NHS,2,Urban,4,Minor Arterial,2,County Highway Agency,4,County,CR-1 E OLD SHAKOPEE RD,MU-718 17TH AVE S,155,155,44.83616111,44.83616111,-93.249433330,-93.24943333,0,No Special Jurisdiction,8,Pedestrian,0,The First Harmful Event was Not a Collision with a Motor Vehicle in Transport,0,No,3,Intersection-Related,3,T-Intersection,0,None,,,1,On Roadway,1,Daylight,,,,,1,Clear,0,No,0000000,Not Applicable,11,11:00am-11:59am,2,2,11,11:00am-11:59am,4,4,11,11:00am-11:59am,25,25,,,,,,,1,
2023,27,270105,Minnesota,2,2,0,0,0,4,4,7,BELTRAMI (7),530,BEMIDJI,2,2,6,June,2023,6,Friday,19,7:00pm-7:59pm,29,29,1,This Section IS ON the NHS,2,Urban,3,Other Principal Arterial,1,State Highway Agency,3,State Highway,SR-197 BEMIDJI AVE N,2ND ST NW,30,30,47.46949167,47.46949167,-94.879380560,-94.87938056,0,No Special Jurisdiction,12,Motor Vehicle In-Transport,6,Angle,0,No,2,Intersection,2,Four-Way Intersection,0,None,,,1,On Roadway,1,Daylight,,,,,1,Clear,0,No,0000000,Not Applicable,19,7:00pm-7:59pm,30,30,19,7:00pm-7:59pm,35,35,88,"Not Applicable (Not Transported) ",88,Not Applicable (Not Transported),,,,,,,1,
2023,27,270106,Minnesota,1,1,0,0,0,1,1,145,STEARNS (145),6250,ST. CLOUD,10,10,6,June,2023,7,Saturday,14,2:00pm-2:59pm,15,15,1,This Section IS ON the NHS,2,Urban,3,Other Principal Arterial,1,State Highway Agency,3,State Highway,SR-15 RAMP,,1468,1468,45.51725556,45.51725556,-94.226122220,-94.22612222,0,No Special Jurisdiction,1,Rollover/Overturn,0,The First Harmful Event was Not a Collision with a Motor Vehicle in Transport,1,Yes,20,Entrance/Exit Ramp,1,Not an Intersection,0,None,,,1,On Roadway,1,Daylight,,,,,98,Not Reported,0,No,0000000,Not Applicable,14,2:00pm-2:59pm,16,16,14,2:00pm-2:59pm,20,20,14,2:00pm-2:59pm,40,40,,,,,,,1,
2023,27,270107,Minnesota,1,1,0,0,0,1,1,23,CHIPPEWA (23),0,NOT APPLICABLE,11,11,6,June,2023,1,Sunday,16,4:00pm-4:59pm,27,27,0,This Section IS NOT on the NHS,1,Rural,7,Local,3,Town or Township Highway Agency,5,Township,TS-349 120TH ST SE,,6,6,45.15265000,45.15265000,-95.337536110,-95.33753611,0,No Special Jurisdiction,1,Rollover/Overturn,0,The First Harmful Event was Not a Collision with a Motor Vehicle in Transport,0,No,1,Non-Junction,1,Not an Intersection,0,None,,,4,On Roadside,1,Daylight,,,,,1,Clear,0,No,0000000,Not Applicable,16,4:00pm-4:59pm,36,36,16,4:00pm-4:59pm,44,44,88,"Not Applicable (Not Transported) ",88,Not Applicable (Not Transported),,,,,,,1,
2023,27,270108,Minnesota,2,2,0,0,0,4,4,57,HUBBARD (57),0,NOT APPLICABLE,9,9,6,June,2023,6,Friday,14,2:00pm-2:59pm,24,24,0,This Section IS NOT on the NHS,1,Rural,4,Minor Arterial,1,State Highway Agency,3,State Highway,SR-64,,557,557,47.10005833,47.10005833,-94.744433330,-94.74443333,0,No Special Jurisdiction,12,Motor Vehicle In-Transport,2,Front-to-Front,0,No,1,Non-Junction,1,Not an Intersection,0,None,,,1,On Roadway,1,Daylight,,,,,1,Clear,0,No,0000000,Not Applicable,14,2:00pm-2:59pm,36,36,14,2:00pm-2:59pm,52,52,16,4:00pm-4:59pm,26,26,,,,,,,1,
2023,27,270110,Minnesota,1,1,0,0,0,1,1,53,HENNEPIN (53),0,NOT APPLICABLE,14,14,6,June,2023,4,Wednesday,8,8:00am-8:59am,55,55,1,This Section IS ON the NHS,2,Urban,2,Other Freeways and Expressways,1,State Highway Agency,3,State Highway,SR-55/62,SR-5 W/B RAMP,1979,1979,44.89240278,44.89240278,-93.189088890,-93.18908889,0,No Special Jurisdiction,59,"Traffic Sign Support ",0,The First Harmful Event was Not a Collision with a Motor Vehicle in Transport,1,Yes,3,Intersection-Related,4,Y-Intersection,0,None,,,8,Gore,3,Dark - Lighted,,,,,1,Clear,0,No,0000000,Not Applicable,8,8:00am-8:59am,55,55,9,9:00am-9:59am,0,0,88,"Not Applicable (Not Transported) ",88,Not Applicable (Not Transported),,,,,,,1,
2023,27,270111,Minnesota,2,2,0,0,0,3,3,87,MAHNOMEN (87),0,NOT APPLICABLE,13,13,5,May,2023,7,Saturday,11,11:00am-11:59am,51,51,0,This Section IS NOT on the NHS,1,Rural,5,Major Collector,2,County Highway Agency,4,County,CR-6 280TH ST,TS-106 140TH AVE,43,43,47.23860556,47.23860556,-95.975858330,-95.97585833,3,Indian Reservation,12,Motor Vehicle In-Transport,6,Angle,0,No,2,Intersection,2,Four-Way Intersection,0,None,,,1,On Roadway,1,Daylight,,,,,1,Clear,0,No,0000000,Not Applicable,11,11:00am-11:59am,52,52,12,12:00pm-12:59pm,3,3,12,12:00pm-12:59pm,46,46,,,,,,,2,
2023,27,270112,Minnesota,1,1,0,0,0,1,1,41,DOUGLAS (41),0,NOT APPLICABLE,16,16,6,June,2023,6,Friday,3,3:00am-3:59am,29,29,0,This Section IS NOT on the NHS,1,Rural,6,Minor Collector,2,County Highway Agency,4,County,CR-73,,22,22,45.91825833,45.91825833,-95.289244440,-95.28924444,0,No Special Jurisdiction,1,Rollover/Overturn,0,The First Harmful Event was Not a Collision with a Motor Vehicle in Transport,0,No,1,Non-Junction,1,Not an Intersection,0,None,,,4,On Roadside,2,Dark - Not Lighted,,,,,1,Clear,0,No,0000000,Not Applicable,3,3:00am-3:59am,29,29,3,3:00am-3:59am,38,38,88,"Not Applicable (Not Transported) ",88,Not Applicable (Not Transported),,,,,,,1,
2023,27,270113,Minnesota,2,2,0,0,0,2,2,49,GOODHUE (49),0,NOT APPLICABLE,6,6,6,June,2023,3,Tuesday,23,11:00pm-11:59pm,16,16,0,This Section IS NOT on the NHS,1,Rural,4,Minor Arterial,1,State Highway Agency,3,State Highway,SR-56,,843,843,44.38709444,44.38709444,-92.979963890,-92.97996389,0,No Special Jurisdiction,12,Motor Vehicle In-Transport,6,Angle,0,No,1,Non-Junction,1,Not an Intersection,0,None,,,1,On Roadway,2,Dark - Not Lighted,,,,,10,Cloudy,0,No,0000000,Not Applicable,23,11:00pm-11:59pm,16,16,0,0:00am-0:59am,0,0,88,"Not Applicable (Not Transported) ",88,Not Applicable (Not Transported),,,,,,,1,
2023,27,270114,Minnesota,1,1,0,0,0,1,1,97,MORRISON (97),0,NOT APPLICABLE,20,20,5,May,2023,7,Saturday,21,9:00pm-9:59pm,47,47,0,This Section IS NOT on the NHS,1,Rural,4,Minor Arterial,2,County Highway Agency,4,County,CR-39 153RD ST,,43,43,45.98339167,45.98339167,-94.015608330,-94.01560833,0,No Special Jurisdiction,11,Live Animal,0,The First Harmful Event was Not a Collision with a Motor Vehicle in Transport,0,No,1,Non-Junction,1,Not an Intersection,0,None,,,1,On Roadway,2,Dark - Not Lighted,,,,,1,Clear,0,No,0000000,Not Applicable,21,9:00pm-9:59pm,47,47,21,9:00pm-9:59pm,50,50,22,10:00pm-10:59pm,50,50,,,,,,,1,
2023,27,270115,Minnesota,1,1,0,0,0,1,1,67,KANDIYOHI (67),5765,PRINSBURG,14,14,6,June,2023,4,Wednesday,12,12:00pm-12:59pm,20,20,0,This Section IS NOT on the NHS,1,Rural,4,Minor Arterial,1,State Highway Agency,3,State Highway,SR-7 195TH ST SW,,999,999,44.93503056,44.93503056,-95.195600000,-95.19560000,0,No Special Jurisdiction,35,Embankment,0,The First Harmful Event was Not a Collision with a Motor Vehicle in Transport,0,No,1,Non-Junction,1,Not an Intersection,0,None,,,4,On Roadside,1,Daylight,,,,,1,Clear,0,No,0000000,Not Applicable,12,12:00pm-12:59pm,20,20,12,12:00pm-12:59pm,31,31,13,1:00pm-1:59pm,42,42,,,,,,,1,
2023,27,270116,Minnesota,2,2,0,0,0,6,6,53,HENNEPIN (53),4760,MINNEAPOLIS,17,17,6,June,2023,7,Saturday,22,10:00pm-10:59pm,11,11,0,This Section IS NOT on the NHS,2,Urban,4,Minor Arterial,2,County Highway Agency,4,County,CR-3 E LAKE ST,MU-2426 2ND AVE S,126,126,44.94843889,44.94843889,-93.274125000,-93.27412500,0,No Special Jurisdiction,12,Motor Vehicle In-Transport,6,Angle,0,No,2,Intersection,2,Four-Way Intersection,0,None,,,1,On Roadway,3,Dark - Lighted,,,,,1,Clear,0,No,0000000,Not Applicable,0,0:00am-0:59am,0,0,99,Unknown EMS Scene Arrival Hour,99,Unknown EMS Scene Arrival Minutes,99,Unknown,99,Unknown EMS Hospital Arrival Time,,,,,,,5,
2023,27,270117,Minnesota,2,2,0,0,0,2,2,163,WASHINGTON (163),40,AFTON,17,17,6,June,2023,7,Saturday,3,3:00am-3:59am,31,31,1,This Section IS ON the NHS,2,Urban,1,Interstate,1,State Highway Agency,1,Interstate,"I-94 ",,2544,2544,44.94849444,44.94849444,-92.861169440,-92.86116944,0,No Special Jurisdiction,12,Motor Vehicle In-Transport,2,Front-to-Front,0,No,1,Non-Junction,1,Not an Intersection,1,Construction,,,1,On Roadway,3,Dark - Lighted,,,,,1,Clear,0,No,0000000,Not Applicable,3,3:00am-3:59am,35,35,3,3:00am-3:59am,43,43,99,Unknown,99,Unknown EMS Hospital Arrival Time,,,,,,,1,
2023,27,270119,Minnesota,1,1,0,0,0,2,2,55,HOUSTON (55),0,NOT APPLICABLE,17,17,6,June,2023,7,Saturday,21,9:00pm-9:59pm,1,1,0,This Section IS NOT on the NHS,1,Rural,5,Major Collector,2,County Highway Agency,4,County,CR-13,,20,20,43.72907778,43.72907778,-91.691186110,-91.69118611,0,No Special Jurisdiction,1,Rollover/Overturn,0,The First Harmful Event was Not a Collision with a Motor Vehicle in Transport,0,No,1,Non-Junction,1,Not an Intersection,0,None,,,4,On Roadside,5,Dusk,,,,,1,Clear,0,No,0000000,Not Applicable,21,9:00pm-9:59pm,6,6,21,9:00pm-9:59pm,17,17,22,10:00pm-10:59pm,38,38,,,,,,,1,
2023,27,270120,Minnesota,2,2,0,0,0,2,2,145,STEARNS (145),7260,WAITE PARK,18,18,6,June,2023,1,Sunday,14,2:00pm-2:59pm,55,55,0,This Section IS NOT on the NHS,2,Urban,4,Minor Arterial,4,City or Municipal Highway Agency,6,Municipal,MU-2ND AVE S,,6,6,45.54884167,45.54884167,-94.219094440,-94.21909444,0,No Special Jurisdiction,12,Motor Vehicle In-Transport,6,Angle,0,No,8,Driveway Access Related,1,Not an Intersection,0,None,,,1,On Roadway,1,Daylight,,,,,1,Clear,0,No,0000000,Not Applicable,14,2:00pm-2:59pm,58,58,15,3:00pm-3:59pm,5,5,15,3:00pm-3:59pm,20,20,,,,,,,1,
2023,27,270121,Minnesota,2,2,0,0,0,3,3,67,KANDIYOHI (67),0,NOT APPLICABLE,18,18,6,June,2023,1,Sunday,10,10:00am-10:59am,45,45,0,This Section IS NOT on the NHS,1,Rural,6,Minor Collector,2,County Highway Agency,4,County,CR-2 145TH ST NE,,359,359,45.35901667,45.35901667,-94.845566670,-94.84556667,0,No Special Jurisdiction,12,Motor Vehicle In-Transport,2,Front-to-Front,0,No,1,Non-Junction,1,Not an Intersection,0,None,,,1,On Roadway,1,Daylight,,,,,2,Rain,0,No,0000000,Not Applicable,10,10:00am-10:59am,45,45,10,10:00am-10:59am,56,56,11,11:00am-11:59am,49,49,,,,,,,3,
2023,27,270122,Minnesota,1,1,0,0,0,1,1,51,GRANT (51),0,NOT APPLICABLE,19,19,6,June,2023,2,Monday,16,4:00pm-4:59pm,49,49,0,This Section IS NOT on the NHS,1,Rural,6,Minor Collector,2,County Highway Agency,4,County,CR-12,,123,123,45.93425000,45.93425000,-96.001400000,-96.00140000,0,No Special Jurisdiction,1,Rollover/Overturn,0,The First Harmful Event was Not a Collision with a Motor Vehicle in Transport,0,No,1,Non-Junction,1,Not an Intersection,0,None,,,5,Outside Trafficway,1,Daylight,,,,,1,Clear,0,No,0000000,Not Applicable,16,4:00pm-4:59pm,49,49,17,5:00pm-5:59pm,0,0,88,"Not Applicable (Not Transported) ",88,Not Applicable (Not Transported),,,,,,,1,
2023,27,270123,Minnesota,1,1,0,0,0,1,1,55,HOUSTON (55),0,NOT APPLICABLE,20,20,6,June,2023,3,Tuesday,5,5:00am-5:59am,35,35,0,This Section IS NOT on the NHS,1,Rural,5,Major Collector,2,County Highway Agency,4,County,CR-4,,108,108,43.63818611,43.63818611,-91.679852780,-91.67985278,0,No Special Jurisdiction,1,Rollover/Overturn,0,The First Harmful Event was Not a Collision with a Motor Vehicle in Transport,0,No,1,Non-Junction,1,Not an Intersection,0,None,,,4,On Roadside,4,Dawn,,,,,5,"Fog, Smog, Smoke",0,No,0000000,Not Applicable,5,5:00am-5:59am,40,40,5,5:00am-5:59am,52,52,88,"Not Applicable (Not Transported) ",88,Not Applicable (Not Transported),,,,,,,1,