caseyear,state,st_case,statename,ve_total,ve_forms,pvh_invl,peds,pernotmvit,permvit,persons,county,countyname,city,cityname,day,dayname,month,monthname,year,day_week,day_weekname,hour,hourname,minute,minutename,nhs,nhsname,rur_urb,rur_urbname,func_sys,func_sysname,rd_owner,rd_ownername,route,routename,tway_id,tway_id2,milept,mileptname,latitude,latitudename,longitud,longitudname,sp_jur,sp_jurname,harm_ev,harm_evname,man_coll,man_collname,reljct1,reljct1name,reljct2,reljct2name,typ_int,typ_intname,wrk_zone,wrk_zonename,road_fnc,road_fncname,rel_road,rel_roadname,lgt_cond,lgt_condname,weather1,weather1name,weather2,weather2name,weather,weathername,sch_bus,sch_busname,rail,railname,not_hour,not_hourname,not_min,not_minname,arr_hour,arr_hourname,arr_min,arr_minname,hosp_hr,hosp_hrname,hosp_mn,hosp_mnname,cf1,cf1name,cf2,cf2name,cf3,cf3name,fatals,drunk_dr
2023,27,270124,Minnesota,2,2,0,0,0,2,2,137,ST LOUIS (137),1900,DULUTH,12,12,6,June,2023,2,Monday,8,8:00am-8:59am,23,23,0,This Section IS NOT on the NHS,2,Urban,4,Minor Arterial,4,City or Municipal Highway Agency,6,Municipal,MU-160 W ARROWHEAD RD,,3,3,46.82207222,46.82207222,-92.125716670,-92.12571667,0,No Special Jurisdiction,12,Motor Vehicle In-Transport,7,Sideswipe - Same Direction,0,No,1,Non-Junction,1,Not an Intersection,0,None,,,1,On Roadway,1,Daylight,,,,,1,Clear,0,No,0000000,Not Applicable,8,8:00am-8:59am,23,23,8,8:00am-8:59am,29,29,88,"Not Applicable (Not Transported) ",88,Not Applicable (Not Transported),,,,,,,1,
2023,27,270125,Minnesota,2,2,0,0,0,3,3,141,SHERBURNE (141),1290,CLEAR LAKE,18,18,6,June,2023,1,Sunday,11,11:00am-11:59am,30,30,1,This Section IS ON the NHS,1,Rural,3,Other Principal Arterial,1,State Highway Agency,2,U.S. Highway,US-10,CR-6 CENTER ST,1905,1905,45.44671111,45.44671111,-93.996102780,-93.99610278,0,No Special Jurisdiction,12,Motor Vehicle In-Transport,6,Angle,0,No,2,Intersection,2,Four-Way Intersection,0,None,,,1,On Roadway,1,Daylight,,,,,1,Clear,0,No,0000000,Not Applicable,99,Unknown,99,Unknown,99,Unknown EMS Scene Arrival Hour,99,Unknown EMS Scene Arrival Minutes,99,Unknown,99,Unknown EMS Hospital Arrival Time,,,,,,,1,
2023,27,270126,Minnesota,2,2,0,0,0,2,2,53,HENNEPIN (53),821,BROOKLYN PARK,25,25,6,June,2023,1,Sunday,17,5:00pm-5:59pm,25,25,0,This Section IS NOT on the NHS,2,Urban,4,Minor Arterial,2,County Highway Agency,4,County,CR-109 85TH AVE N,QUEEN AVE N,74,74,45.10871667,45.10871667,-93.311483330,-93.31148333,0,No Special Jurisdiction,12,Motor Vehicle In-Transport,6,Angle,0,No,2,Intersection,2,Four-Way Intersection,0,None,,,1,On Roadway,1,Daylight,,,,,10,Cloudy,0,No,0000000,Not Applicable,17,5:00pm-5:59pm,25,25,17,5:00pm-5:59pm,35,35,18,6:00pm-6:59pm,50,50,,,,,,,1,
2023,27,270127,Minnesota,2,2,0,1,1,2,2,5,BECKER (5),0,NOT APPLICABLE,18,18,6,June,2023,1,Sunday,4,4:00am-4:59am,5,5,0,This Section IS NOT on the NHS,1,Rural,5,Major Collector,2,County Highway Agency,4,County,CR-4,,44,44,46.74188333,46.74188333,-96.097708330,-96.09770833,0,No Special Jurisdiction,8,Pedestrian,0,The First Harmful Event was Not a Collision with a Motor Vehicle in Transport,0,No,1,Non-Junction,1,Not an Intersection,0,None,,,1,On Roadway,2,Dark - Not Lighted,,,,,2,Rain,0,No,0000000,Not Applicable,4,4:00am-4:59am,10,10,4,4:00am-4:59am,15,15,88,"Not Applicable (Not Transported) ",88,Not Applicable (Not Transported),,,,,,,1,
2023,27,270128,Minnesota,1,1,0,0,0,1,1,123,RAMSEY (123),4205,LITTLE CANADA,28,28,6,June,2023,4,Wednesday,11,11:00am-11:59am,30,30,1,This Section IS ON the NHS,2,Urban,1,Interstate,1,State Highway Agency,1,Interstate,I-35E,,1134,1134,45.03484444,45.03484444,-93.087047220,-93.08704722,0,No Special Jurisdiction,21,Bridge Pier or Support,0,The First Harmful Event was Not a Collision with a Motor Vehicle in Transport,1,Yes,19,Other location within Interchange Area,1,Not an Intersection,0,None,,,4,On Roadside,1,Daylight,,,,,10,Cloudy,0,No,0000000,Not Applicable,11,11:00am-11:59am,30,30,11,11:00am-11:59am,36,36,88,"Not Applicable (Not Transported) ",88,Not Applicable (Not Transported),,,,,,,1,
2023,27,270129,Minnesota,1,1,0,0,0,1,1,131,RICE (131),0,NOT APPLICABLE,13,13,6,June,2023,3,Tuesday,17,5:00pm-5:59pm,20,20,0,This Section IS NOT on the NHS,1,Rural,5,Major Collector,2,County Highway Agency,4,County,CR-15 250TH ST W,,7,7,44.22534167,44.22534167,-93.430594440,-93.43059444,0,No Special Jurisdiction,17,Boulder,0,The First Harmful Event was Not a Collision with a Motor Vehicle in Transport,0,No,1,Non-Junction,1,Not an Intersection,0,None,,,4,On Roadside,1,Daylight,,,,,1,Clear,0,No,0000000,Not Applicable,17,5:00pm-5:59pm,20,20,17,5:00pm-5:59pm,30,30,18,6:00pm-6:59pm,10,10,,,,,,,1,
2023,27,270130,Minnesota,2,2,0,0,0,2,2,27,CLAY (27),0,NOT APPLICABLE,28,28,6,June,2023,4,Wednesday,15,3:00pm-3:59pm,55,55,0,This Section IS NOT on the NHS,1,Rural,5,Major Collector,2,County Highway Agency,4,County,CR-26 90TH AVE N,CR-11 70TH ST N,89,89,46.97710833,46.97710833,-96.647536110,-96.64753611,0,No Special Jurisdiction,12,Motor Vehicle In-Transport,6,Angle,0,No,2,Intersection,2,Four-Way Intersection,0,None,,,1,On Roadway,1,Daylight,,,,,1,Clear,0,No,0000000,Not Applicable,15,3:00pm-3:59pm,58,58,16,4:00pm-4:59pm,15,15,88,"Not Applicable (Not Transported) ",88,Not Applicable (Not Transported),,,,,,,1,
2023,27,270131,Minnesota,2,2,0,0,0,3,3,131,RICE (131),5270,NORTHFIELD,30,30,6,June,2023,6,Friday,10,10:00am-10:59am,28,28,1,This Section IS ON the NHS,2,Urban,3,Other Principal Arterial,1,State Highway Agency,3,State Highway,"SR-19 ",,1754,1754,44.45674444,44.45674444,-93.187252780,-93.18725278,0,No Special Jurisdiction,12,Motor Vehicle In-Transport,2,Front-to-Front,0,No,1,Non-Junction,1,Not an Intersection,0,None,,,1,On Roadway,1,Daylight,,,,,1,Clear,0,No,0000000,Not Applicable,10,10:00am-10:59am,28,28,10,10:00am-10:59am,33,33,10,10:00am-10:59am,50,50,,,,,,,1,
2023,27,270132,Minnesota,2,2,0,0,0,3,3,171,WRIGHT (171),0,NOT APPLICABLE,1,1,7,July,2023,7,Saturday,15,3:00pm-3:59pm,21,21,0,This Section IS NOT on the NHS,1,Rural,5,Major Collector,2,County Highway Agency,4,County,CR-18 JASON AVE NE,,42,42,45.25374722,45.25374722,-93.714027780,-93.71402778,0,No Special Jurisdiction,12,Motor Vehicle In-Transport,6,Angle,0,No,8,Driveway Access Related,1,Not an Intersection,0,None,,,1,On Roadway,1,Daylight,,,,,1,Clear,0,No,0000000,Not Applicable,15,3:00pm-3:59pm,23,23,15,3:00pm-3:59pm,33,33,88,"Not Applicable (Not Transported) ",88,Not Applicable (Not Transported),,,,,,,1,
2023,27,270133,Minnesota,1,1,0,0,0,2,2,43,FARIBAULT (43),0,NOT APPLICABLE,2,2,7,July,2023,1,Sunday,4,4:00am-4:59am,49,49,0,This Section IS NOT on the NHS,1,Rural,4,Minor Arterial,2,County Highway Agency,4,County,CR-16 110TH ST,CR-5 345TH AVE,36,36,43.64486667,43.64486667,-94.177791670,-94.17779167,0,No Special Jurisdiction,1,Rollover/Overturn,0,The First Harmful Event was Not a Collision with a Motor Vehicle in Transport,0,No,3,Intersection-Related,3,T-Intersection,0,None,,,4,On Roadside,2,Dark - Not Lighted,,,,,1,Clear,0,No,0000000,Not Applicable,4,4:00am-4:59am,49,49,5,5:00am-5:59am,0,0,5,5:00am-5:59am,40,40,,,,,,,1,
2023,27,270134,Minnesota,1,1,0,0,0,1,1,43,FARIBAULT (43),0,NOT APPLICABLE,28,28,6,June,2023,4,Wednesday,12,12:00pm-12:59pm,55,55,1,This Section IS ON the NHS,1,Rural,1,Interstate,1,State Highway Agency,1,Interstate,I-90,,1266,1266,43.65156389,43.65156389,-93.964894440,-93.96489444,0,No Special Jurisdiction,1,Rollover/Overturn,0,The First Harmful Event was Not a Collision with a Motor Vehicle in Transport,0,No,1,Non-Junction,1,Not an Intersection,1,Construction,,,4,On Roadside,1,Daylight,,,,,1,Clear,0,No,0000000,Not Applicable,12,12:00pm-12:59pm,57,57,13,1:00pm-1:59pm,11,11,88,"Not Applicable (Not Transported) ",88,Not Applicable (Not Transported),,,,,,,1,
2023,27,270135,Minnesota,2,2,0,0,0,2,2,141,SHERBURNE (141),0,NOT APPLICABLE,3,3,7,July,2023,2,Monday,9,9:00am-9:59am,47,47,0,This Section IS NOT on the NHS,1,Rural,5,Major Collector,2,County Highway Agency,4,County,CR-11 165TH AVE SE,CR-16 57TH ST,128,128,45.48643889,45.48643889,-93.820330560,-93.82033056,0,No Special Jurisdiction,12,Motor Vehicle In-Transport,6,Angle,0,No,2,Intersection,2,Four-Way Intersection,0,None,,,1,On Roadway,1,Daylight,,,,,1,Clear,0,No,0000000,Not Applicable,9,9:00am-9:59am,47,47,9,9:00am-9:59am,53,53,10,10:00am-10:59am,15,15,,,,,,,1,
2023,27,270136,Minnesota,1,1,0,0,0,1,1,123,RAMSEY (123),6330,ST. PAUL,4,4,7,July,2023,3,Tuesday,22,10:00pm-10:59pm,57,57,0,This Section IS NOT on the NHS,2,Urban,4,Minor Arterial,4,City or Municipal Highway Agency,6,Municipal,MU-158 KELLOG BLVD,MARKET ST,9,9,44.94349722,44.94349722,-93.096072220,-93.09607222,0,No Special Jurisdiction,25,Concrete Traffic Barrier,0,The First Harmful Event was Not a Collision with a Motor Vehicle in Transport,0,No,3,Intersection-Related,3,T-Intersection,0,None,,,4,On Roadside,1,Daylight,,,,,1,Clear,0,No,0000000,Not Applicable,22,10:00pm-10:59pm,58,58,22,10:00pm-10:59pm,59,59,88,"Not Applicable (Not Transported) ",88,Not Applicable (Not Transported),,,,,,,1,
2023,27,270137,Minnesota,2,2,0,0,0,3,3,137,ST LOUIS (137),0,NOT APPLICABLE,6,6,7,July,2023,5,Thursday,18,6:00pm-6:59pm,0,0,0,This Section IS NOT on the NHS,2,Urban,4,Minor Arterial,2,County Highway Agency,4,County,CR-4 RICE LAKE RD,,168,168,47.02123611,47.02123611,-92.145616670,-92.14561667,0,No Special Jurisdiction,12,Motor Vehicle In-Transport,2,Front-to-Front,0,No,8,Driveway Access Related,1,Not an Intersection,0,None,,,1,On Roadway,1,Daylight,,,,,1,Clear,0,No,0000000,Not Applicable,18,6:00pm-6:59pm,5,5,18,6:00pm-6:59pm,10,10,19,7:00pm-7:59pm,45,45,,,,,,,1,
2023,27,270138,Minnesota,2,2,0,0,0,3,3,137,ST LOUIS (137),3255,HERMANTOWN,3,3,7,July,2023,2,Monday,14,2:00pm-2:59pm,21,21,0,This Section IS NOT on the NHS,2,Urban,5,Major Collector,2,County Highway Agency,4,County,CR-48 LAVAQUE BYPASS RD,,85,85,46.84287500,46.84287500,-92.236908330,-92.23690833,0,No Special Jurisdiction,12,Motor Vehicle In-Transport,6,Angle,0,No,1,Non-Junction,1,Not an Intersection,0,None,,,1,On Roadway,1,Daylight,,,,,2,Rain,0,No,0000000,Not Applicable,14,2:00pm-2:59pm,21,21,14,2:00pm-2:59pm,33,33,15,3:00pm-3:59pm,0,0,,,,,,,1,
2023,27,270139,Minnesota,1,1,0,0,0,1,1,97,MORRISON (97),0,NOT APPLICABLE,23,23,6,June,2023,6,Friday,9,9:00am-9:59am,56,56,0,This Section IS NOT on the NHS,1,Rural,5,Major Collector,2,County Highway Agency,4,County,CR-47 213TH ST,,30,30,46.06997778,46.06997778,-94.262313890,-94.26231389,0,No Special Jurisdiction,1,Rollover/Overturn,0,The First Harmful Event was Not a Collision with a Motor Vehicle in Transport,0,No,1,Non-Junction,1,Not an Intersection,0,None,,,1,On Roadway,1,Daylight,,,,,1,Clear,0,No,0000000,Not Applicable,9,9:00am-9:59am,56,56,10,10:00am-10:59am,6,6,10,10:00am-10:59am,30,30,,,,,,,1,
2023,27,270140,Minnesota,2,2,0,0,0,5,5,97,MORRISON (97),0,NOT APPLICABLE,25,25,6,June,2023,1,Sunday,13,1:00pm-1:59pm,26,26,1,This Section IS ON the NHS,1,Rural,3,Other Principal Arterial,1,State Highway Agency,2,U.S. Highway,US-10,,1308,1308,46.13905833,46.13905833,-94.581188890,-94.58118889,0,No Special Jurisdiction,12,Motor Vehicle In-Transport,1,Front-to-Rear,0,No,1,Non-Junction,1,Not an Intersection,0,None,,,1,On Roadway,1,Daylight,,,,,10,Cloudy,0,No,0000000,Not Applicable,13,1:00pm-1:59pm,26,26,13,1:00pm-1:59pm,41,41,14,2:00pm-2:59pm,4,4,,,,,,,1,
2023,27,270141,Minnesota,2,2,0,0,0,3,3,37,DAKOTA (37),0,NOT APPLICABLE,7,7,7,July,2023,6,Friday,6,6:00am-6:59am,40,40,0,This Section IS NOT on the NHS,1,Rural,4,Minor Arterial,2,County Highway Agency,4,County,CR-47 NORTHFIELD BOULEVARD,CR-85 GOODWIN AVE,152,152,44.64994167,44.64994167,-92.954230560,-92.95423056,0,No Special Jurisdiction,12,Motor Vehicle In-Transport,6,Angle,0,No,2,Intersection,2,Four-Way Intersection,0,None,,,1,On Roadway,1,Daylight,,,,,10,Cloudy,0,No,0000000,Not Applicable,6,6:00am-6:59am,45,45,7,7:00am-7:59am,0,0,7,7:00am-7:59am,30,30,,,,,,,1,
2023,27,270142,Minnesota,1,1,0,1,1,1,1,53,HENNEPIN (53),5113,NEW HOPE,7,7,7,July,2023,6,Friday,12,12:00pm-12:59pm,59,59,0,This Section IS NOT on the NHS,2,Urban,4,Minor Arterial,2,County Highway Agency,4,County,CR-156 WINNETKA AVE N,,35,35,45.03495556,45.03495556,-93.380325000,-93.38032500,0,No Special Jurisdiction,8,Pedestrian,0,The First Harmful Event was Not a Collision with a Motor Vehicle in Transport,0,No,1,Non-Junction,1,Not an Intersection,0,None,,,1,On Roadway,1,Daylight,,,,,10,Cloudy,0,No,0000000,Not Applicable,13,1:00pm-1:59pm,3,3,13,1:00pm-1:59pm,4,4,88,"Not Applicable (Not Transported) ",88,Not Applicable (Not Transported),,,,,,,1,
2023,27,270143,Minnesota,5,2,3,0,1,3,4,53,HENNEPIN (53),5950,ROBBINSDALE,8,8,7,July,2023,7,Saturday,20,8:00pm-8:59pm,18,18,0,This Section IS NOT on the NHS,2,Urban,7,Local,4,City or Municipal Highway Agency,6,Municipal,MU-313 36TH AVE N,MU-128 ORCHARD AVE N,20,20,45.02056111,45.02056111,-93.340122220,-93.34012222,0,No Special Jurisdiction,12,Motor Vehicle In-Transport,6,Angle,0,No,2,Intersection,2,Four-Way Intersection,0,None,,,1,On Roadway,1,Daylight,,,,,1,Clear,0,No,0000000,Not Applicable,20,8:00pm-8:59pm,18,18,20,8:00pm-8:59pm,25,25,21,9:00pm-9:59pm,0,0,,,,,,,1,
2023,27,270144,Minnesota,1,1,0,0,0,4,4,15,BROWN (15),0,NOT APPLICABLE,9,9,7,July,2023,1,Sunday,2,2:00am-2:59am,25,25,0,This Section IS NOT on the NHS,1,Rural,6,Minor Collector,2,County Highway Agency,4,County,CR-22,,83,83,44.19591944,44.19591944,-94.635513890,-94.63551389,0,No Special Jurisdiction,30,Utility Pole/Light Support,0,The First Harmful Event was Not a Collision with a Motor Vehicle in Transport,0,No,1,Non-Junction,1,Not an Intersection,0,None,,,4,On Roadside,2,Dark - Not Lighted,,,,,1,Clear,0,No,0000000,Not Applicable,2,2:00am-2:59am,55,55,2,2:00am-2:59am,55,55,3,3:00am-3:59am,25,25,,,,,,,1,
2023,27,270145,Minnesota,1,1,0,1,1,1,1,5,BECKER (5),1810,DETROIT LAKES,9,9,7,July,2023,1,Sunday,7,7:00am-7:59am,6,6,0,This Section IS NOT on the NHS,2,Urban,6,Minor Collector,4,City or Municipal Highway Agency,6,Municipal,MU-S SHORE DR,,32,32,46.77191944,46.77191944,-95.810169440,-95.81016944,0,No Special Jurisdiction,9,Pedalcyclist,0,The First Harmful Event was Not a Collision with a Motor Vehicle in Transport,0,No,1,Non-Junction,1,Not an Intersection,0,None,,,1,On Roadway,1,Daylight,,,,,1,Clear,0,No,0000000,Not Applicable,7,7:00am-7:59am,7,7,7,7:00am-7:59am,16,16,8,8:00am-8:59am,14,14,,,,,,,1,
2023,27,270146,Minnesota,2,2,0,0,0,2,2,49,GOODHUE (49),0,NOT APPLICABLE,11,11,7,July,2023,3,Tuesday,10,10:00am-10:59am,44,44,0,This Section IS NOT on the NHS,1,Rural,5,Major Collector,2,County Highway Agency,4,County,CR-1,,305,305,44.49574722,44.49574722,-92.615008330,-92.61500833,0,No Special Jurisdiction,12,Motor Vehicle In-Transport,1,Front-to-Rear,0,No,1,Non-Junction,1,Not an Intersection,0,None,,,1,On Roadway,1,Daylight,,,,,1,Clear,0,No,0000000,Not Applicable,10,10:00am-10:59am,44,44,10,10:00am-10:59am,52,52,88,"Not Applicable (Not Transported) ",88,Not Applicable (Not Transported),,,,,,,1,
2023,27,270147,Minnesota,1,1,0,1,1,1,1,123,RAMSEY (123),6330,ST. PAUL,11,11,7,July,2023,3,Tuesday,21,9:00pm-9:59pm,46,46,0,This Section IS NOT on the NHS,2,Urban,5,Major Collector,4,City or Municipal Highway Agency,6,Municipal,MU-W CONCORDIA AVE,,15,15,44.95131111,44.95131111,-93.126102780,-93.12610278,0,No Special Jurisdiction,8,Pedestrian,0,The First Harmful Event was Not a Collision with a Motor Vehicle in Transport,1,Yes,18,Through Roadway,1,Not an Intersection,0,None,,,1,On Roadway,3,Dark - Lighted,,,,,10,Cloudy,0,No,0000000,Not Applicable,21,9:00pm-9:59pm,46,46,21,9:00pm-9:59pm,56,56,88,"Not Applicable (Not Transported) ",88,Not Applicable (Not Transported),,,,,,,1,
2023,27,270148,Minnesota,1,1,0,0,0,1,1,53,HENNEPIN (53),5990,ROGERS,12,12,7,July,2023,4,Wednesday,12,12:00pm-12:59pm,12,12,1,This Section IS ON the NHS,2,Urban,1,Interstate,1,State Highway Agency,1,Interstate,I-94,,2076,2076,45.20067778,45.20067778,-93.566433330,-93.56643333,0,No Special Jurisdiction,1,Rollover/Overturn,0,The First Harmful Event was Not a Collision with a Motor Vehicle in Transport,0,No,1,Non-Junction,1,Not an Intersection,0,None,,,3,On Median,1,Daylight,,,,,1,Clear,0,No,0000000,Not Applicable,12,12:00pm-12:59pm,13,13,12,12:00pm-12:59pm,22,22,88,"Not Applicable (Not Transported) ",88,Not Applicable (Not Transported),,,,,,,1,
2023,27,270149,Minnesota,2,2,0,0,0,2,2,161,WASECA (161),0,NOT APPLICABLE,21,21,6,June,2023,4,Wednesday,11,11:00am-11:59am,7,7,0,This Section IS NOT on the NHS,1,Rural,4,Minor Arterial,1,State Highway Agency,3,State Highway,SR-13 140TH ST,,173,173,43.85944167,43.85944167,-93.485741670,-93.48574167,0,No Special Jurisdiction,12,Motor Vehicle In-Transport,2,Front-to-Front,0,No,1,Non-Junction,1,Not an Intersection,0,None,,,2,On Shoulder,1,Daylight,,,,,1,Clear,0,No,0000000,Not Applicable,11,11:00am-11:59am,7,7,11,11:00am-11:59am,16,16,99,Unknown,99,Unknown EMS Hospital Arrival Time,,,,,,,1,
2023,27,270150,Minnesota,1,1,0,2,2,1,1,3,ANOKA (3),1440,COLUMBIA HTS,13,13,7,July,2023,5,Thursday,22,10:00pm-10:59pm,36,36,0,This Section IS NOT on the NHS,2,Urban,4,Minor Arterial,1,State Highway Agency,3,State Highway,SR-65 CENTRAL AVE NE,,44,44,45.03896944,45.03896944,-93.247405560,-93.24740556,0,No Special Jurisdiction,8,Pedestrian,0,The First Harmful Event was Not a Collision with a Motor Vehicle in Transport,0,No,1,Non-Junction,1,Not an Intersection,0,None,,,4,On Roadside,3,Dark - Lighted,,,,,10,Cloudy,0,No,0000000,Not Applicable,22,10:00pm-10:59pm,36,36,22,10:00pm-10:59pm,36,36,23,11:00pm-11:59pm,20,20,,,,,,,1,
2023,27,270151,Minnesota,3,3,0,0,0,5,5,37,DAKOTA (37),1945,EAGAN,15,15,7,July,2023,7,Saturday,0,0:00am-0:59am,10,10,1,This Section IS ON the NHS,2,Urban,1,Interstate,1,State Highway Agency,1,Interstate,I-35E,,941,941,44.79406389,44.79406389,-93.198780560,-93.19878056,0,No Special Jurisdiction,12,Motor Vehicle In-Transport,2,Front-to-Front,0,No,1,Non-Junction,1,Not an Intersection,0,None,,,1,On Roadway,3,Dark - Lighted,,,,,1,Clear,0,No,0000000,Not Applicable,0,0:00am-0:59am,12,12,0,0:00am-0:59am,26,26,1,1:00am-1:59am,16,16,,,,,,,1,
2023,27,270152,Minnesota,1,1,0,0,0,2,2,171,WRIGHT (171),0,NOT APPLICABLE,15,15,7,July,2023,7,Saturday,1,1:00am-1:59am,30,30,0,This Section IS NOT on the NHS,1,Rural,7,Local,3,Town or Township Highway Agency,5,Township,TS-419 KRAMMER AVE NW,,13,13,45.31003611,45.31003611,-94.106025000,-94.10602500,0,No Special Jurisdiction,5,Fell/Jumped from Vehicle,0,The First Harmful Event was Not a Collision with a Motor Vehicle in Transport,0,No,1,Non-Junction,1,Not an Intersection,0,None,,,1,On Roadway,3,Dark - Lighted,,,,,1,Clear,0,No,0000000,Not Applicable,1,1:00am-1:59am,35,35,1,1:00am-1:59am,55,55,88,"Not Applicable (Not Transported) ",88,Not Applicable (Not Transported),,,,,,,1,
2023,27,270153,Minnesota,2,2,0,0,0,2,2,53,HENNEPIN (53),675,BLOOMINGTON,26,26,4,April,2023,4,Wednesday,15,3:00pm-3:59pm,42,42,0,This Section IS NOT on the NHS,2,Urban,4,Minor Arterial,2,County Highway Agency,4,County,CR-17 FRANCE AVE S,"W 102 ST ",6,6,44.81929444,44.81929444,-93.329533330,-93.32953333,0,No Special Jurisdiction,12,Motor Vehicle In-Transport,6,Angle,0,No,2,Intersection,2,Four-Way Intersection,0,None,,,1,On Roadway,1,Daylight,,,,,1,Clear,0,No,0000000,Not Applicable,15,3:00pm-3:59pm,42,42,15,3:00pm-3:59pm,48,48,16,4:00pm-4:59pm,20,20,,,,,,,1,
2023,27,270154,Minnesota,1,1,0,0,0,1,1,47,FREEBORN (47),0,NOT APPLICABLE,28,28,6,June,2023,4,Wednesday,9,9:00am-9:59am,18,18,1,This Section IS ON the NHS,2,Urban,1,Interstate,1,State Highway Agency,1,Interstate,I-90,,1571,1571,43.69038056,43.69038056,-93.372880560,-93.37288056,0,No Special Jurisdiction,35,Embankment,0,The First Harmful Event was Not a Collision with a Motor Vehicle in Transport,0,No,1,Non-Junction,1,Not an Intersection,0,None,,,4,On Roadside,1,Daylight,,,,,1,Clear,0,No,0000000,Not Applicable,9,9:00am-9:59am,18,18,9,9:00am-9:59am,34,34,88,"Not Applicable (Not Transported) ",88,Not Applicable (Not Transported),,,,,,,1,
2023,27,270155,Minnesota,2,2,0,0,0,6,6,157,WABASHA (157),3890,LAKE CITY,14,14,7,July,2023,6,Friday,11,11:00am-11:59am,47,47,0,This Section IS NOT on the NHS,2,Urban,4,Minor Arterial,1,State Highway Agency,2,U.S. Highway,US-63 FIRST LUTHERAN DR,,779,779,44.43709167,44.43709167,-92.281883330,-92.28188333,0,No Special Jurisdiction,11,Live Animal,0,The First Harmful Event was Not a Collision with a Motor Vehicle in Transport,0,No,1,Non-Junction,1,Not an Intersection,0,None,,,1,On Roadway,1,Daylight,,,,,1,Clear,0,No,0000000,Not Applicable,11,11:00am-11:59am,50,50,11,11:00am-11:59am,52,52,88,"Not Applicable (Not Transported) ",88,Not Applicable (Not Transported),,,,,,,1,
2023,27,270156,Minnesota,2,2,0,0,0,9,9,123,RAMSEY (123),6330,ST. PAUL,15,15,7,July,2023,7,Saturday,11,11:00am-11:59am,29,29,1,This Section IS ON the NHS,2,Urban,3,Other Principal Arterial,1,State Highway Agency,2,U.S. Highway,US-61,CR-35 BURNS AVE,1349,1349,44.94876111,44.94876111,-93.040786110,-93.04078611,0,No Special Jurisdiction,12,Motor Vehicle In-Transport,6,Angle,0,No,2,Intersection,2,Four-Way Intersection,1,Construction,,,1,On Roadway,1,Daylight,,,,,1,Clear,0,No,0000000,Not Applicable,11,11:00am-11:59am,29,29,11,11:00am-11:59am,33,33,11,11:00am-11:59am,53,53,,,,,,,1,
2023,27,270157,Minnesota,1,1,0,0,0,1,1,137,ST LOUIS (137),0,NOT APPLICABLE,17,17,7,July,2023,2,Monday,17,5:00pm-5:59pm,40,40,0,This Section IS NOT on the NHS,1,Rural,5,Major Collector,2,County Highway Agency,4,County,CR-88 CAMP EASTON RD,,45,45,47.92502500,47.92502500,-91.913152780,-91.91315278,0,No Special Jurisdiction,30,Utility Pole/Light Support,0,The First Harmful Event was Not a Collision with a Motor Vehicle in Transport,0,No,1,Non-Junction,1,Not an Intersection,0,None,,,4,On Roadside,1,Daylight,,,,,1,Clear,0,No,0000000,Not Applicable,17,5:00pm-5:59pm,42,42,17,5:00pm-5:59pm,50,50,88,"Not Applicable (Not Transported) ",88,Not Applicable (Not Transported),,,,,,,1,
2023,27,270158,Minnesota,2,2,0,0,0,2,2,9,BENTON (9),5900,RICE,7,7,7,July,2023,6,Friday,22,10:00pm-10:59pm,15,15,0,This Section IS NOT on the NHS,1,Rural,4,Minor Arterial,2,County Highway Agency,4,County,CR-2 BENTON BEACH RD,,29,29,45.74994444,45.74994444,-94.209886110,-94.20988611,0,No Special Jurisdiction,12,Motor Vehicle In-Transport,2,Front-to-Front,0,No,1,Non-Junction,1,Not an Intersection,0,None,,,1,On Roadway,3,Dark - Lighted,,,,,10,Cloudy,0,No,0000000,Not Applicable,22,10:00pm-10:59pm,20,20,22,10:00pm-10:59pm,35,35,23,11:00pm-11:59pm,30,30,,,,,,,1,
2023,27,270159,Minnesota,2,2,0,0,0,2,2,131,RICE (131),5270,NORTHFIELD,20,20,4,April,2023,5,Thursday,10,10:00am-10:59am,30,30,0,This Section IS NOT on the NHS,2,Urban,4,Minor Arterial,4,City or Municipal Highway Agency,6,Municipal,MU-117 JEFFERSON PKWY,SERVICE RD,1,1,44.44563056,44.44563056,-93.173888890,-93.17388889,0,No Special Jurisdiction,12,Motor Vehicle In-Transport,6,Angle,0,No,3,Intersection-Related,3,T-Intersection,0,None,,,1,On Roadway,1,Daylight,,,,,2,Rain,0,No,0000000,Not Applicable,10,10:00am-10:59am,30,30,10,10:00am-10:59am,40,40,10,10:00am-10:59am,55,55,,,,,,,1,
2023,27,270160,Minnesota,1,1,0,0,0,2,2,115,PINE (115),0,NOT APPLICABLE,13,13,5,May,2023,7,Saturday,21,9:00pm-9:59pm,10,10,0,This Section IS NOT on the NHS,1,Rural,5,Major Collector,2,County Highway Agency,4,County,CR-46  LAKELAND RD,,149,149,46.36265556,46.36265556,-92.767169440,-92.76716944,0,No Special Jurisdiction,42,Tree (Standing Only),0,The First Harmful Event was Not a Collision with a Motor Vehicle in Transport,0,No,1,Non-Junction,1,Not an Intersection,0,None,,,5,Outside Trafficway,2,Dark - Not Lighted,,,,,1,Clear,0,No,0000000,Not Applicable,21,9:00pm-9:59pm,12,12,21,9:00pm-9:59pm,22,22,22,10:00pm-10:59pm,8,8,,,,,,,1,