caseyear,state,st_case,statename,ve_total,ve_forms,pvh_invl,peds,pernotmvit,permvit,persons,county,countyname,city,cityname,day,dayname,month,monthname,year,day_week,day_weekname,hour,hourname,minute,minutename,nhs,nhsname,rur_urb,rur_urbname,func_sys,func_sysname,rd_owner,rd_ownername,route,routename,tway_id,tway_id2,milept,mileptname,latitude,latitudename,longitud,longitudname,sp_jur,sp_jurname,harm_ev,harm_evname,man_coll,man_collname,reljct1,reljct1name,reljct2,reljct2name,typ_int,typ_intname,wrk_zone,wrk_zonename,road_fnc,road_fncname,rel_road,rel_roadname,lgt_cond,lgt_condname,weather1,weather1name,weather2,weather2name,weather,weathername,sch_bus,sch_busname,rail,railname,not_hour,not_hourname,not_min,not_minname,arr_hour,arr_hourname,arr_min,arr_minname,hosp_hr,hosp_hrname,hosp_mn,hosp_mnname,cf1,cf1name,cf2,cf2name,cf3,cf3name,fatals,drunk_dr
2023,27,270199,Minnesota,1,1,0,1,1,1,1,47,FREEBORN (47),90,ALBERT LEA,11,11,8,August,2023,6,Friday,17,5:00pm-5:59pm,13,13,0,This Section IS NOT on the NHS,2,Urban,5,Major Collector,2,County Highway Agency,4,County,CR-22 MARSHALL ST,"MU BRIDGE AVE ",1,1,43.65373889,43.65373889,-93.359475000,-93.35947500,0,No Special Jurisdiction,9,Pedalcyclist,0,The First Harmful Event was Not a Collision with a Motor Vehicle in Transport,0,No,2,Intersection,2,Four-Way Intersection,0,None,,,1,On Roadway,1,Daylight,,,,,10,Cloudy,0,No,0000000,Not Applicable,17,5:00pm-5:59pm,13,13,17,5:00pm-5:59pm,20,20,17,5:00pm-5:59pm,36,36,,,,,,,1,
2023,27,270200,Minnesota,1,1,0,0,0,1,1,85,MCLEOD (85),0,NOT APPLICABLE,12,12,8,August,2023,7,Saturday,18,6:00pm-6:59pm,44,44,0,This Section IS NOT on the NHS,1,Rural,5,Major Collector,2,County Highway Agency,4,County,"CR-7 ",,255,255,44.92586389,44.92586389,-94.329794440,-94.32979444,0,No Special Jurisdiction,1,Rollover/Overturn,0,The First Harmful Event was Not a Collision with a Motor Vehicle in Transport,0,No,1,Non-Junction,1,Not an Intersection,0,None,,,5,Outside Trafficway,1,Daylight,,,,,1,Clear,0,No,0000000,Not Applicable,18,6:00pm-6:59pm,44,44,18,6:00pm-6:59pm,51,51,88,"Not Applicable (Not Transported) ",88,Not Applicable (Not Transported),,,,,,,1,
2023,27,270201,Minnesota,2,2,0,0,0,2,2,131,RICE (131),0,NOT APPLICABLE,11,11,8,August,2023,6,Friday,12,12:00pm-12:59pm,22,22,1,This Section IS ON the NHS,1,Rural,1,Interstate,1,State Highway Agency,1,Interstate,I-35,,533,533,44.24455000,44.24455000,-93.282225000,-93.28222500,0,No Special Jurisdiction,12,Motor Vehicle In-Transport,1,Front-to-Rear,0,No,1,Non-Junction,1,Not an Intersection,1,Construction,,,1,On Roadway,1,Daylight,,,,,1,Clear,0,No,0000000,Not Applicable,12,12:00pm-12:59pm,22,22,0,0:00am-0:59am,0,0,88,"Not Applicable (Not Transported) ",88,Not Applicable (Not Transported),,,,,,,1,
2023,27,270203,Minnesota,3,3,0,0,0,3,3,3,ANOKA (3),3007,HAM LAKE,26,26,7,July,2023,4,Wednesday,13,1:00pm-1:59pm,30,30,1,This Section IS ON the NHS,2,Urban,3,Other Principal Arterial,1,State Highway Agency,3,State Highway,SR-65,CR-60 CONSTANCE,201,201,45.26560000,45.26560000,-93.234386110,-93.23438611,0,No Special Jurisdiction,12,Motor Vehicle In-Transport,1,Front-to-Rear,0,No,3,Intersection-Related,2,Four-Way Intersection,0,None,,,1,On Roadway,1,Daylight,,,,,1,Clear,0,No,0000000,Not Applicable,13,1:00pm-1:59pm,32,32,13,1:00pm-1:59pm,39,39,14,2:00pm-2:59pm,40,40,,,,,,,1,
2023,27,270204,Minnesota,1,1,0,0,0,1,1,61,ITASCA (61),0,NOT APPLICABLE,13,13,8,August,2023,1,Sunday,12,12:00pm-12:59pm,46,46,0,This Section IS NOT on the NHS,1,Rural,6,Minor Collector,2,County Highway Agency,4,County,CR-45,,118,118,47.60561944,47.60561944,-93.476244440,-93.47624444,0,No Special Jurisdiction,1,Rollover/Overturn,0,The First Harmful Event was Not a Collision with a Motor Vehicle in Transport,0,No,1,Non-Junction,1,Not an Intersection,0,None,,,2,On Shoulder,1,Daylight,,,,,1,Clear,0,No,0000000,Not Applicable,12,12:00pm-12:59pm,47,47,13,1:00pm-1:59pm,15,15,88,"Not Applicable (Not Transported) ",88,Not Applicable (Not Transported),,,,,,,1,
2023,27,270205,Minnesota,1,1,0,0,0,3,3,9,BENTON (9),0,NOT APPLICABLE,11,11,8,August,2023,6,Friday,3,3:00am-3:59am,29,29,1,This Section IS ON the NHS,2,Urban,3,Other Principal Arterial,1,State Highway Agency,2,U.S. Highway,US-USTH 10,,1700,1700,45.69799444,45.69799444,-94.170800000,-94.17080000,0,No Special Jurisdiction,35,Embankment,0,The First Harmful Event was Not a Collision with a Motor Vehicle in Transport,0,No,1,Non-Junction,1,Not an Intersection,0,None,,,3,On Median,2,Dark - Not Lighted,,,,,2,Rain,0,No,0000000,Not Applicable,3,3:00am-3:59am,43,43,4,4:00am-4:59am,8,8,99,Unknown,99,Unknown EMS Hospital Arrival Time,,,,,,,1,
2023,27,270206,Minnesota,2,2,0,0,0,2,2,47,FREEBORN (47),0,NOT APPLICABLE,16,16,8,August,2023,4,Wednesday,13,1:00pm-1:59pm,15,15,0,This Section IS NOT on the NHS,1,Rural,5,Major Collector,2,County Highway Agency,4,County,CR-10 660TH AVE,CR-33 310TH ST,33,33,43.80028333,43.80028333,-93.548247220,-93.54824722,0,No Special Jurisdiction,12,Motor Vehicle In-Transport,6,Angle,0,No,2,Intersection,2,Four-Way Intersection,0,None,,,1,On Roadway,1,Daylight,,,,,1,Clear,0,No,0000000,Not Applicable,13,1:00pm-1:59pm,22,22,13,1:00pm-1:59pm,27,27,14,2:00pm-2:59pm,0,0,,,,,,,1,
2023,27,270207,Minnesota,2,2,0,0,0,5,5,141,SHERBURNE (141),0,NOT APPLICABLE,18,18,8,August,2023,6,Friday,1,1:00am-1:59am,11,11,1,This Section IS ON the NHS,1,Rural,3,Other Principal Arterial,1,State Highway Agency,2,U.S. Highway,US-10,,1940,1940,45.42702778,45.42702778,-93.931033330,-93.93103333,0,No Special Jurisdiction,12,Motor Vehicle In-Transport,1,Front-to-Rear,0,No,1,Non-Junction,1,Not an Intersection,0,None,,,1,On Roadway,2,Dark - Not Lighted,,,,,1,Clear,0,No,0000000,Not Applicable,1,1:00am-1:59am,12,12,1,1:00am-1:59am,30,30,3,3:00am-3:59am,0,0,,,,,,,1,
2023,27,270208,Minnesota,1,1,0,0,0,1,1,163,WASHINGTON (163),5150,NEWPORT,18,18,8,August,2023,6,Friday,17,5:00pm-5:59pm,59,59,1,This Section IS ON the NHS,2,Urban,1,Interstate,1,State Highway Agency,1,Interstate,I-494 RAMP,,630,630,44.88392500,44.88392500,-93.002894440,-93.00289444,0,No Special Jurisdiction,42,Tree (Standing Only),0,The First Harmful Event was Not a Collision with a Motor Vehicle in Transport,1,Yes,5,Entrance/Exit Ramp Related,1,Not an Intersection,0,None,,,4,On Roadside,1,Daylight,,,,,1,Clear,0,No,0000000,Not Applicable,17,5:00pm-5:59pm,59,59,18,6:00pm-6:59pm,7,7,88,"Not Applicable (Not Transported) ",88,Not Applicable (Not Transported),,,,,,,1,
2023,27,270209,Minnesota,1,1,0,0,0,1,1,83,LYON (83),0,NOT APPLICABLE,20,20,8,August,2023,1,Sunday,16,4:00pm-4:59pm,29,29,0,This Section IS NOT on the NHS,1,Rural,6,Minor Collector,2,County Highway Agency,4,County,CR-20,,32,32,44.35551667,44.35551667,-95.851702780,-95.85170278,0,No Special Jurisdiction,1,Rollover/Overturn,0,The First Harmful Event was Not a Collision with a Motor Vehicle in Transport,0,No,1,Non-Junction,1,Not an Intersection,0,None,,,4,On Roadside,1,Daylight,,,,,1,Clear,0,No,0000000,Not Applicable,16,4:00pm-4:59pm,30,30,16,4:00pm-4:59pm,46,46,88,"Not Applicable (Not Transported) ",88,Not Applicable (Not Transported),,,,,,,1,
2023,27,270210,Minnesota,2,2,0,0,0,5,5,23,CHIPPEWA (23),0,NOT APPLICABLE,20,20,8,August,2023,1,Sunday,12,12:00pm-12:59pm,35,35,0,This Section IS NOT on the NHS,1,Rural,4,Minor Arterial,1,State Highway Agency,3,State Highway,SR-29 60TH ST NW,SR-29 1ST AVE N,183,183,45.10840556,45.10840556,-95.594591670,-95.59459167,0,No Special Jurisdiction,12,Motor Vehicle In-Transport,6,Angle,0,No,2,Intersection,2,Four-Way Intersection,0,None,,,1,On Roadway,1,Daylight,,,,,1,Clear,0,No,0000000,Not Applicable,12,12:00pm-12:59pm,35,35,12,12:00pm-12:59pm,53,53,13,1:00pm-1:59pm,35,35,,,,,,,1,
2023,27,270211,Minnesota,1,1,0,0,0,1,1,61,ITASCA (61),6840,TACONITE,20,20,8,August,2023,1,Sunday,17,5:00pm-5:59pm,21,21,1,This Section IS ON the NHS,1,Rural,3,Other Principal Arterial,1,State Highway Agency,2,U.S. Highway,US-169,CR-61,3104,3104,47.29997222,47.29997222,-93.382908330,-93.38290833,0,No Special Jurisdiction,5,Fell/Jumped from Vehicle,0,The First Harmful Event was Not a Collision with a Motor Vehicle in Transport,0,No,3,Intersection-Related,11,Other Intersection Type,0,None,,,4,On Roadside,1,Daylight,,,,,1,Clear,0,No,0000000,Not Applicable,17,5:00pm-5:59pm,22,22,17,5:00pm-5:59pm,32,32,88,"Not Applicable (Not Transported) ",88,Not Applicable (Not Transported),,,,,,,1,
2023,27,270213,Minnesota,2,2,0,0,0,3,3,141,SHERBURNE (141),460,BECKER,21,21,8,August,2023,2,Monday,13,1:00pm-1:59pm,9,9,1,This Section IS ON the NHS,1,Rural,3,Other Principal Arterial,1,State Highway Agency,2,U.S. Highway,US-10,MU-36 EDGEWOOD ST,1961,1961,45.40662500,45.40662500,-93.898697220,-93.89869722,0,No Special Jurisdiction,12,Motor Vehicle In-Transport,6,Angle,0,No,2,Intersection,2,Four-Way Intersection,0,None,,,1,On Roadway,1,Daylight,,,,,1,Clear,0,No,0000000,Not Applicable,13,1:00pm-1:59pm,9,9,13,1:00pm-1:59pm,15,15,14,2:00pm-2:59pm,0,0,,,,,,,2,
2023,27,270214,Minnesota,2,2,0,0,0,4,4,67,KANDIYOHI (67),0,NOT APPLICABLE,19,19,8,August,2023,7,Saturday,18,6:00pm-6:59pm,14,14,0,This Section IS NOT on the NHS,2,Urban,4,Minor Arterial,1,State Highway Agency,3,State Highway,SR-HIGHWAY 40,CR-,717,717,45.11036944,45.11036944,-95.104433330,-95.10443333,0,No Special Jurisdiction,12,Motor Vehicle In-Transport,6,Angle,0,No,2,Intersection,2,Four-Way Intersection,0,None,,,1,On Roadway,1,Daylight,,,,,1,Clear,0,No,0000000,Not Applicable,18,6:00pm-6:59pm,14,14,18,6:00pm-6:59pm,24,24,18,6:00pm-6:59pm,47,47,,,,,,,1,
2023,27,270215,Minnesota,1,1,0,1,1,1,1,53,HENNEPIN (53),4495,MAPLE GROVE,24,24,8,August,2023,5,Thursday,5,5:00am-5:59am,15,15,1,This Section IS ON the NHS,2,Urban,1,Interstate,1,State Highway Agency,1,Interstate,I-94 RAMP,,2166,2166,45.10358056,45.10358056,-93.458058330,-93.45805833,0,No Special Jurisdiction,8,Pedestrian,0,The First Harmful Event was Not a Collision with a Motor Vehicle in Transport,1,Yes,20,Entrance/Exit Ramp,1,Not an Intersection,0,None,,,1,On Roadway,3,Dark - Lighted,,,,,1,Clear,0,No,0000000,Not Applicable,5,5:00am-5:59am,15,15,5,5:00am-5:59am,24,24,88,"Not Applicable (Not Transported) ",88,Not Applicable (Not Transported),,,,,,,1,
2023,27,270216,Minnesota,1,1,0,0,0,1,1,7,BELTRAMI (7),530,BEMIDJI,22,22,8,August,2023,3,Tuesday,23,11:00pm-11:59pm,23,23,0,This Section IS NOT on the NHS,2,Urban,5,Major Collector,2,County Highway Agency,4,County,CR-11 JEFFERSON AVE SW,5TH STREET NW,51,51,47.46835556,47.46835556,-94.906922220,-94.90692222,0,No Special Jurisdiction,59,"Traffic Sign Support ",0,The First Harmful Event was Not a Collision with a Motor Vehicle in Transport,0,No,3,Intersection-Related,6,Roundabout,0,None,,,4,On Roadside,3,Dark - Lighted,,,,,5,"Fog, Smog, Smoke",0,No,0000000,Not Applicable,23,11:00pm-11:59pm,23,23,23,11:00pm-11:59pm,30,30,23,11:00pm-11:59pm,52,52,,,,,,,1,
2023,27,270217,Minnesota,1,1,0,0,0,1,1,163,WASHINGTON (163),0,NOT APPLICABLE,24,24,8,August,2023,5,Thursday,11,11:00am-11:59am,1,1,0,This Section IS NOT on the NHS,2,Urban,5,Major Collector,2,County Highway Agency,4,County,CR-75 GREY CLOUD ISLAND DR,,14,14,44.81662778,44.81662778,-92.997644440,-92.99764444,0,No Special Jurisdiction,24,Guardrail Face,0,The First Harmful Event was Not a Collision with a Motor Vehicle in Transport,0,No,1,Non-Junction,1,Not an Intersection,0,None,,,4,On Roadside,1,Daylight,,,,,1,Clear,0,No,0000000,Not Applicable,11,11:00am-11:59am,1,1,11,11:00am-11:59am,6,6,88,"Not Applicable (Not Transported) ",88,Not Applicable (Not Transported),,,,,,,1,
2023,27,270218,Minnesota,1,1,0,0,0,2,2,141,SHERBURNE (141),0,NOT APPLICABLE,24,24,8,August,2023,5,Thursday,18,6:00pm-6:59pm,43,43,1,This Section IS ON the NHS,1,Rural,3,Other Principal Arterial,1,State Highway Agency,2,U.S. Highway,US-169,,1618,1618,45.39324167,45.39324167,-93.561655560,-93.56165556,0,No Special Jurisdiction,1,Rollover/Overturn,0,The First Harmful Event was Not a Collision with a Motor Vehicle in Transport,0,No,1,Non-Junction,1,Not an Intersection,0,None,,,4,On Roadside,1,Daylight,,,,,1,Clear,0,No,0000000,Not Applicable,18,6:00pm-6:59pm,44,44,18,6:00pm-6:59pm,52,52,20,8:00pm-8:59pm,0,0,,,,,,,1,
2023,27,270219,Minnesota,1,1,0,1,1,1,1,41,DOUGLAS (41),0,NOT APPLICABLE,24,24,8,August,2023,5,Thursday,22,10:00pm-10:59pm,14,14,1,This Section IS ON the NHS,2,Urban,1,Interstate,1,State Highway Agency,1,Interstate,I-94,,1043,1043,45.83776111,45.83776111,-95.366258330,-95.36625833,0,No Special Jurisdiction,8,Pedestrian,0,The First Harmful Event was Not a Collision with a Motor Vehicle in Transport,0,No,1,Non-Junction,1,Not an Intersection,0,None,,,1,On Roadway,2,Dark - Not Lighted,,,,,10,Cloudy,0,No,0000000,Not Applicable,22,10:00pm-10:59pm,21,21,22,10:00pm-10:59pm,36,36,88,"Not Applicable (Not Transported) ",88,Not Applicable (Not Transported),,,,,,,1,
2023,27,270220,Minnesota,3,3,0,0,0,4,4,131,RICE (131),0,NOT APPLICABLE,25,25,8,August,2023,6,Friday,13,1:00pm-1:59pm,32,32,1,This Section IS ON the NHS,1,Rural,1,Interstate,1,State Highway Agency,1,Interstate,I-35,,530,530,44.24241667,44.24241667,-93.281261110,-93.28126111,0,No Special Jurisdiction,12,Motor Vehicle In-Transport,1,Front-to-Rear,0,No,1,Non-Junction,1,Not an Intersection,1,Construction,,,1,On Roadway,1,Daylight,,,,,1,Clear,0,No,0000000,Not Applicable,13,1:00pm-1:59pm,33,33,13,1:00pm-1:59pm,40,40,88,"Not Applicable (Not Transported) ",88,Not Applicable (Not Transported),,,,,,,2,
2023,27,270221,Minnesota,1,1,0,0,0,2,2,153,TODD (153),0,NOT APPLICABLE,27,27,8,August,2023,1,Sunday,3,3:00am-3:59am,15,15,0,This Section IS NOT on the NHS,1,Rural,7,Local,2,County Highway Agency,4,County,CR-59,281ST AVE,10,10,45.88356389,45.88356389,-94.786680560,-94.78668056,0,No Special Jurisdiction,1,Rollover/Overturn,0,The First Harmful Event was Not a Collision with a Motor Vehicle in Transport,0,No,2,Intersection,4,Y-Intersection,0,None,,,1,On Roadway,2,Dark - Not Lighted,,,,,1,Clear,0,No,0000000,Not Applicable,3,3:00am-3:59am,15,15,3,3:00am-3:59am,30,30,88,"Not Applicable (Not Transported) ",88,Not Applicable (Not Transported),,,,,,,1,
2023,27,270222,Minnesota,1,1,0,0,0,1,1,3,ANOKA (3),5788,RAMSEY,27,27,8,August,2023,1,Sunday,9,9:00am-9:59am,30,30,0,This Section IS NOT on the NHS,2,Urban,4,Minor Arterial,1,State Highway Agency,3,State Highway,SR-4 SAINT FRANCIS BLVD NW SO,,267,267,45.28666389,45.28666389,-93.418091670,-93.41809167,0,No Special Jurisdiction,11,Live Animal,0,The First Harmful Event was Not a Collision with a Motor Vehicle in Transport,0,No,1,Non-Junction,1,Not an Intersection,0,None,,,1,On Roadway,1,Daylight,,,,,1,Clear,0,No,0000000,Not Applicable,9,9:00am-9:59am,30,30,9,9:00am-9:59am,31,31,88,"Not Applicable (Not Transported) ",88,Not Applicable (Not Transported),,,,,,,1,
2023,27,270223,Minnesota,1,1,0,0,0,1,1,3,ANOKA (3),9997,Other,28,28,8,August,2023,2,Monday,15,3:00pm-3:59pm,15,15,0,This Section IS NOT on the NHS,2,Urban,4,Minor Arterial,1,State Highway Agency,3,State Highway,SR-47 SAINT FRANCIS BLVD NW,,328,328,45.36863889,45.36863889,-93.383230560,-93.38323056,0,No Special Jurisdiction,42,Tree (Standing Only),0,The First Harmful Event was Not a Collision with a Motor Vehicle in Transport,0,No,1,Non-Junction,1,Not an Intersection,0,None,,,4,On Roadside,1,Daylight,,,,,1,Clear,0,No,0000000,Not Applicable,15,3:00pm-3:59pm,15,15,15,3:00pm-3:59pm,21,21,88,"Not Applicable (Not Transported) ",88,Not Applicable (Not Transported),,,,,,,1,
2023,27,270224,Minnesota,2,2,0,0,0,3,3,79,LE SUEUR (79),3670,KASOTA,28,28,8,August,2023,2,Monday,20,8:00pm-8:59pm,25,25,0,This Section IS NOT on the NHS,2,Urban,5,Major Collector,2,County Highway Agency,4,County,CR-21 EAST HILL ST,CR-45 RABBIT RDHILL STREET,39,39,44.29229722,44.29229722,-93.962780560,-93.96278056,0,No Special Jurisdiction,12,Motor Vehicle In-Transport,6,Angle,0,No,2,Intersection,3,T-Intersection,0,None,,,1,On Roadway,5,Dusk,,,,,1,Clear,0,No,0000000,Not Applicable,20,8:00pm-8:59pm,32,32,20,8:00pm-8:59pm,40,40,88,"Not Applicable (Not Transported) ",88,Not Applicable (Not Transported),,,,,,,2,
2023,27,270225,Minnesota,2,2,0,0,0,2,2,53,HENNEPIN (53),4760,MINNEAPOLIS,19,19,8,August,2023,7,Saturday,16,4:00pm-4:59pm,31,31,0,This Section IS NOT on the NHS,2,Urban,4,Minor Arterial,2,County Highway Agency,4,County,CR-3 W LAKE ST,MU-DEAN PKWY,104,104,44.94898333,44.94898333,-93.316594440,-93.31659444,0,No Special Jurisdiction,12,Motor Vehicle In-Transport,6,Angle,0,No,2,Intersection,2,Four-Way Intersection,1,Construction,,,1,On Roadway,1,Daylight,,,,,1,Clear,0,No,0000000,Not Applicable,16,4:00pm-4:59pm,32,32,16,4:00pm-4:59pm,38,38,16,4:00pm-4:59pm,52,52,,,,,,,1,
2023,27,270226,Minnesota,1,1,0,0,0,1,1,75,LAKE (75),0,NOT APPLICABLE,24,24,8,August,2023,5,Thursday,7,7:00am-7:59am,52,52,0,This Section IS NOT on the NHS,1,Rural,5,Major Collector,2,County Highway Agency,4,County,CR-18 FERNBERG RD,,91,91,47.95928056,47.95928056,-91.589822220,-91.58982222,0,No Special Jurisdiction,17,Boulder,0,The First Harmful Event was Not a Collision with a Motor Vehicle in Transport,0,No,1,Non-Junction,1,Not an Intersection,0,None,,,4,On Roadside,1,Daylight,,,,,1,Clear,0,No,0000000,Not Applicable,0,0:00am-0:59am,0,0,0,0:00am-0:59am,0,0,88,"Not Applicable (Not Transported) ",88,Not Applicable (Not Transported),,,,,,,1,
2023,27,270227,Minnesota,2,2,0,0,0,2,2,15,BROWN (15),5190,NEW ULM,17,17,8,August,2023,5,Thursday,13,1:00pm-1:59pm,30,30,1,This Section IS ON the NHS,2,Urban,3,Other Principal Arterial,1,State Highway Agency,3,State Highway,SR-15,MU-15TH STREET,571,571,44.29790000,44.29790000,-94.446633330,-94.44663333,0,No Special Jurisdiction,12,Motor Vehicle In-Transport,6,Angle,0,No,2,Intersection,2,Four-Way Intersection,0,None,,,1,On Roadway,1,Daylight,,,,,1,Clear,0,No,0000000,Not Applicable,13,1:00pm-1:59pm,42,42,13,1:00pm-1:59pm,47,47,14,2:00pm-2:59pm,2,2,,,,,,,1,
2023,27,270228,Minnesota,2,2,0,0,0,8,8,43,FARIBAULT (43),0,NOT APPLICABLE,26,26,8,August,2023,7,Saturday,20,8:00pm-8:59pm,33,33,1,This Section IS ON the NHS,1,Rural,1,Interstate,1,State Highway Agency,1,Interstate,I-90,,1385,1385,43.65750000,43.65750000,-93.729655560,-93.72965556,0,No Special Jurisdiction,12,Motor Vehicle In-Transport,2,Front-to-Front,1,Yes,18,Through Roadway,1,Not an Intersection,1,Construction,,,1,On Roadway,5,Dusk,,,,,1,Clear,1,Yes,0000000,Not Applicable,20,8:00pm-8:59pm,34,34,20,8:00pm-8:59pm,47,47,99,Unknown,99,Unknown EMS Hospital Arrival Time,,,,,,,1,
2023,27,270229,Minnesota,1,1,0,0,0,4,4,67,KANDIYOHI (67),0,NOT APPLICABLE,28,28,7,July,2023,6,Friday,0,0:00am-0:59am,6,6,0,This Section IS NOT on the NHS,1,Rural,7,Local,3,Town or Township Highway Agency,5,Township,TS-262ND AVE NE,,4,4,45.37496389,45.37496389,-94.776027780,-94.77602778,0,No Special Jurisdiction,5,Fell/Jumped from Vehicle,0,The First Harmful Event was Not a Collision with a Motor Vehicle in Transport,0,No,1,Non-Junction,1,Not an Intersection,0,None,,,1,On Roadway,2,Dark - Not Lighted,,,,,1,Clear,0,No,0000000,Not Applicable,0,0:00am-0:59am,13,13,0,0:00am-0:59am,29,29,1,1:00am-1:59am,2,2,,,,,,,1,
2023,27,270230,Minnesota,1,1,0,0,0,2,2,137,ST LOUIS (137),1900,DULUTH,26,26,8,August,2023,7,Saturday,13,1:00pm-1:59pm,22,22,0,This Section IS NOT on the NHS,2,Urban,4,Minor Arterial,2,County Highway Agency,4,County,CR-91 HAINES RD,W SKYLINE PKWY,12,12,46.76004444,46.76004444,-92.165236110,-92.16523611,0,No Special Jurisdiction,39,Wall,0,The First Harmful Event was Not a Collision with a Motor Vehicle in Transport,0,No,3,Intersection-Related,3,T-Intersection,0,None,,,4,On Roadside,1,Daylight,,,,,1,Clear,0,No,0000000,Not Applicable,13,1:00pm-1:59pm,22,22,13,1:00pm-1:59pm,30,30,88,"Not Applicable (Not Transported) ",88,Not Applicable (Not Transported),,,,,,,2,
2023,27,270231,Minnesota,1,1,0,0,0,1,1,97,MORRISON (97),4960,MOTLEY,1,1,9,September,2023,6,Friday,12,12:00pm-12:59pm,20,20,0,This Section IS NOT on the NHS,6,Trafficway Not in State Inventory,96,Trafficway Not in State Inventory,96,Trafficway Not in State Inventory,95,Other,MILL POND ST,,0,None,46.32777222,46.32777222,-94.650711110,-94.65071111,0,No Special Jurisdiction,19,Building,0,The First Harmful Event was Not a Collision with a Motor Vehicle in Transport,0,No,1,Non-Junction,1,Not an Intersection,0,None,,,5,Outside Trafficway,1,Daylight,,,,,1,Clear,0,No,0000000,Not Applicable,12,12:00pm-12:59pm,22,22,12,12:00pm-12:59pm,30,30,13,1:00pm-1:59pm,7,7,,,,,,,1,
2023,27,270232,Minnesota,1,1,0,0,0,1,1,5,BECKER (5),0,NOT APPLICABLE,1,1,9,September,2023,6,Friday,18,6:00pm-6:59pm,14,14,0,This Section IS NOT on the NHS,1,Rural,5,Major Collector,2,County Highway Agency,4,County,CR-29,,44,44,46.75236111,46.75236111,-95.710447220,-95.71044722,0,No Special Jurisdiction,42,Tree (Standing Only),0,The First Harmful Event was Not a Collision with a Motor Vehicle in Transport,0,No,1,Non-Junction,1,Not an Intersection,0,None,,,5,Outside Trafficway,1,Daylight,,,,,1,Clear,0,No,0000000,Not Applicable,18,6:00pm-6:59pm,20,20,18,6:00pm-6:59pm,32,32,88,"Not Applicable (Not Transported) ",88,Not Applicable (Not Transported),,,,,,,1,
2023,27,270233,Minnesota,2,2,0,0,0,5,5,37,DAKOTA (37),0,NOT APPLICABLE,1,1,9,September,2023,6,Friday,18,6:00pm-6:59pm,21,21,1,This Section IS ON the NHS,1,Rural,3,Other Principal Arterial,1,State Highway Agency,3,State Highway,SR-55 145TH ST E,,2164,2164,44.73848056,44.73848056,-92.931372220,-92.93137222,0,No Special Jurisdiction,12,Motor Vehicle In-Transport,2,Front-to-Front,0,No,1,Non-Junction,1,Not an Intersection,0,None,,,1,On Roadway,1,Daylight,,,,,1,Clear,0,No,0000000,Not Applicable,18,6:00pm-6:59pm,21,21,18,6:00pm-6:59pm,24,24,19,7:00pm-7:59pm,0,0,,,,,,,1,
2023,27,270234,Minnesota,1,1,0,0,0,2,2,37,DAKOTA (37),4673,MENDOTA HEIGHTS,2,2,9,September,2023,7,Saturday,15,3:00pm-3:59pm,42,42,0,This Section IS NOT on the NHS,2,Urban,4,Minor Arterial,1,State Highway Agency,3,State Highway,"SR-149 ",,64,64,44.89386667,44.89386667,-93.119263890,-93.11926389,0,No Special Jurisdiction,30,Utility Pole/Light Support,0,The First Harmful Event was Not a Collision with a Motor Vehicle in Transport,0,No,1,Non-Junction,1,Not an Intersection,0,None,,,4,On Roadside,1,Daylight,,,,,1,Clear,0,No,0000000,Not Applicable,15,3:00pm-3:59pm,42,42,15,3:00pm-3:59pm,50,50,16,4:00pm-4:59pm,45,45,,,,,,,1,
2023,27,270235,Minnesota,2,2,0,0,0,2,2,141,SHERBURNE (141),0,NOT APPLICABLE,2,2,9,September,2023,7,Saturday,23,11:00pm-11:59pm,8,8,0,This Section IS NOT on the NHS,1,Rural,6,Minor Collector,2,County Highway Agency,4,County,CR-3,,100,100,45.53290833,45.53290833,-93.891880560,-93.89188056,0,No Special Jurisdiction,12,Motor Vehicle In-Transport,2,Front-to-Front,0,No,1,Non-Junction,1,Not an Intersection,0,None,,,1,On Roadway,2,Dark - Not Lighted,,,,,1,Clear,0,No,0000000,Not Applicable,23,11:00pm-11:59pm,8,8,23,11:00pm-11:59pm,28,28,88,"Not Applicable (Not Transported) ",88,Not Applicable (Not Transported),,,,,,,2,
2023,27,270236,Minnesota,2,2,0,0,0,4,4,61,ITASCA (61),6840,TACONITE,3,3,9,September,2023,1,Sunday,19,7:00pm-7:59pm,51,51,1,This Section IS ON the NHS,1,Rural,3,Other Principal Arterial,1,State Highway Agency,2,U.S. Highway,US-169,CR-7,3118,3118,47.31560000,47.31560000,-93.363372220,-93.36337222,0,No Special Jurisdiction,12,Motor Vehicle In-Transport,6,Angle,0,No,2,Intersection,3,T-Intersection,0,None,,,1,On Roadway,5,Dusk,,,,,1,Clear,0,No,0000000,Not Applicable,19,7:00pm-7:59pm,51,51,19,7:00pm-7:59pm,51,51,22,10:00pm-10:59pm,15,15,,,,,,,1,
2023,27,270237,Minnesota,1,1,0,0,0,1,1,19,CARVER (19),0,NOT APPLICABLE,4,4,9,September,2023,2,Monday,6,6:00am-6:59am,38,38,1,This Section IS ON the NHS,1,Rural,3,Other Principal Arterial,1,State Highway Agency,2,U.S. Highway,US-212,,1422,1422,44.77654167,44.77654167,-93.706152780,-93.70615278,0,No Special Jurisdiction,57,Cable Barrier,0,The First Harmful Event was Not a Collision with a Motor Vehicle in Transport,0,No,1,Non-Junction,1,Not an Intersection,0,None,,,3,On Median,4,Dawn,,,,,1,Clear,0,No,0000000,Not Applicable,6,6:00am-6:59am,38,38,6,6:00am-6:59am,43,43,88,"Not Applicable (Not Transported) ",88,Not Applicable (Not Transported),,,,,,,1,