caseyear,state,st_case,statename,ve_total,ve_forms,pvh_invl,peds,pernotmvit,permvit,persons,county,countyname,city,cityname,day,dayname,month,monthname,year,day_week,day_weekname,hour,hourname,minute,minutename,nhs,nhsname,rur_urb,rur_urbname,func_sys,func_sysname,rd_owner,rd_ownername,route,routename,tway_id,tway_id2,milept,mileptname,latitude,latitudename,longitud,longitudname,sp_jur,sp_jurname,harm_ev,harm_evname,man_coll,man_collname,reljct1,reljct1name,reljct2,reljct2name,typ_int,typ_intname,wrk_zone,wrk_zonename,road_fnc,road_fncname,rel_road,rel_roadname,lgt_cond,lgt_condname,weather1,weather1name,weather2,weather2name,weather,weathername,sch_bus,sch_busname,rail,railname,not_hour,not_hourname,not_min,not_minname,arr_hour,arr_hourname,arr_min,arr_minname,hosp_hr,hosp_hrname,hosp_mn,hosp_mnname,cf1,cf1name,cf2,cf2name,cf3,cf3name,fatals,drunk_dr
2023,27,270238,Minnesota,2,2,0,0,0,4,4,145,STEARNS (145),0,NOT APPLICABLE,4,4,9,September,2023,2,Monday,18,6:00pm-6:59pm,56,56,1,This Section IS ON the NHS,1,Rural,1,Interstate,1,State Highway Agency,1,Interstate,I-94,,1422,1422,45.65362222,45.65362222,-94.667419440,-94.66741944,0,No Special Jurisdiction,12,Motor Vehicle In-Transport,1,Front-to-Rear,0,No,1,Non-Junction,1,Not an Intersection,0,None,,,1,On Roadway,5,Dusk,,,,,1,Clear,0,No,0000000,Not Applicable,18,6:00pm-6:59pm,57,57,19,7:00pm-7:59pm,12,12,19,7:00pm-7:59pm,46,46,,,,,,,2,
2023,27,270239,Minnesota,1,1,0,0,0,1,1,89,MARSHALL (89),0,NOT APPLICABLE,19,19,8,August,2023,7,Saturday,17,5:00pm-5:59pm,55,55,0,This Section IS NOT on the NHS,1,Rural,5,Major Collector,2,County Highway Agency,4,County,CR-6 390TH ST NW,,70,70,48.44224444,48.44224444,-96.724988890,-96.72498889,0,No Special Jurisdiction,1,Rollover/Overturn,0,The First Harmful Event was Not a Collision with a Motor Vehicle in Transport,0,No,1,Non-Junction,1,Not an Intersection,0,None,,,4,On Roadside,1,Daylight,,,,,1,Clear,0,No,0000000,Not Applicable,18,6:00pm-6:59pm,6,6,18,6:00pm-6:59pm,12,12,19,7:00pm-7:59pm,21,21,,,,,,,1,
2023,27,270240,Minnesota,1,1,0,1,1,3,3,7,BELTRAMI (7),0,NOT APPLICABLE,7,7,9,September,2023,5,Thursday,16,4:00pm-4:59pm,19,19,0,This Section IS NOT on the NHS,2,Urban,5,Major Collector,2,County Highway Agency,4,County,CR-11 JEFFERSON AVE SW,,4,4,47.45354722,47.45354722,-94.906655560,-94.90665556,0,No Special Jurisdiction,8,Pedestrian,0,The First Harmful Event was Not a Collision with a Motor Vehicle in Transport,0,No,1,Non-Junction,1,Not an Intersection,0,None,,,1,On Roadway,1,Daylight,,,,,1,Clear,0,No,0000000,Not Applicable,16,4:00pm-4:59pm,20,20,16,4:00pm-4:59pm,26,26,16,4:00pm-4:59pm,51,51,,,,,,,1,
2023,27,270241,Minnesota,1,1,0,0,0,2,2,29,CLEARWATER (29),0,NOT APPLICABLE,1,1,7,July,2023,7,Saturday,14,2:00pm-2:59pm,36,36,0,This Section IS NOT on the NHS,1,Rural,5,Major Collector,2,County Highway Agency,4,County,CR-4 CLEARWATER LAKE RD,,161,161,47.76132500,47.76132500,-95.194452780,-95.19445278,0,No Special Jurisdiction,11,Live Animal,0,The First Harmful Event was Not a Collision with a Motor Vehicle in Transport,0,No,1,Non-Junction,1,Not an Intersection,0,None,,,1,On Roadway,1,Daylight,,,,,1,Clear,0,No,0000000,Not Applicable,14,2:00pm-2:59pm,36,36,15,3:00pm-3:59pm,7,7,18,6:00pm-6:59pm,16,16,,,,,,,1,
2023,27,270242,Minnesota,1,1,0,1,1,1,1,171,WRIGHT (171),6320,ST. MICHAEL,1,1,9,September,2023,6,Friday,22,10:00pm-10:59pm,55,55,0,This Section IS NOT on the NHS,1,Rural,7,Local,4,City or Municipal Highway Agency,6,Municipal,MU-OCHOA AVE NE,,4,4,45.23681111,45.23681111,-93.598252780,-93.59825278,0,No Special Jurisdiction,8,Pedestrian,0,The First Harmful Event was Not a Collision with a Motor Vehicle in Transport,0,No,1,Non-Junction,1,Not an Intersection,0,None,,,2,On Shoulder,2,Dark - Not Lighted,,,,,1,Clear,0,No,0000000,Not Applicable,22,10:00pm-10:59pm,57,57,23,11:00pm-11:59pm,10,10,88,"Not Applicable (Not Transported) ",88,Not Applicable (Not Transported),,,,,,,1,
2023,27,270243,Minnesota,1,1,0,1,1,5,5,53,HENNEPIN (53),4760,MINNEAPOLIS,4,4,9,September,2023,2,Monday,8,8:00am-8:59am,30,30,0,This Section IS NOT on the NHS,2,Urban,7,Local,4,City or Municipal Highway Agency,6,Municipal,MU-2ND AVE S,,4,4,44.90025556,44.90025556,-93.274313890,-93.27431389,0,No Special Jurisdiction,9,Pedalcyclist,0,The First Harmful Event was Not a Collision with a Motor Vehicle in Transport,0,No,8,Driveway Access Related,1,Not an Intersection,0,None,,,1,On Roadway,1,Daylight,,,,,1,Clear,0,No,0000000,Not Applicable,8,8:00am-8:59am,31,31,8,8:00am-8:59am,35,35,8,8:00am-8:59am,50,50,,,,,,,1,
2023,27,270244,Minnesota,1,1,0,0,0,1,1,59,ISANTI (59),0,NOT APPLICABLE,7,7,9,September,2023,5,Thursday,9,9:00am-9:59am,2,2,0,This Section IS NOT on the NHS,2,Urban,7,Local,3,Town or Township Highway Agency,5,Township,"TS-305TH AVE NE ",TS-JACKSON ST NE,7,7,45.52169167,45.52169167,-93.250869440,-93.25086944,0,No Special Jurisdiction,42,Tree (Standing Only),0,The First Harmful Event was Not a Collision with a Motor Vehicle in Transport,0,No,1,Non-Junction,1,Not an Intersection,0,None,,,5,Outside Trafficway,1,Daylight,,,,,1,Clear,0,No,0000000,Not Applicable,9,9:00am-9:59am,5,5,9,9:00am-9:59am,10,10,88,"Not Applicable (Not Transported) ",88,Not Applicable (Not Transported),,,,,,,1,
2023,27,270245,Minnesota,2,2,0,0,0,2,2,111,OTTER TAIL (111),0,NOT APPLICABLE,8,8,9,September,2023,6,Friday,18,6:00pm-6:59pm,55,55,1,This Section IS ON the NHS,1,Rural,3,Other Principal Arterial,1,State Highway Agency,2,U.S. Highway,US-10,CR-60,599,599,46.65778333,46.65778333,-95.655133330,-95.65513333,0,No Special Jurisdiction,12,Motor Vehicle In-Transport,6,Angle,0,No,2,Intersection,2,Four-Way Intersection,0,None,,,1,On Roadway,1,Daylight,,,,,1,Clear,0,No,0000000,Not Applicable,18,6:00pm-6:59pm,55,55,19,7:00pm-7:59pm,5,5,19,7:00pm-7:59pm,21,21,,,,,,,1,
2023,27,270246,Minnesota,1,1,0,0,0,3,3,137,ST LOUIS (137),0,NOT APPLICABLE,9,9,9,September,2023,7,Saturday,2,2:00am-2:59am,45,45,0,This Section IS NOT on the NHS,1,Rural,6,Minor Collector,2,County Highway Agency,4,County,CR-8 DULUTH SAINT VINCENT RD,,11,11,46.92514722,46.92514722,-92.894225000,-92.89422500,0,No Special Jurisdiction,42,Tree (Standing Only),0,The First Harmful Event was Not a Collision with a Motor Vehicle in Transport,0,No,1,Non-Junction,1,Not an Intersection,0,None,,,4,On Roadside,2,Dark - Not Lighted,,,,,1,Clear,0,No,0000000,Not Applicable,3,3:00am-3:59am,10,10,3,3:00am-3:59am,20,20,3,3:00am-3:59am,50,50,,,,,,,2,
2023,27,270247,Minnesota,1,1,0,0,0,1,1,17,CARLTON (17),0,NOT APPLICABLE,9,9,9,September,2023,7,Saturday,4,4:00am-4:59am,32,32,0,This Section IS NOT on the NHS,1,Rural,7,Local,3,Town or Township Highway Agency,5,Township,TS-305 LAMMI RD,,9,9,46.66940278,46.66940278,-92.586700000,-92.58670000,3,Indian Reservation,10,Railway Vehicle,0,The First Harmful Event was Not a Collision with a Motor Vehicle in Transport,0,No,6,"Railway Grade Crossing ",1,Not an Intersection,0,None,,,1,On Roadway,6,Dark - Unknown Lighting,,,,,1,Clear,0,No,076395K,076395K,4,4:00am-4:59am,40,40,4,4:00am-4:59am,46,46,88,"Not Applicable (Not Transported) ",88,Not Applicable (Not Transported),,,,,,,1,
2023,27,270248,Minnesota,3,3,0,0,0,3,3,53,HENNEPIN (53),5732,PLYMOUTH,12,12,9,September,2023,3,Tuesday,14,2:00pm-2:59pm,23,23,1,This Section IS ON the NHS,2,Urban,3,Other Principal Arterial,1,State Highway Agency,3,State Highway,SR-55,MU-193 INDUNDUSTRIAL PARK BLVD,1814,1814,45.00263333,45.00263333,-93.444477780,-93.44447778,0,No Special Jurisdiction,12,Motor Vehicle In-Transport,6,Angle,0,No,2,Intersection,2,Four-Way Intersection,0,None,,,1,On Roadway,1,Daylight,,,,,1,Clear,0,No,0000000,Not Applicable,14,2:00pm-2:59pm,20,20,14,2:00pm-2:59pm,27,27,99,Unknown,99,Unknown EMS Hospital Arrival Time,,,,,,,1,
2023,27,270249,Minnesota,2,2,0,0,0,2,2,17,CARLTON (17),0,NOT APPLICABLE,13,13,9,September,2023,4,Wednesday,21,9:00pm-9:59pm,10,10,0,This Section IS NOT on the NHS,1,Rural,5,Major Collector,2,County Highway Agency,4,County,CR-61,CR-4,141,141,46.57755833,46.57755833,-92.630636110,-92.63063611,0,No Special Jurisdiction,12,Motor Vehicle In-Transport,6,Angle,0,No,2,Intersection,3,T-Intersection,0,None,,,1,On Roadway,3,Dark - Lighted,,,,,1,Clear,0,No,0000000,Not Applicable,21,9:00pm-9:59pm,10,10,21,9:00pm-9:59pm,17,17,88,"Not Applicable (Not Transported) ",88,Not Applicable (Not Transported),,,,,,,1,
2023,27,270250,Minnesota,1,1,0,0,0,2,2,65,KANABEC (65),0,NOT APPLICABLE,8,8,7,July,2023,7,Saturday,2,2:00am-2:59am,2,2,0,This Section IS NOT on the NHS,1,Rural,4,Minor Arterial,1,State Highway Agency,3,State Highway,SR-47,,803,803,46.00113611,46.00113611,-93.432513890,-93.43251389,0,No Special Jurisdiction,11,Live Animal,0,The First Harmful Event was Not a Collision with a Motor Vehicle in Transport,0,No,1,Non-Junction,1,Not an Intersection,0,None,,,1,On Roadway,2,Dark - Not Lighted,,,,,1,Clear,0,No,0000000,Not Applicable,2,2:00am-2:59am,2,2,2,2:00am-2:59am,18,18,2,2:00am-2:59am,40,40,,,,,,,1,
2023,27,270251,Minnesota,2,2,0,0,0,3,3,105,NOBLES (105),0,NOT APPLICABLE,20,20,8,August,2023,1,Sunday,11,11:00am-11:59am,43,43,0,This Section IS NOT on the NHS,1,Rural,6,Minor Collector,2,County Highway Agency,4,County,CR-15 EDWARDS AVE,,209,209,43.79906389,43.79906389,-95.872488890,-95.87248889,0,No Special Jurisdiction,12,Motor Vehicle In-Transport,6,Angle,0,No,4,Driveway Access,1,Not an Intersection,0,None,,,1,On Roadway,1,Daylight,,,,,1,Clear,0,No,0000000,Not Applicable,11,11:00am-11:59am,43,43,12,12:00pm-12:59pm,4,4,12,12:00pm-12:59pm,8,8,,,,,,,1,
2023,27,270252,Minnesota,2,2,0,0,0,3,3,49,GOODHUE (49),0,NOT APPLICABLE,14,14,9,September,2023,5,Thursday,15,3:00pm-3:59pm,30,30,0,This Section IS NOT on the NHS,1,Rural,5,Major Collector,2,County Highway Agency,4,County,CR-2,"CR-5 ",103,103,44.48778333,44.48778333,-92.441541670,-92.44154167,0,No Special Jurisdiction,12,Motor Vehicle In-Transport,6,Angle,0,No,2,Intersection,2,Four-Way Intersection,0,None,,,1,On Roadway,1,Daylight,,,,,1,Clear,0,No,0000000,Not Applicable,15,3:00pm-3:59pm,31,31,16,4:00pm-4:59pm,11,11,16,4:00pm-4:59pm,42,42,,,,,,,1,
2023,27,270253,Minnesota,1,1,0,0,0,1,1,163,WASHINGTON (163),3949,LAKELAND,15,15,9,September,2023,6,Friday,16,4:00pm-4:59pm,58,58,1,This Section IS ON the NHS,2,Urban,1,Interstate,1,State Highway Agency,1,Interstate,I-94,,2590,2590,44.96239444,44.96239444,-92.771844440,-92.77184444,0,No Special Jurisdiction,59,"Traffic Sign Support ",0,The First Harmful Event was Not a Collision with a Motor Vehicle in Transport,0,No,1,Non-Junction,1,Not an Intersection,1,Construction,,,4,On Roadside,1,Daylight,,,,,10,Cloudy,0,No,0000000,Not Applicable,17,5:00pm-5:59pm,4,4,17,5:00pm-5:59pm,8,8,88,"Not Applicable (Not Transported) ",88,Not Applicable (Not Transported),,,,,,,1,
2023,27,270254,Minnesota,1,1,0,0,0,1,1,69,KITTSON (69),2980,HALMA,15,15,9,September,2023,6,Friday,21,9:00pm-9:59pm,0,0,0,This Section IS NOT on the NHS,1,Rural,4,Minor Arterial,1,State Highway Agency,2,U.S. Highway,US-59,,3996,3996,48.65225000,48.65225000,-96.591636110,-96.59163611,0,No Special Jurisdiction,1,Rollover/Overturn,0,The First Harmful Event was Not a Collision with a Motor Vehicle in Transport,0,No,1,Non-Junction,1,Not an Intersection,0,None,,,4,On Roadside,2,Dark - Not Lighted,,,,,1,Clear,0,No,0000000,Not Applicable,21,9:00pm-9:59pm,0,0,21,9:00pm-9:59pm,7,7,22,10:00pm-10:59pm,10,10,,,,,,,1,
2023,27,270255,Minnesota,1,1,0,0,0,1,1,5,BECKER (5),0,NOT APPLICABLE,16,16,9,September,2023,7,Saturday,17,5:00pm-5:59pm,2,2,0,This Section IS NOT on the NHS,1,Rural,7,Local,3,Town or Township Highway Agency,5,Township,TS-RAT LAKE TRL,,67,67,47.09318056,47.09318056,-95.591113890,-95.59111389,0,No Special Jurisdiction,42,Tree (Standing Only),0,The First Harmful Event was Not a Collision with a Motor Vehicle in Transport,0,No,1,Non-Junction,1,Not an Intersection,0,None,,,4,On Roadside,1,Daylight,,,,,1,Clear,0,No,0000000,Not Applicable,17,5:00pm-5:59pm,4,4,17,5:00pm-5:59pm,32,32,88,"Not Applicable (Not Transported) ",88,Not Applicable (Not Transported),,,,,,,1,
2023,27,270256,Minnesota,2,2,0,1,1,5,5,53,HENNEPIN (53),1570,CRYSTAL,16,16,9,September,2023,7,Saturday,20,8:00pm-8:59pm,20,20,0,This Section IS NOT on the NHS,2,Urban,4,Minor Arterial,2,County Highway Agency,4,County,CR-102 DOUGLAS DR,,43,43,45.04597778,45.04597778,-93.360258330,-93.36025833,0,No Special Jurisdiction,8,Pedestrian,0,The First Harmful Event was Not a Collision with a Motor Vehicle in Transport,0,No,1,Non-Junction,1,Not an Intersection,0,None,,,1,On Roadway,3,Dark - Lighted,,,,,1,Clear,0,No,0000000,Not Applicable,20,8:00pm-8:59pm,23,23,20,8:00pm-8:59pm,28,28,20,8:00pm-8:59pm,56,56,,,,,,,1,
2023,27,270257,Minnesota,1,1,0,1,1,1,1,61,ITASCA (61),0,NOT APPLICABLE,17,17,9,September,2023,1,Sunday,4,4:00am-4:59am,54,54,0,This Section IS NOT on the NHS,1,Rural,5,Major Collector,1,State Highway Agency,3,State Highway,SR-6,GOLF COURSE RD,849,849,47.36135556,47.36135556,-93.794797220,-93.79479722,0,No Special Jurisdiction,8,Pedestrian,0,The First Harmful Event was Not a Collision with a Motor Vehicle in Transport,0,No,3,Intersection-Related,3,T-Intersection,0,None,,,1,On Roadway,6,Dark - Unknown Lighting,,,,,5,"Fog, Smog, Smoke",0,No,0000000,Not Applicable,5,5:00am-5:59am,0,0,5,5:00am-5:59am,10,10,88,"Not Applicable (Not Transported) ",88,Not Applicable (Not Transported),,,,,,,1,
2023,27,270258,Minnesota,2,2,0,0,0,4,4,53,HENNEPIN (53),821,BROOKLYN PARK,20,20,9,September,2023,4,Wednesday,20,8:00pm-8:59pm,51,51,0,This Section IS NOT on the NHS,2,Urban,4,Minor Arterial,2,County Highway Agency,4,County,CR-81 BOTTINEAU BLVD,CR-8 71ST AVE N,80,80,45.08368611,45.08368611,-93.377027780,-93.37702778,0,No Special Jurisdiction,12,Motor Vehicle In-Transport,6,Angle,0,No,2,Intersection,2,Four-Way Intersection,0,None,,,1,On Roadway,3,Dark - Lighted,,,,,1,Clear,0,No,0000000,Not Applicable,20,8:00pm-8:59pm,51,51,20,8:00pm-8:59pm,56,56,88,"Not Applicable (Not Transported) ",88,Not Applicable (Not Transported),,,,,,,1,
2023,27,270259,Minnesota,1,1,0,0,0,2,2,43,FARIBAULT (43),0,NOT APPLICABLE,21,21,9,September,2023,5,Thursday,18,6:00pm-6:59pm,40,40,0,This Section IS NOT on the NHS,1,Rural,5,Major Collector,2,County Highway Agency,4,County,CR-1 320TH AVE,,115,115,43.69608333,43.69608333,-94.227608330,-94.22760833,0,No Special Jurisdiction,35,Embankment,0,The First Harmful Event was Not a Collision with a Motor Vehicle in Transport,0,No,1,Non-Junction,1,Not an Intersection,0,None,,,4,On Roadside,1,Daylight,,,,,1,Clear,0,No,0000000,Not Applicable,18,6:00pm-6:59pm,42,42,18,6:00pm-6:59pm,54,54,88,"Not Applicable (Not Transported) ",88,Not Applicable (Not Transported),,,,,,,2,
2023,27,270260,Minnesota,2,2,0,0,0,4,4,127,REDWOOD (127),0,NOT APPLICABLE,20,20,9,September,2023,4,Wednesday,20,8:00pm-8:59pm,24,24,1,This Section IS ON the NHS,1,Rural,3,Other Principal Arterial,1,State Highway Agency,2,U.S. Highway,US-14,CR-8 BALSA AVE,459,459,44.23918611,44.23918611,-95.553105560,-95.55310556,0,No Special Jurisdiction,12,Motor Vehicle In-Transport,6,Angle,0,No,2,Intersection,2,Four-Way Intersection,0,None,,,1,On Roadway,2,Dark - Not Lighted,,,,,1,Clear,0,No,0000000,Not Applicable,20,8:00pm-8:59pm,24,24,20,8:00pm-8:59pm,38,38,99,Unknown,99,Unknown EMS Hospital Arrival Time,,,,,,,2,
2023,27,270261,Minnesota,1,1,0,1,1,1,1,163,WASHINGTON (163),0,NOT APPLICABLE,3,3,9,September,2023,1,Sunday,10,10:00am-10:59am,48,48,0,This Section IS NOT on the NHS,2,Urban,4,Minor Arterial,2,County Highway Agency,4,County,CR-14 40TH ST N,MU-MCFAIR AVE,64,64,45.00695000,45.00695000,-92.858586110,-92.85858611,0,No Special Jurisdiction,9,Pedalcyclist,0,The First Harmful Event was Not a Collision with a Motor Vehicle in Transport,0,No,2,Intersection,2,Four-Way Intersection,0,None,,,1,On Roadway,1,Daylight,,,,,1,Clear,0,No,0000000,Not Applicable,10,10:00am-10:59am,50,50,11,11:00am-11:59am,10,10,11,11:00am-11:59am,20,20,,,,,,,1,
2023,27,270262,Minnesota,2,2,0,0,0,2,2,85,MCLEOD (85),0,NOT APPLICABLE,22,22,9,September,2023,6,Friday,9,9:00am-9:59am,38,38,1,This Section IS ON the NHS,1,Rural,3,Other Principal Arterial,1,State Highway Agency,2,U.S. Highway,US-212,,1067,1067,44.72477778,44.72477778,-94.398163890,-94.39816389,0,No Special Jurisdiction,12,Motor Vehicle In-Transport,2,Front-to-Front,0,No,1,Non-Junction,1,Not an Intersection,0,None,,,1,On Roadway,1,Daylight,,,,,10,Cloudy,0,No,0000000,Not Applicable,9,9:00am-9:59am,39,39,9,9:00am-9:59am,50,50,88,"Not Applicable (Not Transported) ",88,Not Applicable (Not Transported),,,,,,,1,
2023,27,270263,Minnesota,1,1,0,3,3,1,1,53,HENNEPIN (53),4760,MINNEAPOLIS,22,22,9,September,2023,6,Friday,19,7:00pm-7:59pm,15,15,0,This Section IS NOT on the NHS,2,Urban,4,Minor Arterial,2,County Highway Agency,4,County,CR-3 W LAKE ST,MU-BLAISDELL,123,123,44.94835278,44.94835278,-93.279705560,-93.27970556,0,No Special Jurisdiction,8,Pedestrian,0,The First Harmful Event was Not a Collision with a Motor Vehicle in Transport,0,No,3,Intersection-Related,2,Four-Way Intersection,0,None,,,1,On Roadway,5,Dusk,,,,,1,Clear,0,No,0000000,Not Applicable,19,7:00pm-7:59pm,15,15,19,7:00pm-7:59pm,20,20,19,7:00pm-7:59pm,25,25,,,,,,,1,
2023,27,270264,Minnesota,1,1,0,0,0,1,1,39,DODGE (39),0,NOT APPLICABLE,22,22,9,September,2023,6,Friday,21,9:00pm-9:59pm,48,48,0,This Section IS NOT on the NHS,1,Rural,6,Minor Collector,2,County Highway Agency,4,County,CR-120TH AVE,CR-3 3RD STREET,122,122,44.04705556,44.04705556,-93.005888890,-93.00588889,0,No Special Jurisdiction,34,Ditch,0,The First Harmful Event was Not a Collision with a Motor Vehicle in Transport,0,No,3,Intersection-Related,3,T-Intersection,0,None,,,4,On Roadside,3,Dark - Lighted,,,,,10,Cloudy,0,No,0000000,Not Applicable,22,10:00pm-10:59pm,1,1,22,10:00pm-10:59pm,5,5,88,"Not Applicable (Not Transported) ",88,Not Applicable (Not Transported),,,,,,,1,
2023,27,270265,Minnesota,2,2,0,0,0,2,2,107,NORMAN (107),0,NOT APPLICABLE,27,27,9,September,2023,4,Wednesday,13,1:00pm-1:59pm,44,44,0,This Section IS NOT on the NHS,1,Rural,4,Minor Arterial,1,State Highway Agency,3,State Highway,SR-32,CR-1,579,579,47.48553889,47.48553889,-96.280802780,-96.28080278,0,No Special Jurisdiction,12,Motor Vehicle In-Transport,6,Angle,0,No,2,Intersection,2,Four-Way Intersection,0,None,,,1,On Roadway,1,Daylight,,,,,10,Cloudy,0,No,0000000,Not Applicable,13,1:00pm-1:59pm,45,45,13,1:00pm-1:59pm,55,55,88,"Not Applicable (Not Transported) ",88,Not Applicable (Not Transported),,,,,,,1,
2023,27,270266,Minnesota,2,2,0,0,0,2,2,165,WATONWAN (165),0,NOT APPLICABLE,20,20,9,September,2023,4,Wednesday,8,8:00am-8:59am,20,20,0,This Section IS NOT on the NHS,1,Rural,4,Minor Arterial,1,State Highway Agency,3,State Highway,SR-30,CR-5,897,897,44.05078611,44.05078611,-94.799200000,-94.79920000,0,No Special Jurisdiction,12,Motor Vehicle In-Transport,6,Angle,0,No,2,Intersection,2,Four-Way Intersection,0,None,,,1,On Roadway,1,Daylight,,,,,1,Clear,0,No,0000000,Not Applicable,8,8:00am-8:59am,22,22,8,8:00am-8:59am,33,33,9,9:00am-9:59am,0,0,,,,,,,2,
2023,27,270267,Minnesota,1,1,0,0,0,1,1,109,OLMSTED (109),0,NOT APPLICABLE,25,25,9,September,2023,2,Monday,7,7:00am-7:59am,38,38,1,This Section IS ON the NHS,1,Rural,1,Interstate,1,State Highway Agency,1,Interstate,I-90,,2274,2274,43.95483056,43.95483056,-92.161788890,-92.16178889,0,No Special Jurisdiction,1,Rollover/Overturn,0,The First Harmful Event was Not a Collision with a Motor Vehicle in Transport,0,No,1,Non-Junction,1,Not an Intersection,0,None,,,3,On Median,1,Daylight,,,,,10,Cloudy,0,No,0000000,Not Applicable,7,7:00am-7:59am,39,39,8,8:00am-8:59am,0,0,8,8:00am-8:59am,20,20,,,,,,,1,
2023,27,270268,Minnesota,2,2,0,0,0,2,2,141,SHERBURNE (141),0,NOT APPLICABLE,28,28,9,September,2023,5,Thursday,14,2:00pm-2:59pm,30,30,0,This Section IS NOT on the NHS,1,Rural,4,Minor Arterial,1,State Highway Agency,3,State Highway,SR-25,CR-16 57TH ST,860,860,45.48690278,45.48690278,-93.902713890,-93.90271389,0,No Special Jurisdiction,12,Motor Vehicle In-Transport,6,Angle,0,No,2,Intersection,2,Four-Way Intersection,0,None,,,1,On Roadway,1,Daylight,,,,,1,Clear,0,No,0000000,Not Applicable,99,Unknown,99,Unknown,99,Unknown EMS Scene Arrival Hour,99,Unknown EMS Scene Arrival Minutes,99,Unknown,99,Unknown EMS Hospital Arrival Time,,,,,,,1,
2023,27,270269,Minnesota,2,2,0,0,0,2,2,137,ST LOUIS (137),4980,MOUNTAIN IRON,28,28,9,September,2023,5,Thursday,6,6:00am-6:59am,4,4,0,This Section IS NOT on the NHS,2,Urban,7,Local,2,County Highway Agency,4,County,CR-102 PARK RIDGE DR,BUS-SILICON WAY,3,3,47.52359722,47.52359722,-92.611102780,-92.61110278,0,No Special Jurisdiction,12,Motor Vehicle In-Transport,2,Front-to-Front,0,No,2,Intersection,3,T-Intersection,0,None,,,1,On Roadway,3,Dark - Lighted,,,,,10,Cloudy,0,No,0000000,Not Applicable,6,6:00am-6:59am,4,4,6,6:00am-6:59am,10,10,88,"Not Applicable (Not Transported) ",88,Not Applicable (Not Transported),,,,,,,1,
2023,27,270270,Minnesota,2,2,0,0,0,7,7,53,HENNEPIN (53),4760,MINNEAPOLIS,1,1,10,October,2023,1,Sunday,22,10:00pm-10:59pm,34,34,0,This Section IS NOT on the NHS,2,Urban,5,Major Collector,4,City or Municipal Highway Agency,6,Municipal,MU-CHICAGO AVE S,MU-E 25TH ST,3,3,44.95734722,44.95734722,-93.262588890,-93.26258889,0,No Special Jurisdiction,12,Motor Vehicle In-Transport,6,Angle,0,No,2,Intersection,2,Four-Way Intersection,0,None,,,1,On Roadway,3,Dark - Lighted,,,,,1,Clear,0,No,0000000,Not Applicable,22,10:00pm-10:59pm,34,34,22,10:00pm-10:59pm,38,38,22,10:00pm-10:59pm,50,50,,,,,,,1,
2023,27,270271,Minnesota,1,1,0,0,0,1,1,129,RENVILLE (129),4950,MORTON,19,19,9,September,2023,3,Tuesday,22,10:00pm-10:59pm,5,5,0,This Section IS NOT on the NHS,1,Rural,4,Minor Arterial,1,State Highway Agency,3,State Highway,SR-19,MU-E MOMUMENT DR,793,793,44.55215556,44.55215556,-94.982622220,-94.98262222,0,No Special Jurisdiction,34,Ditch,0,The First Harmful Event was Not a Collision with a Motor Vehicle in Transport,0,No,3,Intersection-Related,4,Y-Intersection,0,None,,,4,On Roadside,3,Dark - Lighted,,,,,1,Clear,0,No,0000000,Not Applicable,22,10:00pm-10:59pm,12,12,22,10:00pm-10:59pm,18,18,88,"Not Applicable (Not Transported) ",88,Not Applicable (Not Transported),,,,,,,1,
2023,27,270272,Minnesota,2,2,0,0,0,3,3,137,ST LOUIS (137),5901,RICE LAKE,6,6,10,October,2023,6,Friday,8,8:00am-8:59am,43,43,0,This Section IS NOT on the NHS,2,Urban,4,Minor Arterial,2,County Highway Agency,4,County,CR-10 MARTIN RD,,8,8,46.86554444,46.86554444,-92.073288890,-92.07328889,0,No Special Jurisdiction,12,Motor Vehicle In-Transport,6,Angle,0,No,1,Non-Junction,1,Not an Intersection,0,None,,,1,On Roadway,1,Daylight,,,,,1,Clear,0,No,0000000,Not Applicable,8,8:00am-8:59am,44,44,9,9:00am-9:59am,0,0,99,Unknown,99,Unknown EMS Hospital Arrival Time,,,,,,,1,
2023,27,270273,Minnesota,3,3,0,0,0,3,3,19,CARVER (19),0,NOT APPLICABLE,6,6,10,October,2023,6,Friday,9,9:00am-9:59am,31,31,0,This Section IS NOT on the NHS,1,Rural,4,Minor Arterial,2,County Highway Agency,4,County,CR-92,,14,14,44.87524167,44.87524167,-93.755927780,-93.75592778,0,No Special Jurisdiction,12,Motor Vehicle In-Transport,8,Sideswipe - Opposite Direction,0,No,1,Non-Junction,1,Not an Intersection,0,None,,,1,On Roadway,1,Daylight,,,,,2,Rain,0,No,0000000,Not Applicable,9,9:00am-9:59am,31,31,9,9:00am-9:59am,38,38,88,"Not Applicable (Not Transported) ",88,Not Applicable (Not Transported),,,,,,,1,
2023,27,270274,Minnesota,2,2,0,0,0,2,2,71,KOOCHICHING (71),0,NOT APPLICABLE,6,6,10,October,2023,6,Friday,16,4:00pm-4:59pm,0,0,0,This Section IS NOT on the NHS,1,Rural,4,Minor Arterial,1,State Highway Agency,3,State Highway,SR-11,CR-4,1479,1479,48.65612222,48.65612222,-94.255041670,-94.25504167,0,No Special Jurisdiction,12,Motor Vehicle In-Transport,6,Angle,0,No,2,Intersection,2,Four-Way Intersection,0,None,,,1,On Roadway,1,Daylight,,,,,10,Cloudy,0,No,0000000,Not Applicable,16,4:00pm-4:59pm,6,6,16,4:00pm-4:59pm,19,19,88,"Not Applicable (Not Transported) ",88,Not Applicable (Not Transported),,,,,,,1,