caseyear,state,st_case,statename,ve_total,ve_forms,pvh_invl,peds,pernotmvit,permvit,persons,county,countyname,city,cityname,day,dayname,month,monthname,year,day_week,day_weekname,hour,hourname,minute,minutename,nhs,nhsname,rur_urb,rur_urbname,func_sys,func_sysname,rd_owner,rd_ownername,route,routename,tway_id,tway_id2,milept,mileptname,latitude,latitudename,longitud,longitudname,sp_jur,sp_jurname,harm_ev,harm_evname,man_coll,man_collname,reljct1,reljct1name,reljct2,reljct2name,typ_int,typ_intname,wrk_zone,wrk_zonename,road_fnc,road_fncname,rel_road,rel_roadname,lgt_cond,lgt_condname,weather1,weather1name,weather2,weather2name,weather,weathername,sch_bus,sch_busname,rail,railname,not_hour,not_hourname,not_min,not_minname,arr_hour,arr_hourname,arr_min,arr_minname,hosp_hr,hosp_hrname,hosp_mn,hosp_mnname,cf1,cf1name,cf2,cf2name,cf3,cf3name,fatals,drunk_dr
2023,27,270275,Minnesota,2,2,0,0,0,3,3,123,RAMSEY (123),6330,ST. PAUL,6,6,10,October,2023,6,Friday,22,10:00pm-10:59pm,25,25,0,This Section IS NOT on the NHS,2,Urban,4,Minor Arterial,2,County Highway Agency,4,County,CR-49 N RICE ST,,12,12,44.97307778,44.97307778,-93.106002780,-93.10600278,0,No Special Jurisdiction,12,Motor Vehicle In-Transport,1,Front-to-Rear,0,No,1,Non-Junction,1,Not an Intersection,0,None,,,1,On Roadway,3,Dark - Lighted,,,,,1,Clear,0,No,0000000,Not Applicable,22,10:00pm-10:59pm,27,27,22,10:00pm-10:59pm,31,31,88,"Not Applicable (Not Transported) ",88,Not Applicable (Not Transported),,,,,,,1,
2023,27,270276,Minnesota,3,3,0,0,0,5,5,109,OLMSTED (109),0,NOT APPLICABLE,7,7,10,October,2023,7,Saturday,14,2:00pm-2:59pm,23,23,0,This Section IS NOT on the NHS,1,Rural,5,Major Collector,2,County Highway Agency,4,County,CR-33 BROADWAY AVE,,14,14,44.09085556,44.09085556,-92.442469440,-92.44246944,0,No Special Jurisdiction,12,Motor Vehicle In-Transport,6,Angle,0,No,1,Non-Junction,1,Not an Intersection,0,None,,,1,On Roadway,1,Daylight,,,,,1,Clear,0,No,0000000,Not Applicable,14,2:00pm-2:59pm,24,24,14,2:00pm-2:59pm,32,32,88,"Not Applicable (Not Transported) ",88,Not Applicable (Not Transported),,,,,,,1,
2023,27,270277,Minnesota,1,1,0,0,0,1,1,131,RICE (131),0,NOT APPLICABLE,6,6,10,October,2023,6,Friday,8,8:00am-8:59am,40,40,0,This Section IS NOT on the NHS,1,Rural,7,Local,3,Town or Township Highway Agency,5,Township,TS-GROVELAND TR,,8,8,44.38483056,44.38483056,-93.406727780,-93.40672778,0,No Special Jurisdiction,1,Rollover/Overturn,0,The First Harmful Event was Not a Collision with a Motor Vehicle in Transport,0,No,1,Non-Junction,1,Not an Intersection,0,None,,,4,On Roadside,1,Daylight,,,,,2,Rain,0,No,0000000,Not Applicable,8,8:00am-8:59am,40,40,8,8:00am-8:59am,55,55,9,9:00am-9:59am,20,20,,,,,,,1,
2023,27,270278,Minnesota,1,1,0,0,0,1,1,53,HENNEPIN (53),4495,MAPLE GROVE,12,12,10,October,2023,5,Thursday,11,11:00am-11:59am,0,0,0,This Section IS NOT on the NHS,2,Urban,7,Local,4,City or Municipal Highway Agency,6,Municipal,MU-96TH AVE,,2,2,45.12864444,45.12864444,-93.473066670,-93.47306667,0,No Special Jurisdiction,19,Building,0,The First Harmful Event was Not a Collision with a Motor Vehicle in Transport,0,No,1,Non-Junction,1,Not an Intersection,0,None,,,5,Outside Trafficway,1,Daylight,,,,,10,Cloudy,0,No,0000000,Not Applicable,11,11:00am-11:59am,3,3,11,11:00am-11:59am,9,9,11,11:00am-11:59am,45,45,,,,,,,1,
2023,27,270279,Minnesota,2,2,0,0,0,2,2,169,WINONA (169),0,NOT APPLICABLE,11,11,10,October,2023,4,Wednesday,19,7:00pm-7:59pm,49,49,1,This Section IS ON the NHS,1,Rural,1,Interstate,1,State Highway Agency,1,Interstate,I-90,,2738,2738,43.87436111,43.87436111,-91.321016670,-91.32101667,0,No Special Jurisdiction,12,Motor Vehicle In-Transport,2,Front-to-Front,0,No,1,Non-Junction,1,Not an Intersection,0,None,,,1,On Roadway,2,Dark - Not Lighted,,,,,1,Clear,0,No,0000000,Not Applicable,19,7:00pm-7:59pm,53,53,20,8:00pm-8:59pm,0,0,88,"Not Applicable (Not Transported) ",88,Not Applicable (Not Transported),,,,,,,1,
2023,27,270280,Minnesota,1,1,0,1,1,1,1,53,HENNEPIN (53),4760,MINNEAPOLIS,13,13,10,October,2023,6,Friday,21,9:00pm-9:59pm,30,30,0,This Section IS NOT on the NHS,2,Urban,4,Minor Arterial,2,County Highway Agency,4,County,CR-E LAKE ST,12TH AVE S,134,134,44.94839167,44.94839167,-93.257594440,-93.25759444,0,No Special Jurisdiction,8,Pedestrian,0,The First Harmful Event was Not a Collision with a Motor Vehicle in Transport,0,No,3,Intersection-Related,2,Four-Way Intersection,0,None,,,1,On Roadway,3,Dark - Lighted,,,,,2,Rain,0,No,0000000,Not Applicable,21,9:00pm-9:59pm,33,33,21,9:00pm-9:59pm,36,36,21,9:00pm-9:59pm,50,50,,,,,,,1,
2023,27,270281,Minnesota,1,1,0,0,0,1,1,119,POLK (119),1550,CROOKSTON,13,13,10,October,2023,6,Friday,2,2:00am-2:59am,20,20,0,This Section IS NOT on the NHS,2,Urban,4,Minor Arterial,4,City or Municipal Highway Agency,6,Municipal,MU-HOUSTON AVE,S BROADWAY,11,11,47.77121944,47.77121944,-96.609013890,-96.60901389,0,No Special Jurisdiction,23,Bridge Rail (Includes parapet),0,The First Harmful Event was Not a Collision with a Motor Vehicle in Transport,0,No,3,Intersection-Related,4,Y-Intersection,0,None,,,4,On Roadside,3,Dark - Lighted,,,,,1,Clear,0,No,0000000,Not Applicable,2,2:00am-2:59am,30,30,2,2:00am-2:59am,31,31,88,"Not Applicable (Not Transported) ",88,Not Applicable (Not Transported),,,,,,,1,
2023,27,270282,Minnesota,2,2,0,0,0,5,5,23,CHIPPEWA (23),0,NOT APPLICABLE,15,15,10,October,2023,1,Sunday,16,4:00pm-4:59pm,5,5,1,This Section IS ON the NHS,1,Rural,3,Other Principal Arterial,1,State Highway Agency,3,State Highway,SR-MNTH 7,,587,587,45.09531389,45.09531389,-95.895380560,-95.89538056,0,No Special Jurisdiction,12,Motor Vehicle In-Transport,2,Front-to-Front,0,No,1,Non-Junction,1,Not an Intersection,0,None,,,1,On Roadway,1,Daylight,,,,,1,Clear,0,No,0000000,Not Applicable,16,4:00pm-4:59pm,7,7,16,4:00pm-4:59pm,13,13,16,4:00pm-4:59pm,49,49,,,,,,,1,
2023,27,270283,Minnesota,1,1,0,0,0,1,1,47,FREEBORN (47),90,ALBERT LEA,19,19,10,October,2023,5,Thursday,12,12:00pm-12:59pm,45,45,0,This Section IS NOT on the NHS,2,Urban,5,Major Collector,4,City or Municipal Highway Agency,6,Municipal,MU-LAKEVIEW BLVD,,5,5,43.65669167,43.65669167,-93.383361110,-93.38336111,0,No Special Jurisdiction,42,Tree (Standing Only),0,The First Harmful Event was Not a Collision with a Motor Vehicle in Transport,0,No,1,Non-Junction,1,Not an Intersection,0,None,,,4,On Roadside,1,Daylight,,,,,1,Clear,0,No,0000000,Not Applicable,12,12:00pm-12:59pm,45,45,12,12:00pm-12:59pm,50,50,88,"Not Applicable (Not Transported) ",88,Not Applicable (Not Transported),,,,,,,1,
2023,27,270284,Minnesota,2,2,0,0,0,6,6,53,HENNEPIN (53),5990,ROGERS,21,21,10,October,2023,7,Saturday,16,4:00pm-4:59pm,49,49,1,This Section IS ON the NHS,2,Urban,1,Interstate,1,State Highway Agency,1,Interstate,I-94,,2060,2060,45.21511111,45.21511111,-93.591291670,-93.59129167,0,No Special Jurisdiction,72,"Cargo/Equipment Loss, Shift, or Damage [harmful]",0,The First Harmful Event was Not a Collision with a Motor Vehicle in Transport,0,No,1,Non-Junction,1,Not an Intersection,0,None,,,1,On Roadway,1,Daylight,,,,,10,Cloudy,0,No,0000000,Not Applicable,16,4:00pm-4:59pm,52,52,17,5:00pm-5:59pm,11,11,17,5:00pm-5:59pm,42,42,,,,,,,2,
2023,27,270285,Minnesota,2,2,0,0,0,6,6,137,ST LOUIS (137),0,NOT APPLICABLE,21,21,10,October,2023,7,Saturday,20,8:00pm-8:59pm,10,10,0,This Section IS NOT on the NHS,1,Rural,4,Minor Arterial,1,State Highway Agency,3,State Highway,SR-169,,3753,3753,47.62011111,47.62011111,-92.451997220,-92.45199722,0,No Special Jurisdiction,12,Motor Vehicle In-Transport,1,Front-to-Rear,0,No,1,Non-Junction,1,Not an Intersection,0,None,,,1,On Roadway,2,Dark - Not Lighted,,,,,10,Cloudy,0,No,0000000,Not Applicable,20,8:00pm-8:59pm,10,10,20,8:00pm-8:59pm,23,23,20,8:00pm-8:59pm,55,55,,,,,,,1,
2023,27,270286,Minnesota,1,1,0,0,0,1,1,157,WABASHA (157),0,NOT APPLICABLE,22,22,10,October,2023,1,Sunday,15,3:00pm-3:59pm,47,47,0,This Section IS NOT on the NHS,1,Rural,4,Minor Arterial,1,State Highway Agency,3,State Highway,SR-60,,2097,2097,44.33115556,44.33115556,-92.187705560,-92.18770556,0,No Special Jurisdiction,1,Rollover/Overturn,0,The First Harmful Event was Not a Collision with a Motor Vehicle in Transport,0,No,1,Non-Junction,1,Not an Intersection,0,None,,,1,On Roadway,1,Daylight,,,,,10,Cloudy,0,No,0000000,Not Applicable,15,3:00pm-3:59pm,47,47,16,4:00pm-4:59pm,1,1,88,"Not Applicable (Not Transported) ",88,Not Applicable (Not Transported),,,,,,,1,
2023,27,270288,Minnesota,2,2,0,0,0,2,2,55,HOUSTON (55),6660,SPRING GROVE,23,23,5,May,2023,3,Tuesday,16,4:00pm-4:59pm,41,41,0,This Section IS NOT on the NHS,1,Rural,4,Minor Arterial,1,State Highway Agency,3,State Highway,SR-44,CR-4,395,395,43.55798333,43.55798333,-91.650811110,-91.65081111,0,No Special Jurisdiction,12,Motor Vehicle In-Transport,6,Angle,0,No,2,Intersection,3,T-Intersection,0,None,,,1,On Roadway,1,Daylight,,,,,1,Clear,0,No,0000000,Not Applicable,16,4:00pm-4:59pm,42,42,16,4:00pm-4:59pm,45,45,18,6:00pm-6:59pm,21,21,,,,,,,1,
2023,27,270289,Minnesota,1,1,0,1,1,1,1,3,ANOKA (3),1492,COON RAPIDS,22,22,9,September,2023,6,Friday,5,5:00am-5:59am,57,57,0,This Section IS NOT on the NHS,2,Urban,5,Major Collector,2,County Highway Agency,4,County,CR-132  85TH AVE NW,,4,4,45.12442222,45.12442222,-93.279963890,-93.27996389,0,No Special Jurisdiction,8,Pedestrian,0,The First Harmful Event was Not a Collision with a Motor Vehicle in Transport,0,No,1,Non-Junction,1,Not an Intersection,0,None,,,1,On Roadway,2,Dark - Not Lighted,,,,,1,Clear,0,No,0000000,Not Applicable,6,6:00am-6:59am,10,10,6,6:00am-6:59am,19,19,6,6:00am-6:59am,36,36,,,,,,,1,
2023,27,270290,Minnesota,2,2,0,0,0,2,2,129,RENVILLE (129),0,NOT APPLICABLE,21,21,10,October,2023,7,Saturday,9,9:00am-9:59am,51,51,0,This Section IS NOT on the NHS,1,Rural,5,Major Collector,2,County Highway Agency,4,County,CR-4,CR-5,160,160,44.67356389,44.67356389,-94.894736110,-94.89473611,0,No Special Jurisdiction,12,Motor Vehicle In-Transport,6,Angle,0,No,2,Intersection,2,Four-Way Intersection,0,None,,,1,On Roadway,1,Daylight,,,,,1,Clear,0,No,0000000,Not Applicable,9,9:00am-9:59am,54,54,10,10:00am-10:59am,5,5,88,"Not Applicable (Not Transported) ",88,Not Applicable (Not Transported),,,,,,,2,
2023,27,270291,Minnesota,3,2,1,1,1,3,3,53,HENNEPIN (53),4760,MINNEAPOLIS,24,24,10,October,2023,3,Tuesday,20,8:00pm-8:59pm,38,38,0,This Section IS NOT on the NHS,2,Urban,5,Major Collector,4,City or Municipal Highway Agency,6,Municipal,MU-CHICAGO AVE S,MU-E 15TH ST,51,51,44.96790278,44.96790278,-93.262563890,-93.26256389,0,No Special Jurisdiction,8,Pedestrian,0,The First Harmful Event was Not a Collision with a Motor Vehicle in Transport,0,No,3,Intersection-Related,2,Four-Way Intersection,0,None,,,1,On Roadway,3,Dark - Lighted,,,,,2,Rain,0,No,0000000,Not Applicable,20,8:00pm-8:59pm,38,38,20,8:00pm-8:59pm,48,48,20,8:00pm-8:59pm,57,57,,,,,,,1,
2023,27,270292,Minnesota,2,2,0,0,0,2,2,13,BLUE EARTH (13),0,NOT APPLICABLE,17,17,10,October,2023,3,Tuesday,17,5:00pm-5:59pm,38,38,1,This Section IS ON the NHS,2,Urban,3,Other Principal Arterial,1,State Highway Agency,2,U.S. Highway,US-14,TS-610TH AVE,1388,1388,44.15762222,44.15762222,-93.848511110,-93.84851111,0,No Special Jurisdiction,12,Motor Vehicle In-Transport,6,Angle,0,No,2,Intersection,2,Four-Way Intersection,0,None,,,1,On Roadway,1,Daylight,,,,,1,Clear,0,No,0000000,Not Applicable,17,5:00pm-5:59pm,41,41,99,Unknown EMS Scene Arrival Hour,99,Unknown EMS Scene Arrival Minutes,99,Unknown,99,Unknown EMS Hospital Arrival Time,,,,,,,1,
2023,27,270293,Minnesota,1,1,0,0,0,1,1,53,HENNEPIN (53),4760,MINNEAPOLIS,24,24,6,June,2023,7,Saturday,14,2:00pm-2:59pm,46,46,0,This Section IS NOT on the NHS,2,Urban,5,Major Collector,4,City or Municipal Highway Agency,6,Municipal,MU-29TH AVE S,MU-38TH ST E,2,2,44.93420556,44.93420556,-93.230858330,-93.23085833,0,No Special Jurisdiction,1,Rollover/Overturn,0,The First Harmful Event was Not a Collision with a Motor Vehicle in Transport,0,No,2,Intersection,2,Four-Way Intersection,0,None,,,1,On Roadway,1,Daylight,,,,,99,Reported as Unknown,0,No,0000000,Not Applicable,14,2:00pm-2:59pm,46,46,14,2:00pm-2:59pm,48,48,15,3:00pm-3:59pm,2,2,,,,,,,1,
2023,27,270294,Minnesota,1,1,0,0,0,1,1,171,WRIGHT (171),0,NOT APPLICABLE,28,28,10,October,2023,7,Saturday,12,12:00pm-12:59pm,32,32,1,This Section IS ON the NHS,1,Rural,1,Interstate,1,State Highway Agency,1,Interstate,I-94,,1903,1903,45.33145000,45.33145000,-93.859152780,-93.85915278,0,No Special Jurisdiction,38,Fence,0,The First Harmful Event was Not a Collision with a Motor Vehicle in Transport,0,No,1,Non-Junction,1,Not an Intersection,0,None,,,5,Outside Trafficway,1,Daylight,,,,,10,Cloudy,0,No,0000000,Not Applicable,12,12:00pm-12:59pm,36,36,12,12:00pm-12:59pm,45,45,88,"Not Applicable (Not Transported) ",88,Not Applicable (Not Transported),,,,,,,1,
2023,27,270295,Minnesota,2,2,0,0,0,2,2,123,RAMSEY (123),4536,MAPLEWOOD,28,28,10,October,2023,7,Saturday,19,7:00pm-7:59pm,17,17,0,This Section IS NOT on the NHS,2,Urban,4,Minor Arterial,2,County Highway Agency,4,County,CR-WHITE BEAR AVE N,SR-HIGHWAY 36,47,47,45.01061667,45.01061667,-93.022463890,-93.02246389,0,No Special Jurisdiction,12,Motor Vehicle In-Transport,6,Angle,1,Yes,2,Intersection,2,Four-Way Intersection,0,None,,,1,On Roadway,3,Dark - Lighted,,,,,1,Clear,0,No,0000000,Not Applicable,19,7:00pm-7:59pm,20,20,19,7:00pm-7:59pm,26,26,19,7:00pm-7:59pm,45,45,,,,,,,1,
2023,27,270296,Minnesota,1,1,0,0,0,2,2,59,ISANTI (59),0,NOT APPLICABLE,28,28,10,October,2023,7,Saturday,22,10:00pm-10:59pm,29,29,0,This Section IS NOT on the NHS,1,Rural,5,Major Collector,2,County Highway Agency,4,County,CR-6 365TH AVE NW,,82,82,45.63771667,45.63771667,-93.370175000,-93.37017500,0,No Special Jurisdiction,1,Rollover/Overturn,0,The First Harmful Event was Not a Collision with a Motor Vehicle in Transport,0,No,1,Non-Junction,1,Not an Intersection,0,None,,,4,On Roadside,2,Dark - Not Lighted,,,,,1,Clear,0,No,0000000,Not Applicable,22,10:00pm-10:59pm,29,29,23,11:00pm-11:59pm,15,15,99,Unknown,99,Unknown EMS Hospital Arrival Time,,,,,,,1,
2023,27,270297,Minnesota,1,1,0,0,0,1,1,163,WASHINGTON (163),6455,SCANDIA,29,29,10,October,2023,1,Sunday,4,4:00am-4:59am,24,24,0,This Section IS NOT on the NHS,1,Rural,4,Minor Arterial,2,County Highway Agency,4,County,CR-15 MANNING TRL N,,223,223,45.24742778,45.24742778,-92.890097220,-92.89009722,0,No Special Jurisdiction,32,Culvert,0,The First Harmful Event was Not a Collision with a Motor Vehicle in Transport,0,No,1,Non-Junction,1,Not an Intersection,0,None,,,4,On Roadside,2,Dark - Not Lighted,,,,,10,Cloudy,0,No,0000000,Not Applicable,4,4:00am-4:59am,25,25,4,4:00am-4:59am,35,35,88,"Not Applicable (Not Transported) ",88,Not Applicable (Not Transported),,,,,,,1,
2023,27,270298,Minnesota,1,1,0,0,0,1,1,163,WASHINGTON (163),40,AFTON,23,23,10,October,2023,2,Monday,22,10:00pm-10:59pm,15,15,0,This Section IS NOT on the NHS,1,Rural,5,Major Collector,2,County Highway Agency,4,County,CR-21,,145,145,44.93983333,44.93983333,-92.796188890,-92.79618889,0,No Special Jurisdiction,59,"Traffic Sign Support ",0,The First Harmful Event was Not a Collision with a Motor Vehicle in Transport,0,No,1,Non-Junction,1,Not an Intersection,0,None,,,4,On Roadside,2,Dark - Not Lighted,,,,,1,Clear,0,No,0000000,Not Applicable,22,10:00pm-10:59pm,18,18,22,10:00pm-10:59pm,25,25,88,"Not Applicable (Not Transported) ",88,Not Applicable (Not Transported),,,,,,,1,
2023,27,270299,Minnesota,1,1,0,0,0,3,3,137,ST LOUIS (137),0,NOT APPLICABLE,31,31,10,October,2023,3,Tuesday,15,3:00pm-3:59pm,53,53,0,This Section IS NOT on the NHS,1,Rural,4,Minor Arterial,2,County Highway Agency,4,County,CR-4 VERMILLION TRL,,373,373,47.27091944,47.27091944,-92.170658330,-92.17065833,0,No Special Jurisdiction,1,Rollover/Overturn,0,The First Harmful Event was Not a Collision with a Motor Vehicle in Transport,0,No,1,Non-Junction,1,Not an Intersection,0,None,,,4,On Roadside,1,Daylight,,,,,1,Clear,0,No,0000000,Not Applicable,15,3:00pm-3:59pm,55,55,16,4:00pm-4:59pm,8,8,17,5:00pm-5:59pm,43,43,,,,,,,1,
2023,27,270300,Minnesota,2,2,0,0,0,4,4,123,RAMSEY (123),6330,ST. PAUL,2,2,11,November,2023,5,Thursday,15,3:00pm-3:59pm,12,12,0,This Section IS NOT on the NHS,2,Urban,7,Local,4,City or Municipal Highway Agency,6,Municipal,MU-W ORANGE AVE,MU-MAYWOOD ST N,2,2,44.97922500,44.97922500,-93.127630560,-93.12763056,0,No Special Jurisdiction,12,Motor Vehicle In-Transport,6,Angle,0,No,2,Intersection,2,Four-Way Intersection,0,None,,,1,On Roadway,1,Daylight,,,,,1,Clear,0,No,0000000,Not Applicable,15,3:00pm-3:59pm,15,15,15,3:00pm-3:59pm,19,19,99,Unknown,99,Unknown EMS Hospital Arrival Time,,,,,,,1,
2023,27,270301,Minnesota,3,3,0,0,0,3,3,127,REDWOOD (127),0,NOT APPLICABLE,1,1,11,November,2023,4,Wednesday,12,12:00pm-12:59pm,58,58,1,This Section IS ON the NHS,1,Rural,3,Other Principal Arterial,1,State Highway Agency,3,State Highway,SR-19,,633,633,44.54168056,44.54168056,-95.297386110,-95.29738611,0,No Special Jurisdiction,12,Motor Vehicle In-Transport,2,Front-to-Front,0,No,1,Non-Junction,1,Not an Intersection,0,None,,,1,On Roadway,1,Daylight,,,,,1,Clear,0,No,0000000,Not Applicable,12,12:00pm-12:59pm,59,59,13,1:00pm-1:59pm,9,9,88,"Not Applicable (Not Transported) ",88,Not Applicable (Not Transported),,,,,,,1,
2023,27,270302,Minnesota,1,1,0,0,0,1,1,53,HENNEPIN (53),4760,MINNEAPOLIS,5,5,11,November,2023,1,Sunday,20,8:00pm-8:59pm,2,2,1,This Section IS ON the NHS,2,Urban,1,Interstate,1,State Highway Agency,1,Interstate,I-WB ISTH 94 NEAR 49TH AVE,,2277,2277,45.03646111,45.03646111,-93.285713890,-93.28571389,0,No Special Jurisdiction,24,Guardrail Face,0,The First Harmful Event was Not a Collision with a Motor Vehicle in Transport,0,No,1,Non-Junction,1,Not an Intersection,0,None,,,4,On Roadside,3,Dark - Lighted,,,,,1,Clear,0,No,0000000,Not Applicable,99,Unknown,99,Unknown,99,Unknown EMS Scene Arrival Hour,99,Unknown EMS Scene Arrival Minutes,88,"Not Applicable (Not Transported) ",88,Not Applicable (Not Transported),,,,,,,1,
2023,27,270303,Minnesota,1,1,0,0,0,1,1,137,ST LOUIS (137),0,NOT APPLICABLE,29,29,10,October,2023,1,Sunday,8,8:00am-8:59am,55,55,0,This Section IS NOT on the NHS,1,Rural,5,Major Collector,2,County Highway Agency,4,County,CR-7,,202,202,47.05393889,47.05393889,-92.598950000,-92.59895000,0,No Special Jurisdiction,1,Rollover/Overturn,0,The First Harmful Event was Not a Collision with a Motor Vehicle in Transport,0,No,1,Non-Junction,1,Not an Intersection,0,None,,,4,On Roadside,1,Daylight,,,,,1,Clear,0,No,0000000,Not Applicable,9,9:00am-9:59am,2,2,9,9:00am-9:59am,28,28,88,"Not Applicable (Not Transported) ",88,Not Applicable (Not Transported),,,,,,,1,
2023,27,270304,Minnesota,2,2,0,0,0,2,2,83,LYON (83),0,NOT APPLICABLE,1,1,11,November,2023,4,Wednesday,14,2:00pm-2:59pm,30,30,1,This Section IS ON the NHS,2,Urban,3,Other Principal Arterial,1,State Highway Agency,3,State Highway,SR-23,CR-33,764,764,44.47220833,44.47220833,-95.755780560,-95.75578056,0,No Special Jurisdiction,12,Motor Vehicle In-Transport,6,Angle,0,No,2,Intersection,2,Four-Way Intersection,0,None,,,1,On Roadway,1,Daylight,,,,,1,Clear,0,No,0000000,Not Applicable,14,2:00pm-2:59pm,30,30,14,2:00pm-2:59pm,36,36,15,3:00pm-3:59pm,38,38,,,,,,,1,
2023,27,270305,Minnesota,2,2,0,0,0,3,3,51,GRANT (51),0,NOT APPLICABLE,3,3,11,November,2023,6,Friday,14,2:00pm-2:59pm,9,9,0,This Section IS NOT on the NHS,1,Rural,6,Minor Collector,2,County Highway Agency,4,County,CR-26 100TH ST,TS-295TH AVE,124,124,46.10814167,46.10814167,-95.874358330,-95.87435833,0,No Special Jurisdiction,12,Motor Vehicle In-Transport,6,Angle,0,No,2,Intersection,2,Four-Way Intersection,0,None,,,1,On Roadway,1,Daylight,,,,,1,Clear,0,No,0000000,Not Applicable,14,2:00pm-2:59pm,12,12,14,2:00pm-2:59pm,20,20,14,2:00pm-2:59pm,30,30,,,,,,,1,
2023,27,270306,Minnesota,3,3,0,0,0,3,3,137,ST LOUIS (137),0,NOT APPLICABLE,8,8,11,November,2023,4,Wednesday,16,4:00pm-4:59pm,52,52,0,This Section IS NOT on the NHS,1,Rural,4,Minor Arterial,1,State Highway Agency,3,State Highway,SR-135,,82,82,47.51177778,47.51177778,-92.359600000,-92.35960000,0,No Special Jurisdiction,12,Motor Vehicle In-Transport,2,Front-to-Front,0,No,1,Non-Junction,1,Not an Intersection,0,None,,,1,On Roadway,1,Daylight,,,,,2,Rain,0,No,0000000,Not Applicable,16,4:00pm-4:59pm,52,52,17,5:00pm-5:59pm,0,0,17,5:00pm-5:59pm,55,55,,,,,,,1,
2023,27,270307,Minnesota,1,1,0,0,0,1,1,99,MOWER (99),0,NOT APPLICABLE,9,9,11,November,2023,5,Thursday,7,7:00am-7:59am,15,15,0,This Section IS NOT on the NHS,1,Rural,5,Major Collector,1,State Highway Agency,3,State Highway,SR-105,,16,16,43.52298611,43.52298611,-93.010947220,-93.01094722,0,No Special Jurisdiction,1,Rollover/Overturn,0,The First Harmful Event was Not a Collision with a Motor Vehicle in Transport,0,No,1,Non-Junction,1,Not an Intersection,0,None,,,1,On Roadway,4,Dawn,,,,,1,Clear,0,No,0000000,Not Applicable,0,0:00am-0:59am,0,0,0,0:00am-0:59am,0,0,88,"Not Applicable (Not Transported) ",88,Not Applicable (Not Transported),,,,,,,1,
2023,27,270308,Minnesota,3,3,0,0,0,4,4,123,RAMSEY (123),6070,ROSEVILLE,9,9,11,November,2023,5,Thursday,16,4:00pm-4:59pm,30,30,0,This Section IS NOT on the NHS,2,Urban,4,Minor Arterial,2,County Highway Agency,4,County,CR-51 LEXINGTON AVE N,CR-23  COUTY RD C,76,76,45.02026944,45.02026944,-93.146516670,-93.14651667,0,No Special Jurisdiction,12,Motor Vehicle In-Transport,6,Angle,0,No,2,Intersection,2,Four-Way Intersection,0,None,,,1,On Roadway,1,Daylight,,,,,1,Clear,0,No,0000000,Not Applicable,16,4:00pm-4:59pm,35,35,16,4:00pm-4:59pm,45,45,17,5:00pm-5:59pm,25,25,,,,,,,1,
2023,27,270309,Minnesota,2,2,0,0,0,3,3,131,RICE (131),0,NOT APPLICABLE,11,11,11,November,2023,7,Saturday,11,11:00am-11:59am,7,7,0,This Section IS NOT on the NHS,1,Rural,5,Major Collector,2,County Highway Agency,4,County,CR-1 MILLERSBURG BLVD,,123,123,44.42902222,44.42902222,-93.289072220,-93.28907222,0,No Special Jurisdiction,12,Motor Vehicle In-Transport,2,Front-to-Front,0,No,1,Non-Junction,1,Not an Intersection,0,None,,,1,On Roadway,1,Daylight,,,,,10,Cloudy,0,No,0000000,Not Applicable,11,11:00am-11:59am,7,7,11,11:00am-11:59am,15,15,12,12:00pm-12:59pm,0,0,,,,,,,1,
2023,27,270310,Minnesota,1,1,0,0,0,1,1,145,STEARNS (145),0,NOT APPLICABLE,6,6,11,November,2023,2,Monday,17,5:00pm-5:59pm,25,25,0,This Section IS NOT on the NHS,1,Rural,6,Minor Collector,2,County Highway Agency,4,County,CR-49,,36,36,45.42731944,45.42731944,-94.458391670,-94.45839167,0,No Special Jurisdiction,30,Utility Pole/Light Support,0,The First Harmful Event was Not a Collision with a Motor Vehicle in Transport,0,No,1,Non-Junction,1,Not an Intersection,0,None,,,4,On Roadside,2,Dark - Not Lighted,,,,,1,Clear,0,No,0000000,Not Applicable,17,5:00pm-5:59pm,26,26,17,5:00pm-5:59pm,45,45,88,"Not Applicable (Not Transported) ",88,Not Applicable (Not Transported),,,,,,,1,
2023,27,270311,Minnesota,3,3,0,0,0,4,4,53,HENNEPIN (53),821,BROOKLYN PARK,13,13,11,November,2023,2,Monday,11,11:00am-11:59am,24,24,1,This Section IS ON the NHS,2,Urban,3,Other Principal Arterial,1,State Highway Agency,2,U.S. Highway,US-169,109TH AVENUE,1401,1401,45.15025833,45.15025833,-93.392105560,-93.39210556,0,No Special Jurisdiction,12,Motor Vehicle In-Transport,1,Front-to-Rear,0,No,3,Intersection-Related,98,Not Reported,0,None,,,1,On Roadway,1,Daylight,,,,,1,Clear,0,No,0000000,Not Applicable,11,11:00am-11:59am,24,24,11,11:00am-11:59am,24,24,11,11:00am-11:59am,50,50,,,,,,,2,
2023,27,270312,Minnesota,1,1,0,1,1,1,1,95,MILLE LACS (95),0,NOT APPLICABLE,13,13,11,November,2023,2,Monday,16,4:00pm-4:59pm,51,51,1,This Section IS ON the NHS,1,Rural,3,Other Principal Arterial,1,State Highway Agency,2,U.S. Highway,US-169,,2164,2164,46.14045556,46.14045556,-93.704708330,-93.70470833,0,No Special Jurisdiction,8,Pedestrian,0,The First Harmful Event was Not a Collision with a Motor Vehicle in Transport,0,No,1,Non-Junction,1,Not an Intersection,0,None,,,99,Reported as Unknown,5,Dusk,,,,,1,Clear,0,No,0000000,Not Applicable,16,4:00pm-4:59pm,51,51,16,4:00pm-4:59pm,59,59,88,"Not Applicable (Not Transported) ",88,Not Applicable (Not Transported),,,,,,,1,