caseyear,state,st_case,statename,ve_total,ve_forms,pvh_invl,peds,pernotmvit,permvit,persons,county,countyname,city,cityname,day,dayname,month,monthname,year,day_week,day_weekname,hour,hourname,minute,minutename,nhs,nhsname,rur_urb,rur_urbname,func_sys,func_sysname,rd_owner,rd_ownername,route,routename,tway_id,tway_id2,milept,mileptname,latitude,latitudename,longitud,longitudname,sp_jur,sp_jurname,harm_ev,harm_evname,man_coll,man_collname,reljct1,reljct1name,reljct2,reljct2name,typ_int,typ_intname,wrk_zone,wrk_zonename,road_fnc,road_fncname,rel_road,rel_roadname,lgt_cond,lgt_condname,weather1,weather1name,weather2,weather2name,weather,weathername,sch_bus,sch_busname,rail,railname,not_hour,not_hourname,not_min,not_minname,arr_hour,arr_hourname,arr_min,arr_minname,hosp_hr,hosp_hrname,hosp_mn,hosp_mnname,cf1,cf1name,cf2,cf2name,cf3,cf3name,fatals,drunk_dr
2023,27,270313,Minnesota,1,1,0,0,0,2,2,41,DOUGLAS (41),0,NOT APPLICABLE,13,13,11,November,2023,2,Monday,16,4:00pm-4:59pm,43,43,0,This Section IS NOT on the NHS,1,Rural,6,Minor Collector,1,State Highway Agency,4,County,CR-4,,41,41,45.80349167,45.80349167,-95.499175000,-95.49917500,0,No Special Jurisdiction,42,Tree (Standing Only),0,The First Harmful Event was Not a Collision with a Motor Vehicle in Transport,0,No,1,Non-Junction,1,Not an Intersection,0,None,,,5,Outside Trafficway,1,Daylight,,,,,1,Clear,0,No,0000000,Not Applicable,16,4:00pm-4:59pm,44,44,16,4:00pm-4:59pm,53,53,17,5:00pm-5:59pm,37,37,,,,,,,2,
2023,27,270314,Minnesota,1,1,0,1,1,1,1,3,ANOKA (3),2560,FRIDLEY,16,16,11,November,2023,5,Thursday,17,5:00pm-5:59pm,46,46,0,This Section IS NOT on the NHS,2,Urban,4,Minor Arterial,1,State Highway Agency,3,State Highway,SR-4 UNIVERSITY AVE NE,MU-MISSISSIPPI ST,83,83,45.08550278,45.08550278,-93.263419440,-93.26341944,0,No Special Jurisdiction,8,Pedestrian,0,The First Harmful Event was Not a Collision with a Motor Vehicle in Transport,0,No,3,Intersection-Related,2,Four-Way Intersection,0,None,,,1,On Roadway,3,Dark - Lighted,,,,,1,Clear,0,No,0000000,Not Applicable,17,5:00pm-5:59pm,46,46,17,5:00pm-5:59pm,55,55,18,6:00pm-6:59pm,20,20,,,,,,,1,
2023,27,270315,Minnesota,2,2,0,0,0,2,2,137,ST LOUIS (137),3280,HIBBING,16,16,11,November,2023,5,Thursday,17,5:00pm-5:59pm,1,1,1,This Section IS ON the NHS,2,Urban,3,Other Principal Arterial,1,State Highway Agency,2,U.S. Highway,US-169,MU-KITZVILLE RD,3363,3363,47.45372778,47.45372778,-92.894252780,-92.89425278,0,No Special Jurisdiction,12,Motor Vehicle In-Transport,6,Angle,0,No,3,Intersection-Related,2,Four-Way Intersection,0,None,,,1,On Roadway,5,Dusk,,,,,1,Clear,0,No,0000000,Not Applicable,17,5:00pm-5:59pm,1,1,17,5:00pm-5:59pm,8,8,88,"Not Applicable (Not Transported) ",88,Not Applicable (Not Transported),,,,,,,1,
2023,27,270316,Minnesota,1,1,0,0,0,1,1,3,ANOKA (3),4184,LINO LAKES,18,18,11,November,2023,7,Saturday,2,2:00am-2:59am,34,34,1,This Section IS ON the NHS,2,Urban,1,Interstate,1,State Highway Agency,1,Interstate,I-35E,,1235,1235,45.16346667,45.16346667,-93.032122220,-93.03212222,0,No Special Jurisdiction,34,Ditch,0,The First Harmful Event was Not a Collision with a Motor Vehicle in Transport,1,Yes,5,Entrance/Exit Ramp Related,1,Not an Intersection,0,None,,,4,On Roadside,3,Dark - Lighted,,,,,1,Clear,0,No,0000000,Not Applicable,2,2:00am-2:59am,34,34,2,2:00am-2:59am,48,48,88,"Not Applicable (Not Transported) ",88,Not Applicable (Not Transported),,,,,,,1,
2023,27,270317,Minnesota,1,1,0,0,0,2,2,141,SHERBURNE (141),0,NOT APPLICABLE,19,19,11,November,2023,1,Sunday,13,1:00pm-1:59pm,2,2,0,This Section IS NOT on the NHS,1,Rural,6,Minor Collector,2,County Highway Agency,4,County,CR-3 17TH ST,,114,114,45.54466667,45.54466667,-93.869927780,-93.86992778,0,No Special Jurisdiction,1,Rollover/Overturn,0,The First Harmful Event was Not a Collision with a Motor Vehicle in Transport,0,No,1,Non-Junction,1,Not an Intersection,0,None,,,4,On Roadside,1,Daylight,,,,,1,Clear,0,No,0000000,Not Applicable,13,1:00pm-1:59pm,5,5,13,1:00pm-1:59pm,35,35,88,"Not Applicable (Not Transported) ",88,Not Applicable (Not Transported),,,,,,,2,
2023,27,270318,Minnesota,2,2,0,0,0,4,4,85,MCLEOD (85),0,NOT APPLICABLE,18,18,11,November,2023,7,Saturday,18,6:00pm-6:59pm,30,30,1,This Section IS ON the NHS,1,Rural,3,Other Principal Arterial,1,State Highway Agency,3,State Highway,SR-7,,1490,1490,44.89272500,44.89272500,-94.229327780,-94.22932778,0,No Special Jurisdiction,12,Motor Vehicle In-Transport,2,Front-to-Front,0,No,1,Non-Junction,1,Not an Intersection,0,None,,,1,On Roadway,2,Dark - Not Lighted,,,,,1,Clear,0,No,0000000,Not Applicable,18,6:00pm-6:59pm,31,31,18,6:00pm-6:59pm,39,39,19,7:00pm-7:59pm,48,48,,,,,,,2,
2023,27,270319,Minnesota,2,2,0,0,0,5,5,141,SHERBURNE (141),9997,Other,17,17,11,November,2023,6,Friday,20,8:00pm-8:59pm,0,0,0,This Section IS NOT on the NHS,1,Rural,7,Local,4,City or Municipal Highway Agency,6,Municipal,MU-JARVIS ST NW,,4,4,45.38159167,45.38159167,-93.509852780,-93.50985278,0,No Special Jurisdiction,12,Motor Vehicle In-Transport,8,Sideswipe - Opposite Direction,0,No,1,Non-Junction,1,Not an Intersection,0,None,,,1,On Roadway,2,Dark - Not Lighted,,,,,1,Clear,0,No,0000000,Not Applicable,20,8:00pm-8:59pm,0,0,20,8:00pm-8:59pm,20,20,21,9:00pm-9:59pm,25,25,,,,,,,1,
2023,27,270320,Minnesota,1,1,0,0,0,2,2,137,ST LOUIS (137),0,NOT APPLICABLE,15,15,11,November,2023,4,Wednesday,18,6:00pm-6:59pm,54,54,0,This Section IS NOT on the NHS,1,Rural,5,Major Collector,2,County Highway Agency,4,County,CR-23 NETT LAKE RD,,135,135,48.01616111,48.01616111,-92.906672220,-92.90667222,0,No Special Jurisdiction,1,Rollover/Overturn,0,The First Harmful Event was Not a Collision with a Motor Vehicle in Transport,0,No,1,Non-Junction,1,Not an Intersection,0,None,,,4,On Roadside,2,Dark - Not Lighted,,,,,1,Clear,0,No,0000000,Not Applicable,18,6:00pm-6:59pm,55,55,19,7:00pm-7:59pm,7,7,21,9:00pm-9:59pm,35,35,,,,,,,1,
2023,27,270321,Minnesota,2,2,0,0,0,4,4,19,CARVER (19),7800,YOUNG AMERICA (HISTORICAL),14,14,11,November,2023,3,Tuesday,12,12:00pm-12:59pm,29,29,1,This Section IS ON the NHS,1,Rural,3,Other Principal Arterial,1,State Highway Agency,2,U.S. Highway,US-USTH 212,REFORM,1309,1309,44.77246667,44.77246667,-93.929461110,-93.92946111,0,No Special Jurisdiction,12,Motor Vehicle In-Transport,6,Angle,0,No,2,Intersection,2,Four-Way Intersection,0,None,,,1,On Roadway,1,Daylight,,,,,10,Cloudy,0,No,0000000,Not Applicable,12,12:00pm-12:59pm,29,29,12,12:00pm-12:59pm,40,40,13,1:00pm-1:59pm,0,0,,,,,,,1,
2023,27,270322,Minnesota,1,1,0,1,1,4,4,53,HENNEPIN (53),4810,MINNETONKA MILLS,18,18,11,November,2023,7,Saturday,15,3:00pm-3:59pm,47,47,0,This Section IS NOT on the NHS,2,Urban,5,Major Collector,4,City or Municipal Highway Agency,6,Municipal,MU-CEDAR LAKE RD,,15,15,44.95388611,44.95388611,-93.412472220,-93.41247222,0,No Special Jurisdiction,8,Pedestrian,0,The First Harmful Event was Not a Collision with a Motor Vehicle in Transport,0,No,1,Non-Junction,1,Not an Intersection,0,None,,,1,On Roadway,1,Daylight,,,,,1,Clear,0,No,0000000,Not Applicable,15,3:00pm-3:59pm,49,49,15,3:00pm-3:59pm,57,57,16,4:00pm-4:59pm,22,22,,,,,,,1,
2023,27,270323,Minnesota,1,1,0,0,0,1,1,37,DAKOTA (37),5800,RANDOLPH,29,29,11,November,2023,4,Wednesday,8,8:00am-8:59am,7,7,0,This Section IS NOT on the NHS,1,Rural,4,Minor Arterial,1,State Highway Agency,3,State Highway,SR-56 RANDOLPH BLVD,,944,944,44.52224167,44.52224167,-93.012466670,-93.01246667,0,No Special Jurisdiction,1,Rollover/Overturn,0,The First Harmful Event was Not a Collision with a Motor Vehicle in Transport,0,No,1,Non-Junction,1,Not an Intersection,0,None,,,4,On Roadside,1,Daylight,,,,,1,Clear,0,No,0000000,Not Applicable,8,8:00am-8:59am,7,7,8,8:00am-8:59am,23,23,88,"Not Applicable (Not Transported) ",88,Not Applicable (Not Transported),,,,,,,1,
2023,27,270324,Minnesota,2,2,0,0,0,3,3,67,KANDIYOHI (67),0,NOT APPLICABLE,29,29,11,November,2023,4,Wednesday,11,11:00am-11:59am,36,36,0,This Section IS NOT on the NHS,1,Rural,5,Major Collector,2,County Highway Agency,4,County,CR-5 45TH ST SW,CR-3 120TH AVE SW,82,82,45.00833333,45.00833333,-95.106127780,-95.10612778,0,No Special Jurisdiction,12,Motor Vehicle In-Transport,6,Angle,0,No,2,Intersection,2,Four-Way Intersection,0,None,,,1,On Roadway,1,Daylight,,,,,1,Clear,0,No,0000000,Not Applicable,11,11:00am-11:59am,39,39,11,11:00am-11:59am,44,44,12,12:00pm-12:59pm,25,25,,,,,,,2,
2023,27,270325,Minnesota,2,2,0,0,0,2,2,145,STEARNS (145),0,NOT APPLICABLE,29,29,11,November,2023,4,Wednesday,9,9:00am-9:59am,45,45,0,This Section IS NOT on the NHS,1,Rural,5,Major Collector,2,County Highway Agency,4,County,CR-9,,200,200,45.58597222,45.58597222,-94.499455560,-94.49945556,0,No Special Jurisdiction,12,Motor Vehicle In-Transport,2,Front-to-Front,0,No,1,Non-Junction,1,Not an Intersection,0,None,,,1,On Roadway,1,Daylight,,,,,1,Clear,0,No,0000000,Not Applicable,9,9:00am-9:59am,50,50,9,9:00am-9:59am,55,55,88,"Not Applicable (Not Transported) ",88,Not Applicable (Not Transported),,,,,,,1,
2023,27,270326,Minnesota,1,1,0,0,0,1,1,123,RAMSEY (123),5090,NEW BRIGHTON,30,30,11,November,2023,5,Thursday,21,9:00pm-9:59pm,39,39,1,This Section IS ON the NHS,2,Urban,1,Interstate,1,State Highway Agency,1,Interstate,I-694,,394,394,45.06699167,45.06699167,-93.190486110,-93.19048611,0,No Special Jurisdiction,39,Wall,0,The First Harmful Event was Not a Collision with a Motor Vehicle in Transport,1,Yes,19,Other location within Interchange Area,1,Not an Intersection,0,None,,,3,On Median,3,Dark - Lighted,,,,,1,Clear,0,No,0000000,Not Applicable,21,9:00pm-9:59pm,39,39,21,9:00pm-9:59pm,45,45,88,"Not Applicable (Not Transported) ",88,Not Applicable (Not Transported),,,,,,,1,
2023,27,270327,Minnesota,1,1,0,1,1,1,1,35,CROW WING (35),420,BAXTER,30,30,11,November,2023,5,Thursday,6,6:00am-6:59am,7,7,1,This Section IS ON the NHS,2,Urban,3,Other Principal Arterial,1,State Highway Agency,3,State Highway,SR-371,WOIDA RD,286,286,46.36947500,46.36947500,-94.244227780,-94.24422778,0,No Special Jurisdiction,8,Pedestrian,0,The First Harmful Event was Not a Collision with a Motor Vehicle in Transport,0,No,3,Intersection-Related,2,Four-Way Intersection,0,None,,,1,On Roadway,3,Dark - Lighted,,,,,1,Clear,0,No,0000000,Not Applicable,6,6:00am-6:59am,7,7,6,6:00am-6:59am,10,10,88,"Not Applicable (Not Transported) ",88,Not Applicable (Not Transported),,,,,,,1,
2023,27,270328,Minnesota,1,1,0,0,0,2,2,53,HENNEPIN (53),821,BROOKLYN PARK,26,26,11,November,2023,1,Sunday,12,12:00pm-12:59pm,33,33,0,This Section IS NOT on the NHS,2,Urban,4,Minor Arterial,2,County Highway Agency,4,County,CR-81,GREEN HAVEN DR N,93,93,45.10067222,45.10067222,-93.389097220,-93.38909722,0,No Special Jurisdiction,1,Rollover/Overturn,0,The First Harmful Event was Not a Collision with a Motor Vehicle in Transport,0,No,3,Intersection-Related,2,Four-Way Intersection,0,None,,,3,On Median,1,Daylight,,,,,1,Clear,0,No,0000000,Not Applicable,12,12:00pm-12:59pm,44,44,12,12:00pm-12:59pm,45,45,88,"Not Applicable (Not Transported) ",88,Not Applicable (Not Transported),,,,,,,1,
2023,27,270329,Minnesota,2,2,0,0,0,2,2,27,CLAY (27),0,NOT APPLICABLE,1,1,12,December,2023,6,Friday,17,5:00pm-5:59pm,15,15,0,This Section IS NOT on the NHS,2,Urban,4,Minor Arterial,1,State Highway Agency,2,U.S. Highway,US-75 8TH ST S,CR-12 60TH AVE S,2458,2458,46.80409722,46.80409722,-96.767525000,-96.76752500,0,No Special Jurisdiction,12,Motor Vehicle In-Transport,2,Front-to-Front,0,No,2,Intersection,6,Roundabout,0,None,,,1,On Roadway,3,Dark - Lighted,,,,,1,Clear,0,No,0000000,Not Applicable,17,5:00pm-5:59pm,15,15,17,5:00pm-5:59pm,29,29,18,6:00pm-6:59pm,12,12,,,,,,,1,
2023,27,270331,Minnesota,1,1,0,1,1,1,1,53,HENNEPIN (53),4495,MAPLE GROVE,2,2,12,December,2023,7,Saturday,21,9:00pm-9:59pm,19,19,1,This Section IS ON the NHS,2,Urban,1,Interstate,1,State Highway Agency,1,Interstate,I-94,,2183,2183,45.08889167,45.08889167,-93.427458330,-93.42745833,0,No Special Jurisdiction,8,Pedestrian,0,The First Harmful Event was Not a Collision with a Motor Vehicle in Transport,0,No,1,Non-Junction,1,Not an Intersection,0,None,,,1,On Roadway,3,Dark - Lighted,,,,,1,Clear,0,No,0000000,Not Applicable,21,9:00pm-9:59pm,14,14,21,9:00pm-9:59pm,21,21,88,"Not Applicable (Not Transported) ",88,Not Applicable (Not Transported),,,,,,,1,
2023,27,270332,Minnesota,3,3,0,0,0,3,3,163,WASHINGTON (163),2857,GRANT,29,29,11,November,2023,4,Wednesday,7,7:00am-7:59am,50,50,0,This Section IS NOT on the NHS,1,Rural,4,Minor Arterial,2,County Highway Agency,4,County,CR-9 JAMACA AVE N,,15,15,45.07905833,45.07905833,-92.924105560,-92.92410556,0,No Special Jurisdiction,12,Motor Vehicle In-Transport,2,Front-to-Front,0,No,1,Non-Junction,1,Not an Intersection,0,None,,,1,On Roadway,1,Daylight,,,,,1,Clear,0,No,0000000,Not Applicable,7,7:00am-7:59am,50,50,8,8:00am-8:59am,0,0,8,8:00am-8:59am,45,45,,,,,,,1,
2023,27,270333,Minnesota,1,1,0,0,0,1,1,37,DAKOTA (37),956,BURNSVILLE,3,3,12,December,2023,1,Sunday,19,7:00pm-7:59pm,8,8,1,This Section IS ON the NHS,2,Urban,1,Interstate,1,State Highway Agency,1,Interstate,I-35W,,4,4,44.73769167,44.73769167,-93.283405560,-93.28340556,0,No Special Jurisdiction,35,Embankment,0,The First Harmful Event was Not a Collision with a Motor Vehicle in Transport,1,Yes,19,Other location within Interchange Area,1,Not an Intersection,0,None,,,4,On Roadside,3,Dark - Lighted,,,,,1,Clear,0,No,0000000,Not Applicable,19,7:00pm-7:59pm,8,8,19,7:00pm-7:59pm,10,10,88,"Not Applicable (Not Transported) ",88,Not Applicable (Not Transported),,,,,,,1,
2023,27,270334,Minnesota,2,2,0,0,0,2,2,5,BECKER (5),0,NOT APPLICABLE,1,1,12,December,2023,6,Friday,16,4:00pm-4:59pm,2,2,1,This Section IS ON the NHS,2,Urban,3,Other Principal Arterial,1,State Highway Agency,2,U.S. Highway,US-59,,2643,2643,46.84567222,46.84567222,-95.863308330,-95.86330833,0,No Special Jurisdiction,12,Motor Vehicle In-Transport,2,Front-to-Front,0,No,1,Non-Junction,1,Not an Intersection,0,None,,,1,On Roadway,1,Daylight,,,,,1,Clear,0,No,0000000,Not Applicable,16,4:00pm-4:59pm,2,2,16,4:00pm-4:59pm,15,15,16,4:00pm-4:59pm,52,52,,,,,,,1,
2023,27,270335,Minnesota,1,1,0,0,0,1,1,45,FILLMORE (45),0,NOT APPLICABLE,20,20,11,November,2023,2,Monday,11,11:00am-11:59am,25,25,0,This Section IS NOT on the NHS,1,Rural,7,Local,3,Town or Township Highway Agency,5,Township,TS-321 241ST AVE,,32,32,43.56205556,43.56205556,-92.169169440,-92.16916944,0,No Special Jurisdiction,1,Rollover/Overturn,0,The First Harmful Event was Not a Collision with a Motor Vehicle in Transport,0,No,1,Non-Junction,1,Not an Intersection,0,None,,,4,On Roadside,1,Daylight,,,,,1,Clear,0,No,0000000,Not Applicable,11,11:00am-11:59am,26,26,11,11:00am-11:59am,39,39,12,12:00pm-12:59pm,30,30,,,,,,,1,
2023,27,270336,Minnesota,4,4,0,0,0,8,8,171,WRIGHT (171),100,ALBERTVILLE,6,6,12,December,2023,4,Wednesday,12,12:00pm-12:59pm,24,24,1,This Section IS ON the NHS,2,Urban,1,Interstate,1,State Highway Agency,1,Interstate,I-94,,2029,2029,45.23704722,45.23704722,-93.647302780,-93.64730278,0,No Special Jurisdiction,12,Motor Vehicle In-Transport,1,Front-to-Rear,1,Yes,18,Through Roadway,1,Not an Intersection,0,None,,,1,On Roadway,1,Daylight,,,,,1,Clear,0,No,0000000,Not Applicable,12,12:00pm-12:59pm,27,27,12,12:00pm-12:59pm,34,34,99,Unknown,99,Unknown EMS Hospital Arrival Time,,,,,,,1,
2023,27,270337,Minnesota,1,1,0,0,0,1,1,137,ST LOUIS (137),0,NOT APPLICABLE,5,5,1,January,2023,5,Thursday,9,9:00am-9:59am,55,55,0,This Section IS NOT on the NHS,1,Rural,7,Local,2,County Highway Agency,4,County,CR-694 CENTER LINE RD,,16,16,46.90075278,46.90075278,-92.522525000,-92.52252500,0,No Special Jurisdiction,10,Railway Vehicle,0,The First Harmful Event was Not a Collision with a Motor Vehicle in Transport,0,No,6,"Railway Grade Crossing ",1,Not an Intersection,0,None,,,1,On Roadway,1,Daylight,,,,,1,Clear,0,No,251928Y,251928Y,9,9:00am-9:59am,59,59,10,10:00am-10:59am,10,10,88,"Not Applicable (Not Transported) ",88,Not Applicable (Not Transported),,,,,,,1,
2023,27,270338,Minnesota,4,4,0,0,0,5,5,103,NICOLLET (103),6350,ST. PETER,27,27,11,November,2023,2,Monday,17,5:00pm-5:59pm,26,26,1,This Section IS ON the NHS,2,Urban,3,Other Principal Arterial,1,State Highway Agency,2,U.S. Highway,US-169,MU-WASHINGTON AVE,642,642,44.30760278,44.30760278,-93.970852780,-93.97085278,0,No Special Jurisdiction,12,Motor Vehicle In-Transport,6,Angle,0,No,2,Intersection,3,T-Intersection,0,None,,,1,On Roadway,3,Dark - Lighted,,,,,1,Clear,0,No,0000000,Not Applicable,17,5:00pm-5:59pm,26,26,17,5:00pm-5:59pm,33,33,18,6:00pm-6:59pm,3,3,,,,,,,2,
2023,27,270339,Minnesota,2,2,0,0,0,2,2,141,SHERBURNE (141),0,NOT APPLICABLE,29,29,11,November,2023,4,Wednesday,7,7:00am-7:59am,15,15,1,This Section IS ON the NHS,1,Rural,3,Other Principal Arterial,1,State Highway Agency,2,U.S. Highway,US-169,,1624,1624,45.40231667,45.40231667,-93.566338890,-93.56633889,0,No Special Jurisdiction,1,Rollover/Overturn,0,The First Harmful Event was Not a Collision with a Motor Vehicle in Transport,0,No,1,Non-Junction,1,Not an Intersection,0,None,,,3,On Median,1,Daylight,,,,,1,Clear,0,No,0000000,Not Applicable,7,7:00am-7:59am,15,15,7,7:00am-7:59am,21,21,88,"Not Applicable (Not Transported) ",88,Not Applicable (Not Transported),,,,,,,1,
2023,27,270340,Minnesota,3,3,0,0,0,4,4,53,HENNEPIN (53),4760,MINNEAPOLIS,7,7,12,December,2023,5,Thursday,17,5:00pm-5:59pm,44,44,1,This Section IS ON the NHS,2,Urban,3,Other Principal Arterial,1,State Highway Agency,3,State Highway,SR-55 HIAWATHA AVE,,1925,1925,44.95724444,44.95724444,-93.243969440,-93.24396944,0,No Special Jurisdiction,12,Motor Vehicle In-Transport,2,Front-to-Front,0,No,1,Non-Junction,1,Not an Intersection,0,None,,,1,On Roadway,3,Dark - Lighted,,,,,10,Cloudy,0,No,0000000,Not Applicable,17,5:00pm-5:59pm,46,46,17,5:00pm-5:59pm,51,51,18,6:00pm-6:59pm,4,4,,,,,,,2,
2023,27,270341,Minnesota,1,1,0,0,0,1,1,163,WASHINGTON (163),0,NOT APPLICABLE,7,7,12,December,2023,5,Thursday,18,6:00pm-6:59pm,39,39,0,This Section IS NOT on the NHS,1,Rural,4,Minor Arterial,2,County Highway Agency,4,County,CR-21 ST CROIX TRL S,,64,64,44.83744167,44.83744167,-92.797058330,-92.79705833,0,No Special Jurisdiction,11,Live Animal,0,The First Harmful Event was Not a Collision with a Motor Vehicle in Transport,0,No,1,Non-Junction,1,Not an Intersection,0,None,,,1,On Roadway,2,Dark - Not Lighted,,,,,1,Clear,0,No,0000000,Not Applicable,18,6:00pm-6:59pm,39,39,18,6:00pm-6:59pm,50,50,19,7:00pm-7:59pm,15,15,,,,,,,1,
2023,27,270342,Minnesota,2,2,0,0,0,2,2,61,ITASCA (61),1010,CALUMET,9,9,12,December,2023,7,Saturday,4,4:00am-4:59am,30,30,1,This Section IS ON the NHS,2,Urban,3,Other Principal Arterial,1,State Highway Agency,2,U.S. Highway,US-169,,3393,3393,47.32486667,47.32486667,-93.251938890,-93.25193889,0,No Special Jurisdiction,12,Motor Vehicle In-Transport,2,Front-to-Front,0,No,1,Non-Junction,1,Not an Intersection,0,None,,,1,On Roadway,2,Dark - Not Lighted,,,,,2,Rain,0,No,0000000,Not Applicable,4,4:00am-4:59am,34,34,4,4:00am-4:59am,47,47,99,Unknown,99,Unknown EMS Hospital Arrival Time,,,,,,,1,
2023,27,270343,Minnesota,1,1,0,0,0,1,1,105,NOBLES (105),0,NOT APPLICABLE,9,9,12,December,2023,7,Saturday,6,6:00am-6:59am,50,50,1,This Section IS ON the NHS,1,Rural,1,Interstate,1,State Highway Agency,1,Interstate,I-90,,390,390,43.63789444,43.63789444,-95.688011110,-95.68801111,0,No Special Jurisdiction,1,Rollover/Overturn,0,The First Harmful Event was Not a Collision with a Motor Vehicle in Transport,0,No,1,Non-Junction,1,Not an Intersection,0,None,,,3,On Median,2,Dark - Not Lighted,,,,,4,Snow,0,No,0000000,Not Applicable,6,6:00am-6:59am,50,50,6,6:00am-6:59am,59,59,7,7:00am-7:59am,14,14,,,,,,,1,
2023,27,270344,Minnesota,1,1,0,0,0,1,1,145,STEARNS (145),0,NOT APPLICABLE,9,9,10,October,2023,2,Monday,15,3:00pm-3:59pm,55,55,0,This Section IS NOT on the NHS,6,Trafficway Not in State Inventory,96,Trafficway Not in State Inventory,96,Trafficway Not in State Inventory,96,Trafficway Not in State Inventory,355TH AVE,,99998,Not Reported,45.69073333,45.69073333,-94.849991670,-94.84999167,8,Other,42,Tree (Standing Only),0,The First Harmful Event was Not a Collision with a Motor Vehicle in Transport,0,No,1,Non-Junction,1,Not an Intersection,0,None,,,4,On Roadside,1,Daylight,,,,,1,Clear,0,No,0000000,Not Applicable,15,3:00pm-3:59pm,55,55,16,4:00pm-4:59pm,15,15,88,"Not Applicable (Not Transported) ",88,Not Applicable (Not Transported),,,,,,,1,
2023,27,270345,Minnesota,1,1,0,0,0,1,1,127,REDWOOD (127),0,NOT APPLICABLE,12,12,12,December,2023,3,Tuesday,20,8:00pm-8:59pm,39,39,0,This Section IS NOT on the NHS,1,Rural,5,Major Collector,2,County Highway Agency,4,County,CR-7 140TH STREET,,52,52,44.25526944,44.25526944,-95.350036110,-95.35003611,0,No Special Jurisdiction,35,Embankment,0,The First Harmful Event was Not a Collision with a Motor Vehicle in Transport,0,No,1,Non-Junction,1,Not an Intersection,0,None,,,4,On Roadside,2,Dark - Not Lighted,,,,,1,Clear,0,No,0000000,Not Applicable,20,8:00pm-8:59pm,40,40,20,8:00pm-8:59pm,55,55,88,"Not Applicable (Not Transported) ",88,Not Applicable (Not Transported),,,,,,,1,
2023,27,270346,Minnesota,1,1,0,1,1,1,1,163,WASHINGTON (163),6770,STILLWATER,25,25,4,April,2023,3,Tuesday,7,7:00am-7:59am,45,45,0,This Section IS NOT on the NHS,2,Urban,7,Local,4,City or Municipal Highway Agency,6,Municipal,MU-WILLIAM ST N,,1,1,45.05030833,45.05030833,-92.817913890,-92.81791389,0,No Special Jurisdiction,8,Pedestrian,0,The First Harmful Event was Not a Collision with a Motor Vehicle in Transport,0,No,1,Non-Junction,1,Not an Intersection,0,None,,,1,On Roadway,1,Daylight,,,,,1,Clear,0,No,0000000,Not Applicable,7,7:00am-7:59am,46,46,7,7:00am-7:59am,50,50,88,"Not Applicable (Not Transported) ",88,Not Applicable (Not Transported),,,,,,,1,
2023,27,270347,Minnesota,2,2,0,1,1,4,4,3,ANOKA (3),1492,COON RAPIDS,13,13,12,December,2023,4,Wednesday,20,8:00pm-8:59pm,2,2,0,This Section IS NOT on the NHS,2,Urban,4,Minor Arterial,2,County Highway Agency,4,County,CR-1 COON RAPIDS BLVD,MU-MISSISSIPPI BLVD NW,115,115,45.17362500,45.17362500,-93.343713890,-93.34371389,0,No Special Jurisdiction,8,Pedestrian,0,The First Harmful Event was Not a Collision with a Motor Vehicle in Transport,0,No,3,Intersection-Related,2,Four-Way Intersection,0,None,,,1,On Roadway,2,Dark - Not Lighted,,,,,1,Clear,0,No,0000000,Not Applicable,20,8:00pm-8:59pm,3,3,20,8:00pm-8:59pm,7,7,20,8:00pm-8:59pm,22,22,,,,,,,1,
2023,27,270348,Minnesota,1,1,0,0,0,3,3,123,RAMSEY (123),6330,ST. PAUL,3,3,12,December,2023,1,Sunday,1,1:00am-1:59am,58,58,0,This Section IS NOT on the NHS,2,Urban,4,Minor Arterial,2,County Highway Agency,4,County,CR-56 N MARION ST,MU-W CONCORDIA AVE,0,None,44.95031667,44.95031667,-93.109497220,-93.10949722,0,No Special Jurisdiction,33,Curb,0,The First Harmful Event was Not a Collision with a Motor Vehicle in Transport,1,Yes,3,Intersection-Related,2,Four-Way Intersection,0,None,,,12,Pedestrian Refuge Island or Traffic Island,3,Dark - Lighted,,,,,1,Clear,0,No,0000000,Not Applicable,1,1:00am-1:59am,58,58,2,2:00am-2:59am,10,10,2,2:00am-2:59am,22,22,,,,,,,1,
2023,27,270349,Minnesota,1,1,0,0,0,1,1,79,LE SUEUR (79),0,NOT APPLICABLE,15,15,12,December,2023,6,Friday,5,5:00am-5:59am,0,0,0,This Section IS NOT on the NHS,1,Rural,5,Major Collector,2,County Highway Agency,4,County,CR-11 221ST AVE,,63,63,44.27307778,44.27307778,-93.706916670,-93.70691667,0,No Special Jurisdiction,59,"Traffic Sign Support ",0,The First Harmful Event was Not a Collision with a Motor Vehicle in Transport,0,No,1,Non-Junction,1,Not an Intersection,0,None,,,4,On Roadside,2,Dark - Not Lighted,,,,,1,Clear,0,No,0000000,Not Applicable,88,Not Applicable (Not Notified),88,Not Applicable (Not Notified),88,Not Applicable,88,Not Applicable,88,"Not Applicable (Not Transported) ",88,Not Applicable (Not Transported),,,,,,,1,